said,1000
rick,382
one,219
isidore,172
would,171
like,165
could,155
rachael,149
get,141
know,141
back,133
thought,132
resch,130
android,127
time,123
way,111
go,108
got,108
pris,107
mercer,102
phil,96
think,95
see,93
never,92
want,91
mr,91
test,89
maybe,85
door,84
roy,81
asked,78
even,78
two,78
baty,78
bounty,78
right,77
animal,77
something,75
rosen,74
androids,71
take,71
luba,71
garland,71
police,71
deckard,71
us,70
car,70
polokov,69
bryant,69
face,68
still,68
going,67
man,67
made,67
found,66
let,64
apartment,64
luft,63
toward,60
life,59
three,59
old,58
felt,58
building,57
human,57
buster,57
well,57
tv,56
set,56
voice,56
come,56
nothing,56
long,56
hand,55
iran,55
new,55
say,54
first,54
almost,54
work,53
goat,53
dave,52
away,52
room,52
much,51
tell,51
another,50
good,50
irmgard,49
call,49
yes,49
eyes,49
sloat,49
nexus,49
anyhow,49
years,48
saw,48
look,48
really,47
dust,47
came,46
girl,46
last,46
anything,45
make,45
6,44
hall,44
hunter,43
spider,42
laser,42
kampff,42
earth,42
seemed,41
friendly,41
people,40
always,40
started,40
stood,40
empathy,40
probably,39
bed,39
living,39
voigt,38
okay,38
job,38
around,37
realized,37
day,37
miss,37
give,37
kill,36
become,36
heard,36
held,36
without,36
feel,36
put,35
left,35
course,34
told,34
department,34
hands,34
matter,34
box,34
inspector,34
every,34
knew,33
cat,33
opened,33
special,33
ever,33
already,33
officer,33
place,33
called,33
animals,32
else,32
home,32
roof,32
better,32
understand,32
tube,32
phone,32
must,32
andys,32
sure,32
happened,31
world,30
continued,30
office,30
retire,30
killed,30
small,29
fact,29
sheep,29
talk,29
seen,29
appeared,29
everything,29
oh,29
false,28
elevator,28
together,28
broke,28
picked,28
began,28
show,28
find,28
took,28
dial,28
wrong,27
alone,27
evidently,27
shut,27
war,27
real,27
need,27
mean,27
decided,27
scale,27
alive,27
today,27
wife,27
woman,27
hovercar,26
along,26
san,26
francisco,26
crams,26
within,26
eldon,26
yet,26
dead,26
done,26
taking,26
open,25
turned,25
briefcase,25
mars,25
watch,25
except,25
far,25
owl,25
live,24
across,24
milt,24
thing,24
little,24
least,24
use,24
reached,24
god,24
wanted,24
experience,24
head,24
someone,24
question,24
receiver,23
remained,23
used,23
association,23
body,23
times,23
gave,23
andy,23
sidney,23
name,23
r,23
electric,23
brain,23
care,22
listen,22
floor,22
ago,22
pointed,22
wonder,22
part,22
moment,22
barbour,22
beam,22
end,22
kipple,22
begun,22
feet,22
light,22
legs,21
gone,21
walked,21
mercerism,21
desk,21
remember,21
looking,21
mrs,21
moved,21
since,21
may,21
behind,21
enough,21
many,21
however,21
hung,21
nodded,21
later,21
table,21
vidphone,21
try,20
true,20
help,20
able,20
died,20
die,20
j,20
glanced,20
toad,20
figure,20
list,20
waiting,20
hunters,20
brought,19
unit,19
sheet,19
screen,19
standing,19
chickenhead,19
john,19
retired,19
soon,19
silence,19
humans,19
sound,19
several,19
opera,19
reaction,19
c,19
rest,18
next,18
tonight,18
seated,18
half,18
reflected,18
close,18
managed,18
either,18
hair,18
looked,18
holden,18
mood,18
guess,18
six,18
thousand,17
w,17
cage,17
husband,17
lot,17
taken,17
empty,17
keep,17
gray,17
group,17
side,17
waited,17
black,17
money,17
hour,17
hard,17
bull,17
onto,17
hear,17
dialed,17
turn,17
passed,17
superior,17
sky,17
inside,16
sat,16
expression,16
also,16
kitchen,16
read,16
ahead,16
deal,16
wait,16
morning,16
bottle,16
harness,16
kadalyi,16
gotten,16
point,16
big,16
finished,16
followed,16
handles,16
number,16
wondered,16
wilbur,16
carried,16
types,15
best,15
dollars,15
love,15
harry,15
night,15
holding,15
ceased,15
remaining,15
ask,15
exactly,15
type,15
arrived,15
mind,15
stop,15
entered,15
near,15
different,15
late,15
everyone,15
carefully,15
cut,15
eight,15
hospital,15
days,15
beside,15
coming,15
ten,15
arm,15
words,15
perhaps,15
showed,14
possibly,14
lay,14
eventually,14
year,14
price,14
tried,14
ought,14
lived,14
seem,14
seattle,14
marsten,14
reading,14
response,14
throughout,14
pet,14
others,14
minutes,14
white,14
case,14
worse,14
known,14
rather,14
might,14
questions,14
humanoid,14
nice,14
dropped,14
sit,14
getting,14
four,13
saying,13
possible,13
exist,13
watched,13
large,13
full,13
system,13
five,13
nobody,13
air,13
thanks,13
trying,13
stopped,13
control,13
attention,13
stratton,13
stay,13
testing,13
rock,13
important,13
house,13
salesman,13
although,13
presence,13
existed,13
picture,13
outside,13
trip,13
rose,13
hill,13
watching,13
book,13
tired,12
spot,12
truck,12
gestured,12
lives,12
upstairs,12
makes,12
bring,12
pause,12
means,12
chance,12
thinking,12
struck,12
business,12
start,12
hell,12
reason,12
justice,12
smiled,12
including,12
parked,12
friends,12
answer,12
hannibal,12
artificial,12
finally,12
eyed,12
especially,12
coat,12
idea,12
believe,12
sort,12
organ,12
otherwise,12
buy,12
returned,12
check,12
longer,12
suddenly,12
knows,12
glad,12
boneli,12
strange,12
sir,12
horace,12
ones,12
fingers,11
chair,11
dressing,11
past,11
sense,11
paper,11
whole,11
goddamn,11
move,11
owner,11
meant,11
word,11
law,11
fear,11
lifted,11
fusion,11
needles,11
p,11
familiar,11
amanda,11
death,11
month,11
nine,11
damn,11
dog,11
shoulder,11
fell,11
field,11
sitting,11
difference,11
purse,11
presently,11
depression,11
stared,11
shook,11
catalogue,11
says,11
emigrate,11
given,11
stairs,11
women,11
spoke,10
hold,10
feeling,10
things,10
leave,10
working,10
pass,10
pick,10
creature,10
bought,10
weeds,10
pilsen,10
great,10
bent,10
high,10
tone,10
wheel,10
cold,10
happen,10
calling,10
caught,10
3,10
informed,10
operator,10
poop,10
less,10
obviously,10
step,10
seeing,10
quality,10
key,10
bone,10
suppose,10
shop,10
fly,10
anyone,10
seat,10
sudden,10
absolutely,10
escaped,10
gear,10
soviet,10
corpse,10
female,10
wish,10
street,10
top,10
ran,10
descended,10
huge,10
plastic,10
stand,10
briefly,10
added,10
stones,10
understood,10
leaving,10
instead,10
afraid,10
abandoned,10
glass,9
met,9
conscious,9
ostrich,9
dark,9
seating,9
hours,9
rapidly,9
failed,9
squirrel,9
alarm,9
led,9
marrow,9
robot,9
realize,9
glasses,9
low,9
naturally,9
worth,9
indicated,9
coffee,9
hang,9
certainly,9
perceived,9
hurried,9
tomorrow,9
physically,9
comes,9
apartments,9
area,9
batys,9
loose,9
answered,9
horse,9
position,9
headed,9
ready,9
colonization,9
instance,9
reaching,9
surprise,9
turning,9
peculiar,9
folks,9
wearing,9
seven,9
handed,9
talked,9
rosens,9
sheets,9
radioactive,9
among,9
stepped,9
vidscreen,9
fine,9
pen,9
climb,9
radio,9
news,9
n,9
setting,9
memory,9
pre,9
contract,9
color,9
direction,9
short,9
gauges,9
mission,9
notes,9
opening,9
wall,9
gets,9
whether,9
person,8
rolled,8
minute,8
address,8
natural,8
quite,8
worried,8
breath,8
reflex,8
smile,8
company,8
intended,8
swiftly,8
sex,8
movie,8
pressed,8
virtually,8
hello,8
carrying,8
truth,8
bedroom,8
hope,8
schedule,8
stage,8
variety,8
somewhere,8
emigrated,8
genuine,8
manifested,8
save,8
physical,8
trouble,8
window,8
worry,8
jarry,8
pushed,8
experienced,8
usual,8
meanwhile,8
whatever,8
button,8
completely,8
empathic,8
klugman,8
immediately,8
museum,8
arms,8
personal,8
bag,8
bad,8
form,8
specials,8
penfield,8
adhesive,8
fast,8
pain,8
shot,8
killers,8
killing,8
broken,8
particular,8
existence,8
walls,8
mental,8
extended,8
twenty,8
supposed,8
ruin,8
cup,8
bit,8
planet,8
putting,8
entire,8
bones,8
approached,8
loved,8
snapped,8
tomb,8
path,8
talking,8
laughed,8
despite,8
report,8
goes,8
water,8
thirty,8
werner,8
rising,8
calls,8
awful,8
flat,8
became,8
cheek,8
interrupted,8
knowing,8
closed,8
conapt,7
leaning,7
explained,7
absolute,7
wind,7
enormous,7
carbon,7
pondered,7
vet,7
understanding,7
future,7
altered,7
extinct,7
wants,7
power,7
hunting,7
puzzled,7
sent,7
authentic,7
nervously,7
gazed,7
sometimes,7
lombard,7
fire,7
listening,7
eager,7
sight,7
results,7
shrugged,7
magic,7
gathered,7
illegal,7
halted,7
ship,7
device,7
bourbon,7
temporarily,7
problem,7
earlier,7
lab,7
family,7
asking,7
interval,7
hesitated,7
heart,7
shows,7
impossible,7
notice,7
amp,7
evening,7
heavy,7
circuits,7
believed,7
examining,7
crossed,7
hit,7
resumed,7
final,7
claim,7
ascended,7
neither,7
sensed,7
surface,7
examined,7
noticed,7
piece,7
sorry,7
lights,7
dry,7
owls,7
twisted,7
interest,7
attached,7
drive,7
dim,7
run,7
filled,7
everybody,7
entity,7
peered,7
correct,7
speaking,7
silently,7
blurred,7
deep,7
u,7
eye,7
remain,7
sharp,7
pleasure,7
difficulty,7
please,7
yesterday,7
remembered,7
forward,7
payment,7
corporation,7
free,7
donkey,7
though,7
dinner,7
removed,7
level,7
1,7
wide,7
ability,7
colony,7
ness,7
accepted,7
synthetic,7
weight,7
ersatz,7
hotel,7
kind,7
goats,7
flight,7
edge,7
warning,7
alien,7
g,7
ho,7
agreed,7
identification,7
joy,7
present,7
fired,7
van,7
yellow,6
singer,6
busy,6
rice,6
score,6
worked,6
split,6
desire,6
slightly,6
administer,6
beings,6
studied,6
fake,6
angry,6
detached,6
city,6
depressed,6
bright,6
twin,6
situation,6
certain,6
al,6
attitude,6
smiling,6
research,6
self,6
suburbs,6
firm,6
using,6
couple,6
repair,6
specifically,6
line,6
age,6
young,6
odd,6
apparatus,6
bird,6
decay,6
government,6
strode,6
disk,6
order,6
forth,6
forced,6
cop,6
easy,6
months,6
elderly,6
gun,6
usually,6
paused,6
ended,6
entirely,6
silent,6
mostly,6
fifty,6
discovered,6
developed,6
poor,6
absence,6
hundred,6
lit,6
clean,6
grew,6
rested,6
required,6
meet,6
located,6
shaking,6
upward,6
fathom,6
upset,6
slowly,6
dressed,6
kissed,6
affect,6
clothes,6
force,6
went,6
features,6
mine,6
panel,6
picking,6
basis,6
tiny,6
id,6
grown,6
thoughts,6
regarded,6
tears,6
effort,6
drawer,6
stricken,6
track,6
paid,6
rehearsal,6
nearly,6
declared,6
according,6
running,6
consisted,6
colonial,6
pockets,6
creatures,6
public,6
none,6
groped,6
statement,6
b,6
simply,6
shape,6
knock,6
named,6
closing,6
profile,6
chief,6
unless,6
value,6
bug,6
blue,6
selected,6
settled,6
rang,6
scissors,6
fixedly,6
fashion,6
automatic,6
faced,6
quickly,6
suggest,6
cycle,6
shortly,6
percheron,6
departed,6
specific,6
ear,6
state,6
considered,6
included,6
program,6
store,6
reach,6
intelligence,6
recently,6
moving,6
anybody,6
apt,6
motor,6
panic,6
swindle,6
agencies,6
supply,6
attractive,6
spiders,5
hanging,5
second,5
replace,5
example,5
ate,5
clicked,5
child,5
happy,5
protested,5
smell,5
roll,5
ground,5
junk,5
films,5
instantly,5
million,5
besides,5
stuffed,5
equipped,5
standpoint,5
hey,5
complete,5
agree,5
condition,5
male,5
trade,5
missed,5
major,5
murmured,5
barren,5
palm,5
imitation,5
race,5
leg,5
involved,5
doubt,5
pencil,5
slid,5
slip,5
produced,5
degrees,5
accompanied,5
owned,5
clearly,5
mechanism,5
tape,5
handle,5
wire,5
glared,5
lift,5
bewildered,5
pinch,5
machines,5
highly,5
glance,5
total,5
standard,5
electronic,5
manner,5
dr,5
unable,5
evil,5
intercom,5
reflexively,5
borogrove,5
emotional,5
supplement,5
curse,5
change,5
market,5
intently,5
social,5
ed,5
yeah,5
space,5
drove,5
dream,5
german,5
touch,5
cortot,5
actually,5
beyond,5
issue,5
inert,5
straightened,5
undergo,5
salary,5
clear,5
abruptly,5
liked,5
authority,5
structure,5
remains,5
immoral,5
front,5
admit,5
addition,5
lost,5
lose,5
chickenheads,5
pardon,5
contained,5
drew,5
expose,5
toads,5
leaned,5
explain,5
bay,5
snuff,5
basic,5
personally,5
wanting,5
intellectual,5
initial,5
generally,5
aware,5
teeth,5
skin,5
raccoon,5
making,5
california,5
advance,5
cheese,5
protected,5
whispered,5
offered,5
pay,5
pad,5
4,5
onionskin,5
facing,5
seconds,5
downstairs,5
retiring,5
forget,5
operating,5
town,5
possessions,5
couch,5
flute,5
hillside,5
violently,5
encountered,5
organization,5
matters,5
often,5
switchboard,5
sink,5
collection,5
greater,5
ancient,5
cabin,5
throat,5
tests,5
admitted,5
assuming,5
currier,5
repeated,5
wise,5
rabbits,5
description,5
aloud,5
laid,5
fiction,5
situations,5
approach,5
bathroom,5
wound,5
dials,5
evolved,5
thousands,5
nodding,5
legally,5
gives,5
senior,5
written,5
reveal,5
hardly,5
furniture,5
insurance,5
separate,5
horses,5
swung,5
cigarette,5
lying,5
wrote,5
arc,5
various,5
flies,5
due,5
built,5
lower,5
margarine,5
possession,5
patrol,5
tension,5
flew,5
organic,5
class,5
pleased,5
cube,5
walk,5
bending,5
console,5
universe,5
sick,5
machine,4
hot,4
keeps,4
wine,4
fix,4
series,4
wasp,4
service,4
rummaged,4
doors,4
object,4
mouth,4
pocket,4
fair,4
smelled,4
demanded,4
memorial,4
emphatic,4
boiled,4
east,4
unique,4
steps,4
plucked,4
magazines,4
proves,4
intend,4
choice,4
everywhere,4
originally,4
abortion,4
constituted,4
possibility,4
aboard,4
intuition,4
vote,4
nubian,4
buried,4
note,4
destroy,4
peaches,4
suitcases,4
ants,4
wires,4
fished,4
neighbor,4
luck,4
burning,4
pamina,4
sank,4
contrast,4
beautiful,4
states,4
dress,4
helplessly,4
blond,4
sell,4
cover,4
dragged,4
factor,4
cry,4
available,4
awake,4
representative,4
viewing,4
surprised,4
suffering,4
formal,4
individuals,4
wrinkled,4
mankind,4
robots,4
fresh,4
send,4
indicating,4
marry,4
defeat,4
carbons,4
touched,4
pieces,4
tied,4
beneath,4
thrust,4
stomach,4
stars,4
bother,4
rough,4
listened,4
replacement,4
lowered,4
searched,4
wore,4
green,4
break,4
rocks,4
reasonable,4
sliding,4
contents,4
personality,4
runs,4
analytical,4
observed,4
terms,4
warmth,4
mistake,4
kept,4
contact,4
spread,4
lashes,4
born,4
tetanus,4
strangely,4
fight,4
dying,4
switched,4
guy,4
appear,4
uniform,4
extra,4
colt,4
forms,4
directly,4
checked,4
friend,4
television,4
equipment,4
professional,4
burst,4
asleep,4
proved,4
muttered,4
suspected,4
finish,4
early,4
fortune,4
stare,4
assumed,4
curiously,4
administered,4
desolation,4
carpenter,4
darkness,4
strong,4
aimed,4
snipped,4
stayed,4
weapon,4
eaten,4
pictures,4
battery,4
showing,4
signal,4
lips,4
manufacture,4
registered,4
sounded,4
assignments,4
win,4
fatigue,4
costume,4
mentioned,4
littered,4
exhibit,4
fallout,4
parts,4
single,4
glowed,4
loss,4
necessary,4
page,4
shakily,4
recognized,4
additional,4
north,4
mozart,4
star,4
vast,4
moral,4
landscape,4
weeks,4
arrested,4
taught,4
modern,4
coast,4
ears,4
subject,4
confronted,4
iq,4
defeated,4
dear,4
frightened,4
inspected,4
happening,4
walking,4
round,4
suspect,4
clerk,4
merely,4
groucho,4
clever,4
neck,4
thank,4
interesting,4
listing,4
mail,4
carry,4
undoubtedly,4
14,4
awareness,4
stretched,4
capable,4
wake,4
munch,4
climbing,4
peace,4
manufacturer,4
meaning,4
quietly,4
planets,4
fall,4
landed,4
needs,4
blood,4
pregnant,4
members,4
creased,4
simple,4
bill,4
replaced,4
corridor,4
task,4
decision,4
pneumonitis,4
lasered,4
prepared,4
bleeding,4
lines,4
red,4
afterward,4
secretary,4
south,4
comfortable,4
apparently,4
incentive,4
grabbed,4
fixed,4
pattern,4
routine,4
nudged,4
instant,4
laugh,4
tense,4
flashlight,4
works,4
soft,4
actual,4
sleep,4
hate,4
violate,4
risk,4
fireplace,4
hide,4
property,4
changed,4
prints,4
boomed,4
metal,4
swept,4
weak,4
boss,4
protect,4
drugs,4
apart,4
plus,4
sometime,4
vanished,4
vigorously,4
neighbors,4
charge,4
sighed,4
philippines,4
handled,4
employee,4
cases,4
lonely,4
factors,4
released,4
cleared,4
uncle,4
detect,4
period,4
6s,4
cash,4
cast,4
determine,4
regard,4
grasp,4
rubber,4
follow,4
occasionally,4
style,4
hunted,4
measured,4
activity,4
bare,4
declined,4
reasons,4
frantic,4
higher,4
analysis,4
bounced,4
breasts,4
noted,4
concluded,4
wrist,4
crawling,4
looks,4
covered,4
material,4
crept,4
view,4
acquired,4
closer,4
crude,4
wild,4
rapid,4
perpetual,4
searching,4
wheelright,4
lead,4
transfer,4
trailing,4
bringing,3
reported,3
strewn,3
k,3
music,3
travel,3
needed,3
eagerly,3
shall,3
spilling,3
patch,3
blew,3
fail,3
men,3
planned,3
union,3
elaborate,3
remembering,3
eighteen,3
shadow,3
continue,3
despair,3
dealer,3
role,3
chain,3
perch,3
spiritual,3
sign,3
current,3
yards,3
wondering,3
afford,3
oregon,3
st,3
records,3
entering,3
inhaled,3
bite,3
fooled,3
aside,3
printed,3
vision,3
jobs,3
faded,3
residence,3
loudly,3
formed,3
former,3
ives,3
dubious,3
breakdown,3
vacant,3
zion,3
vague,3
lobster,3
memories,3
stone,3
original,3
ceramic,3
weariness,3
debris,3
sang,3
prior,3
knocked,3
stated,3
rustled,3
information,3
reactions,3
operation,3
imagine,3
owners,3
departmental,3
mutilated,3
occupation,3
thou,3
barely,3
monthly,3
acceptance,3
agitation,3
decor,3
construct,3
clutched,3
pale,3
momentary,3
benefit,3
cupped,3
legal,3
concerned,3
index,3
ah,3
thin,3
pair,3
wristwatch,3
perfect,3
books,3
shorts,3
gently,3
illuminated,3
mechanical,3
painting,3
pistol,3
staring,3
poured,3
waste,3
ball,3
upon,3
colts,3
identity,3
shuddered,3
immortal,3
shone,3
laboring,3
function,3
count,3
official,3
excitement,3
placed,3
illusion,3
veil,3
protection,3
items,3
reasonably,3
medicine,3
detecting,3
created,3
responded,3
adequate,3
covering,3
ackers,3
uninhabited,3
ill,3
fuse,3
guessed,3
dimly,3
interested,3
upper,3
cost,3
marked,3
rarely,3
envelope,3
progressively,3
birds,3
vicinity,3
emigrants,3
servant,3
january,3
en,3
shown,3
accomplish,3
receiving,3
card,3
remotely,3
distorted,3
breakfast,3
america,3
forever,3
steady,3
concern,3
article,3
nearby,3
soil,3
severe,3
verbal,3
assembly,3
deranged,3
grated,3
fraud,3
momentarily,3
flattening,3
manager,3
amount,3
trained,3
species,3
bugs,3
food,3
foot,3
steered,3
unnatural,3
safety,3
ash,3
terrible,3
terribly,3
shifted,3
trapped,3
useless,3
approved,3
tonga,3
northern,3
pretty,3
schizophrenic,3
missing,3
zipped,3
likes,3
dialing,3
pace,3
economic,3
pried,3
shiny,3
russian,3
dull,3
info,3
similar,3
e,3
stiff,3
selecting,3
stance,3
commercial,3
focused,3
canals,3
whisky,3
instinctively,3
mad,3
torment,3
floundered,3
awe,3
impression,3
based,3
fuel,3
tossed,3
operated,3
tend,3
importance,3
blinked,3
quit,3
tapped,3
accurate,3
distant,3
burden,3
brushstrokes,3
equally,3
brusquely,3
francis,3
neutral,3
technician,3
stories,3
unsteadily,3
consists,3
whose,3
void,3
frozen,3
superiors,3
likely,3
cardboard,3
calm,3
survive,3
pride,3
attempt,3
third,3
differently,3
glazed,3
forgot,3
conjectured,3
ascending,3
hollywood,3
nail,3
niece,3
annoyed,3
patted,3
pebbles,3
suggested,3
deeper,3
study,3
fakes,3
colonies,3
opportunity,3
changes,3
identify,3
manual,3
tripped,3
inquiringly,3
afternoon,3
nerve,3
landing,3
assume,3
milk,3
depend,3
item,3
dealing,3
makeup,3
french,3
visit,3
downtown,3
wallet,3
growing,3
max,3
grow,3
touching,3
miles,3
sounds,3
allegedly,3
channel,3
satisfied,3
conjunction,3
subtype,3
cautiously,3
ized,3
mark,3
codpiece,3
gripped,3
audience,3
nose,3
ascend,3
pasture,3
ascent,3
arranged,3
deer,3
imagination,3
grasped,3
cables,3
personnel,3
starting,3
compare,3
cephalic,3
faculty,3
evade,3
acting,3
smoothed,3
bunter,3
mountain,3
eggs,3
frankly,3
individual,3
expensive,3
prices,3
raw,3
purpose,3
spent,3
echoing,3
semi,3
pelt,3
directed,3
aversion,3
desert,3
crow,3
giving,3
talent,3
proof,3
private,3
train,3
tattered,3
account,3
tag,3
obvious,3
lamp,3
bothered,3
italics,3
willing,3
struggled,3
warned,3
announcer,3
mate,3
fourteen,3
owning,3
venturing,3
pausing,3
disease,3
fumbled,3
handsome,3
inferior,3
bean,3
progress,3
slammed,3
center,3
match,3
band,3
ways,3
penetrating,3
phoned,3
verdant,3
rise,3
enjoy,3
guardedly,3
emptiness,3
christ,3
feelings,3
visible,3
diminished,3
enter,3
oysters,3
destroyed,3
wildly,3
toe,3
ceiling,3
perfectly,3
beard,3
handkerchief,3
enterprise,3
random,3
finger,3
wear,3
irregular,3
biologically,3
trust,3
expected,3
glided,3
catch,3
satellite,3
possessed,3
greatest,3
advanced,3
appearing,3
offices,3
hunt,3
disappeared,3
metabolism,3
papers,3
tie,3
serious,3
advantage,3
unfamiliar,3
cook,3
impressive,3
obsolete,3
slowed,3
distaste,3
weird,3
judy,3
slightest,3
vital,3
offers,3
term,3
possibilities,3
attracted,3
population,3
oats,3
ann,3
rent,3
wandered,3
resembling,3
crime,3
regarding,3
shivered,3
scavengers,3
careful,3
mount,3
reminded,3
week,3
persons,3
relief,3
model,3
eternity,3
leningrad,3
slice,3
moon,3
nails,3
instruments,3
cursed,3
spinal,3
rubbed,3
trash,3
fat,3
rate,3
sun,3
brief,3
faint,3
absently,3
breaking,3
pretext,3
expect,3
effect,3
circuit,3
feed,3
finding,3
achieved,3
sold,3
sole,3
finds,3
shirt,3
thevoigt,3
flown,3
fragments,3
range,3
conceivably,3
peering,3
dealt,3
degree,3
larger,3
posing,3
saturated,3
contaminated,3
orange,3
transmitter,3
cerebral,3
york,3
accent,3
indistinct,3
savagely,3
chicken,3
spun,3
distantly,3
superb,3
painted,3
scrutiny,3
hmm,3
inconspicuous,3
largest,3
english,3
rocked,3
earnestly,3
identical,3
press,3
scared,3
leaf,3
fused,3
rare,3
record,3
mutual,3
percent,3
leisurely,2
wavered,2
ornate,2
scraped,2
reports,2
sexual,2
populations,2
successful,2
hurt,2
midst,2
morally,2
locked,2
plunged,2
organized,2
groaned,2
typed,2
fie,2
hidden,2
ached,2
unfuse,2
prattled,2
sensory,2
faculties,2
wash,2
master,2
listed,2
critter,2
bitter,2
wisdom,2
endure,2
sailed,2
absorbed,2
wespe,2
cops,2
scream,2
insects,2
participate,2
underpants,2
bliss,2
rich,2
stammered,2
respond,2
resigned,2
stamps,2
irm,2
schwarzkopf,2
nature,2
country,2
logic,2
kids,2
professionally,2
player,2
effortlessly,2
echoed,2
simulated,2
snout,2
han,2
spine,2
commonplace,2
shakes,2
fish,2
disorder,2
sol,2
support,2
manufacturers,2
congratulations,2
proven,2
somebody,2
females,2
hurled,2
smelling,2
apts,2
hole,2
gloomy,2
stays,2
exact,2
team,2
unaware,2
falling,2
dusty,2
wherever,2
prefer,2
logically,2
tightly,2
scratched,2
deserved,2
following,2
cardiac,2
varieties,2
deviant,2
apron,2
smarter,2
twilight,2
turtle,2
complicated,2
saving,2
ripping,2
wrath,2
waist,2
russia,2
illness,2
argument,2
sad,2
knee,2
sale,2
federal,2
imagined,2
slow,2
prime,2
foul,2
icily,2
spark,2
west,2
defined,2
collided,2
readings,2
squeezed,2
verified,2
costa,2
inaudibly,2
manifold,2
subform,2
vacuum,2
sensational,2
clad,2
discarded,2
thinks,2
belched,2
noon,2
restoring,2
ach,2
slender,2
act,2
image,2
parties,2
technically,2
sealed,2
hem,2
survived,2
rage,2
introspection,2
tight,2
mash,2
consider,2
tu,2
tail,2
joined,2
clock,2
method,2
revealing,2
action,2
via,2
depart,2
vid,2
corrected,2
tested,2
keeping,2
merriwell,2
learn,2
accept,2
station,2
plant,2
register,2
skipped,2
shocking,2
aeroflot,2
risen,2
slipped,2
guest,2
omnipresent,2
defect,2
gold,2
blended,2
enemy,2
tottering,2
obscure,2
tree,2
hoarsely,2
currently,2
renewed,2
connection,2
load,2
drunk,2
hollow,2
resting,2
reliable,2
admire,2
hoping,2
funny,2
cigar,2
recent,2
concrete,2
parents,2
location,2
emergency,2
horst,2
dating,2
agreement,2
santa,2
obscured,2
custom,2
suit,2
spat,2
archaic,2
rolling,2
imploringly,2
faintly,2
land,2
menace,2
jurisdiction,2
garden,2
594,2
video,2
fifteen,2
opinion,2
confidence,2
zip,2
eleven,2
duplicate,2
occurred,2
retreated,2
process,2
rode,2
ideology,2
destroying,2
intelligent,2
varies,2
thieves,2
outlined,2
traced,2
sniffing,2
expectantly,2
fundamentally,2
venom,2
ignominious,2
scent,2
buoyed,2
cuticle,2
sergeant,2
painful,2
steel,2
reproduction,2
collecting,2
chablis,2
atmosphere,2
entities,2
h,2
stuff,2
ends,2
notion,2
figured,2
hardware,2
concealed,2
drink,2
flesh,2
glum,2
rooms,2
hauled,2
unplugged,2
toyed,2
crack,2
stooped,2
bulge,2
literally,2
pressure,2
gained,2
mere,2
startled,2
delivery,2
compute,2
recognize,2
compared,2
prodded,2
desirable,2
saved,2
ebbed,2
investigator,2
specs,2
established,2
officially,2
employees,2
angrily,2
bra,2
administering,2
giovanni,2
worn,2
song,2
ladder,2
lap,2
worst,2
infested,2
production,2
harmony,2
bang,2
jesus,2
forty,2
unspecified,2
thoughtfully,2
thick,2
rated,2
happily,2
wasted,2
subjects,2
involving,2
circled,2
deeply,2
painfully,2
squirmed,2
congealed,2
cow,2
con,2
speak,2
gratitude,2
dumped,2
tugged,2
descend,2
board,2
progressed,2
hairless,2
peninsula,2
reset,2
reality,2
autonomic,2
convincing,2
alertly,2
loyal,2
paced,2
stick,2
permanently,2
terror,2
seemingly,2
feeble,2
fragile,2
regained,2
discover,2
penetrated,2
shared,2
prove,2
super,2
clue,2
bits,2
chip,2
chin,2
write,2
gaping,2
deteriorate,2
lifting,2
consulting,2
reacting,2
halt,2
discuss,2
ex,2
advantages,2
plodded,2
blind,2
flying,2
size,2
jutted,2
offering,2
offer,2
begin,2
stained,2
whisked,2
spore,2
actively,2
suspects,2
whipped,2
briskly,2
emigrant,2
reluctantly,2
vuz,2
cared,2
wheezing,2
floating,2
amiably,2
document,2
noble,2
squatted,2
taxi,2
valuable,2
nocturnal,2
oblivion,2
downward,2
unlocked,2
sixth,2
heater,2
shrinking,2
cats,2
rump,2
beamed,2
sales,2
moves,2
antenna,2
doubted,2
religious,2
carpet,2
dreadful,2
auckland,2
horror,2
souls,2
decide,2
witnessed,2
learned,2
excess,2
exceptionally,2
takes,2
revelation,2
grimly,2
excuse,2
mounted,2
history,2
stinging,2
reluctance,2
groping,2
anticipated,2
trailed,2
fully,2
7,2
expecting,2
elder,2
unexpected,2
wonderful,2
merciless,2
selling,2
888,2
lid,2
lie,2
trance,2
lip,2
hallucinatory,2
flicker,2
flicked,2
circle,2
famous,2
pretending,2
imitating,2
involuntarily,2
distinguish,2
sensitive,2
forgotten,2
maintenance,2
collected,2
partly,2
recalled,2
rope,2
alike,2
olden,2
retirement,2
damage,2
manifest,2
crawled,2
swooped,2
creation,2
faith,2
achievement,2
reseated,2
skull,2
electrical,2
calculating,2
drab,2
practically,2
clenched,2
requires,2
cluttered,2
wave,2
telling,2
boots,2
jump,2
booth,2
cell,2
products,2
apprehensive,2
singing,2
drops,2
skirt,2
entree,2
brittle,2
brood,2
documented,2
measure,2
sandor,2
unlawful,2
darkly,2
hostile,2
route,2
powerful,2
revealed,2
fuzzy,2
photograph,2
defense,2
imalila,2
distinguished,2
bet,2
border,2
darkened,2
connected,2
plague,2
violation,2
anyway,2
thalamic,2
dangerous,2
solitary,2
career,2
minds,2
invisible,2
cent,2
immense,2
treat,2
shoulders,2
controlled,2
releasing,2
troubled,2
resident,2
experimented,2
mistaken,2
skill,2
shed,2
library,2
enlargements,2
papes,2
instinct,2
freedom,2
tongue,2
cricket,2
hi,2
gain,2
signed,2
inquired,2
display,2
functions,2
stag,2
grunted,2
knelt,2
aud,2
heading,2
tapes,2
taper,2
oozed,2
fantastic,2
guests,2
drowned,2
oscar,2
warn,2
somber,2
unmarked,2
huskily,2
twitching,2
massive,2
banged,2
accusatory,2
bony,2
crucial,2
resume,2
solemnly,2
scribbled,2
bitterness,2
mint,2
chest,2
regular,2
definitely,2
principle,2
hunger,2
deftly,2
stepping,2
folded,2
earn,2
softly,2
weary,2
asks,2
trigger,2
iz,2
shame,2
faked,2
mouse,2
disappear,2
potentially,2
belly,2
filtered,2
bells,2
evolve,2
kit,2
failing,2
claims,2
consciousness,2
sentence,2
anders,2
legion,2
outright,2
whichever,2
background,2
dignity,2
nude,2
bullfight,2
slavic,2
magazine,2
automatically,2
formerly,2
amounted,2
failure,2
fashioned,2
awhile,2
billion,2
pseudo,2
restored,2
string,2
patrolman,2
miniaturized,2
stem,2
boy,2
institute,2
genuinely,2
useful,2
swiveled,2
soul,2
confused,2
pink,2
pine,2
pure,2
tile,2
staying,2
johnson,2
switch,2
hailed,2
tall,2
disclosure,2
policy,2
rattled,2
possess,2
girt,2
canada,2
emerged,2
lag,2
rachel,2
broadcast,2
gathering,2
appreciate,2
clung,2
performance,2
switching,2
roused,2
triggering,2
trotted,2
bedside,2
stupid,2
checks,2
august,2
considering,2
ignition,2
sincere,2
middle,2
doctor,2
businesslike,2
amazed,2
affair,2
aspect,2
pile,2
grip,2
shadows,2
underwriting,2
aiming,2
maintained,2
filling,2
measuring,2
manufactured,2
preoccupied,2
pretends,2
shroud,2
film,2
tackle,2
481,2
remote,2
haired,2
capillary,2
biological,2
splashed,2
lawyer,2
component,2
search,2
narrow,2
barked,2
distinct,2
wiped,2
dey,2
guards,2
dazed,2
abandon,2
acts,2
sacred,2
questioning,2
breastplates,2
mercerite,2
responsibility,2
perpetually,2
industrial,2
bosom,2
noticing,2
struggling,2
mystery,2
deteriorated,2
energy,2
crouched,2
pleasant,2
psychiatrists,2
muscles,2
sensation,2
declare,2
emanation,2
aged,2
schizoid,2
depending,2
nonkipple,2
organism,2
particularly,2
giant,2
nervous,2
convoluted,2
courage,2
cynical,2
reverse,2
powers,2
tapered,2
roved,2
suggests,2
vagus,2
assignment,2
organically,2
irritably,2
irritable,2
letting,2
deliberately,2
ganglia,2
follows,2
grave,2
hopes,2
curd,2
cure,2
plugged,2
strolled,2
fatal,2
shock,2
ride,2
clipboard,2
exchange,2
objects,2
extreme,2
respiration,2
drank,2
names,2
beefed,2
3967,2
contempt,2
grimaced,2
stock,2
buildings,2
specifications,2
frowning,2
babyhide,2
horns,2
whereon,2
winning,2
cutting,2
february,2
gazing,2
furiously,2
slumped,2
flushing,2
redialed,2
thereupon,2
frank,2
observer,2
sixteenth,2
acquire,2
dreary,2
coughed,2
amplitude,2
gingerly,2
staff,2
knowledge,2
mug,2
photographs,2
yearning,2
intensity,2
deliver,2
overcoat,2
telepathic,2
perplexed,2
received,2
appearance,2
file,2
haunches,2
proxima,2
neural,2
knotty,2
muscle,2
tough,2
ads,2
citizen,2
worlds,2
elapsed,2
displaced,2
proper,2
stuffy,2
happens,2
noise,2
eine,2
resembled,2
congruity,2
multicolored,2
claiming,2
detail,2
bundle,2
acknowledgment,2
limited,2
sleek,2
muzzle,2
encounter,2
hundreds,2
morosely,2
scruggs,2
grief,2
pouch,2
returning,2
actuality,2
badly,2
poked,2
ultimate,2
unsteady,2
unzipped,2
diseases,2
frantically,2
driving,2
psychic,2
aloneness,2
carcass,2
eternal,2
heck,2
primary,2
philosophical,2
tool,2
relatively,2
oriented,2
reversed,2
glimpsed,2
coin,2
hostility,2
anxiously,2
twice,2
continually,2
ailed,2
discovery,2
sipped,2
bureaucratic,2
stopping,2
cracked,2
erratically,2
procedure,2
containing,2
greeted,2
characters,2
boxes,2
functionally,2
furry,2
descending,2
judge,2
bath,2
stuck,2
attempted,2
heat,2
heap,2
trim,2
tin,2
remarkable,2
regulars,2
row,2
quick,2
papageno,2
emerge,2
morale,2
chairs,2
smudged,2
conductor,2
dismal,2
vigor,2
meager,2
glancing,2
constituents,2
motions,2
realism,2
factory,2
recharge,2
flare,2
motion,2
childhood,2
surviving,2
awfully,2
clumsy,2
trillion,2
copy,2
require,2
overtones,2
pry,2
hungry,2
cheap,2
wood,2
fails,2
harshly,2
region,2
quiet,2
filtering,2
insist,2
satisfaction,2
engine,2
shops,2
promised,2
punched,2
driver,2
muffled,2
reward,2
bodies,2
guided,2
mongoose,2
blow,2
announcement,2
seems,2
scheduled,2
carpeting,2
kills,2
oddly,2
substandard,2
reduced,2
stagehand,2
baffled,2
alleged,2
deteriorating,2
faster,2
terminus,2
taste,2
toiled,2
booked,2
odds,2
crumpled,2
scrappy,2
dish,2
settlement,2
stimulus,2
rats,2
functioning,2
hesitation,2
sum,2
version,2
discern,2
proceed,2
rustic,2
numb,2
departure,2
jabbed,2
instructions,2
needless,2
braided,2
attendant,2
catalepsy,2
mountibank,2
leading,2
grimy,2
pump,2
compartment,2
double,2
dried,2
measures,2
react,2
prestige,2
dealers,2
windows,2
institutions,2
dilation,2
grazed,2
babble,2
banquet,2
art,2
libraries,2
dug,2
apprehensively,2
stolen,2
fading,2
tables,2
tormented,2
systematically,2
collect,2
hurriedly,2
gradually,2
intense,2
lifeless,2
warmed,2
holster,2
drifted,2
extremely,2
conceivable,2
sections,2
perplexing,2
consist,2
fluctuations,2
freak,2
peach,2
generated,2
posters,2
departments,2
breathing,2
wished,2
posture,2
someday,2
smaller,2
malice,2
capital,2
pushing,2
scales,2
salander,2
fed,2
frog,2
inclined,2
topic,2
panted,2
anywhere,2
archetypal,2
locking,2
hazard,2
flapped,2
glee,2
crash,2
fled,2
tenant,2
conversation,2
hence,2
tacked,2
echo,2
listless,2
doomed,2
wanly,2
isolation,2
patients,2
fowl,2
gloomily,2
angle,2
agency,2
pharmacist,2
statute,2
utter,2
clothbound,2
buzzed,2
pants,2
swift,2
thumbed,2
puberty,2
hovering,2
radiation,2
inch,2
lobby,2
incredible,2
fighting,2
routinely,2
rocket,2
smart,2
ahem,2
lean,2
leader,2
locate,2
murderer,2
surge,2
owe,2
weather,2
promise,2
squeeze,2
buffy,2
wimple,2
conclusion,2
illegally,2
circuitry,1
ultimatley,1
electricity,1
superficially,1
lord,1
shaving,1
sinking,1
retail,1
persisted,1
woods,1
glassy,1
elegant,1
valiant,1
shrugging,1
tether,1
tensely,1
marching,1
herd,1
cult,1
calculate,1
climbed,1
dahiink,1
divide,1
remnant,1
moth,1
therefore,1
dns,1
menthol,1
paperwork,1
unpack,1
circumstances,1
blade,1
leaped,1
apoplexy,1
melons,1
malign,1
drying,1
feature,1
hop,1
classify,1
uselessness,1
beauty,1
quips,1
warmthless,1
effective,1
attracts,1
fleetingly,1
headquarters,1
cigarettes,1
specks,1
handcuff,1
fit,1
screaming,1
survivors,1
distinguishing,1
easier,1
unper,1
effects,1
mimicking,1
silver,1
ebullient,1
represents,1
merrily,1
crops,1
poisonous,1
expectancy,1
snakes,1
bowls,1
laboratory,1
blinded,1
ro,1
assured,1
succession,1
elsewhere,1
estimate,1
exposing,1
eared,1
musicians,1
speedy,1
resetting,1
subtlety,1
incerta,1
sublistings,1
blossoms,1
understan,1
exulted,1
advisement,1
motionless,1
predictable,1
crawl,1
eradicating,1
rusty,1
idly,1
shower,1
exclaimed,1
acquisition,1
groaning,1
shyly,1
craven,1
dozed,1
sterile,1
metallic,1
causing,1
defiantly,1
diminishing,1
doit,1
splinter,1
conceded,1
eyeless,1
lethal,1
bust,1
bush,1
heartily,1
emphatically,1
reversal,1
relish,1
release,1
mandatory,1
peripheral,1
bled,1
pads,1
rings,1
preserve,1
extent,1
tyranny,1
unbuttoned,1
gleaming,1
humming,1
slay,1
bothers,1
undistinguished,1
pro,1
eastern,1
contemplated,1
employ,1
played,1
trusted,1
credit,1
mummified,1
cllass,1
electro,1
josef,1
notepaper,1
seamed,1
haggard,1
outby,1
coldness,1
echoes,1
corporate,1
plaque,1
opinions,1
financially,1
plight,1
rushing,1
ease,1
hay,1
innocent,1
survival,1
disagreement,1
clustered,1
massively,1
specie,1
nonpeople,1
crowd,1
creep,1
consensus,1
bottom,1
witty,1
periphery,1
foh,1
theological,1
palatable,1
substitutes,1
losing,1
terraced,1
citizens,1
repellent,1
raised,1
sod,1
undermining,1
wrap,1
fabric,1
waits,1
constantly,1
lightin,1
tame,1
uncluttered,1
spring,1
sailcloth,1
forming,1
conclusively,1
homeopape,1
hemisphere,1
otter,1
tampico,1
rippling,1
lays,1
smashed,1
mighty,1
liberal,1
cliffside,1
crumble,1
humorlessly,1
relax,1
ambitious,1
palms,1
hawked,1
vidcalls,1
variable,1
fastened,1
sniffed,1
push,1
obits,1
slope,1
crates,1
plainclothes,1
ven,1
jerk,1
fretting,1
solved,1
settle,1
inscribed,1
accomplishment,1
collage,1
fingernail,1
specked,1
gnawed,1
crescent,1
climbs,1
continuing,1
plucking,1
impacted,1
recollected,1
accomplished,1
counterwave,1
carpets,1
yife,1
inexpressive,1
rosewood,1
undergone,1
toppled,1
perished,1
predictions,1
konnte,1
pavlov,1
apparent,1
visual,1
ig6os,1
values,1
frogs,1
greatcoat,1
locks,1
allowed,1
offense,1
stole,1
monitoring,1
winter,1
divided,1
poking,1
parameter,1
snaps,1
explorer,1
convincingly,1
breasted,1
unclaimed,1
data,1
stress,1
sandbox,1
definitions,1
scents,1
unacceptable,1
maneuvered,1
sacrosanct,1
overhaul,1
despotic,1
cephatic,1
amazing,1
constitutes,1
webs,1
thatdamn,1
decades,1
matches,1
maintaining,1
shouted,1
fisherman,1
suspends,1
quarter,1
repaired,1
square,1
retrieve,1
sponsor,1
container,1
squared,1
seriously,1
lubricating,1
seventy,1
training,1
workmanship,1
undisguised,1
modest,1
broodingly,1
clause,1
habitation,1
indicate,1
2,1
yestooday,1
realization,1
drugstore,1
williams,1
proving,1
surged,1
stammer,1
glossy,1
dutifully,1
sumptuous,1
fashionable,1
zoo,1
convulsive,1
butterfly,1
spewing,1
remarks,1
pages,1
ceived,1
lawn,1
backdrop,1
solche,1
salt,1
cobra,1
surplus,1
babbled,1
imagines,1
scarce,1
aggressive,1
transact,1
cloak,1
aimlessly,1
nonbeing,1
robe,1
goink,1
tilting,1
outlet,1
awaiting,1
perspicacity,1
settings,1
borrow,1
morose,1
dived,1
horned,1
defensively,1
humorists,1
ostensibly,1
jumped,1
enjoys,1
impregnated,1
vertical,1
apparition,1
spare,1
menacing,1
concentrated,1
manx,1
thickly,1
flipped,1
grooming,1
mann,1
yearly,1
anti,1
caring,1
cities,1
suppressant,1
stretch,1
vacation,1
combined,1
motives,1
vacuity,1
prototype,1
observe,1
extant,1
consulted,1
twists,1
surveying,1
engaged,1
burbling,1
rooting,1
theorized,1
wiring,1
noticedthat,1
edged,1
reverts,1
wpo,1
wired,1
booster,1
costs,1
snarled,1
sixteen,1
plumed,1
instrument,1
ghostly,1
dart,1
snarl,1
pop,1
snare,1
dare,1
malfunctions,1
stranger,1
wordless,1
yeats,1
destroys,1
scientific,1
malfunctioning,1
package,1
swarms,1
industry,1
gresham,1
slantedly,1
wade,1
tireless,1
bristled,1
mammals,1
snaggletoothed,1
moscovy,1
amplify,1
expressionless,1
chomped,1
dirty,1
politically,1
detailed,1
vehicles,1
ad,1
migrate,1
wartime,1
carved,1
aw,1
amused,1
tremble,1
beaming,1
hollowness,1
abolish,1
vocabulary,1
beaks,1
waving,1
hovercars,1
holed,1
groom,1
mass,1
externally,1
caused,1
reasoning,1
friendless,1
tt,1
ta,1
ofthe,1
crestfallen,1
mentational,1
cobalt,1
sand,1
sane,1
maggie,1
siddons,1
methodical,1
healed,1
displays,1
rehearsed,1
investment,1
imperceptible,1
colonists,1
imperceptibly,1
whirled,1
escaping,1
yellowed,1
brutal,1
pics,1
periodic,1
mors,1
sitten,1
magnification,1
wavering,1
fragrance,1
autorocket,1
testee,1
doom,1
phillip,1
scramble,1
antagonists,1
arock,1
obliquely,1
fiercely,1
scat,1
anayzed,1
waver,1
ethics,1
flutter,1
refuse,1
hauling,1
indebtedness,1
orthe,1
greats,1
bowl,1
pany,1
signs,1
symptoms,1
inquiry,1
sucked,1
whatit,1
chipping,1
engendered,1
england,1
reduce,1
decoratively,1
belief,1
drives,1
rises,1
retained,1
thereafter,1
contender,1
brutally,1
spiritually,1
jes,1
differ,1
moderately,1
litany,1
checkpoint,1
relationship,1
interviewed,1
bank,1
rain,1
endlessly,1
determined,1
marriage,1
fights,1
beforehand,1
pedestrian,1
servitude,1
pajamas,1
internal,1
frail,1
washborne,1
unused,1
accepting,1
oyster,1
modem,1
lounge,1
heaps,1
ugh,1
overwhelmed,1
unmerry,1
dependent,1
preparing,1
closely,1
adhered,1
cro,1
insane,1
undeteriorated,1
potent,1
knees,1
insidiously,1
pickup,1
monsters,1
acutely,1
nonexistent,1
flatware,1
hallucination,1
improved,1
beamingly,1
acted,1
community,1
adjoining,1
tremor,1
belt,1
worthless,1
filth,1
woodcuts,1
formless,1
presses,1
handling,1
uncertain,1
kippleization,1
expanded,1
budget,1
error,1
kissing,1
pound,1
backing,1
von,1
motors,1
ducks,1
vanish,1
shorted,1
decoy,1
flooded,1
alert,1
picks,1
clasped,1
plagues,1
suffolk,1
cuffs,1
sunless,1
signals,1
crying,1
victims,1
emigration,1
measureless,1
entrenched,1
squandered,1
chorus,1
communications,1
keerist,1
spins,1
pertaining,1
pall,1
curious,1
inserting,1
eclectically,1
nowhere,1
output,1
fouls,1
scraggly,1
irked,1
glumly,1
colorado,1
garbage,1
appropriate,1
span,1
spending,1
exposed,1
occupy,1
baaing,1
movieson,1
fragmented,1
yetthe,1
poster,1
relaxed,1
devolving,1
considerable,1
burrows,1
um,1
uh,1
apiece,1
supervisor,1
raging,1
diverse,1
subtypes,1
phantom,1
futilely,1
occasional,1
oldtime,1
tailored,1
fighter,1
popageno,1
valuables,1
lank,1
urgency,1
partial,1
sharply,1
scratch,1
existing,1
unbuttoning,1
gossip,1
dislike,1
miscontrived,1
panting,1
reopened,1
experiencing,1
anxious,1
threat,1
rack,1
burrowed,1
staggering,1
enclosed,1
twine,1
waning,1
expressed,1
twins,1
firms,1
cringing,1
respectively,1
squirming,1
receive,1
screech,1
residents,1
tools,1
cheered,1
crisscrossing,1
conditioners,1
dealings,1
rubbish,1
customer,1
practicing,1
reproduce,1
cherubic,1
wedge,1
weaker,1
painstakingly,1
coolness,1
slim,1
purposes,1
shuffled,1
wares,1
occipital,1
blocks,1
ties,1
element,1
realizes,1
asserts,1
mute,1
comma,1
flopped,1
meantime,1
hobby,1
existences,1
kiss,1
merge,1
enigmatic,1
society,1
thirteen,1
wander,1
witness,1
rigging,1
dismissal,1
monumental,1
cutter,1
inhaling,1
convolutions,1
disintegrating,1
steering,1
length,1
pudding,1
receding,1
reflexive,1
blown,1
scene,1
disposed,1
straining,1
enforcement,1
quarry,1
appealing,1
amble,1
steer,1
spelled,1
reassuring,1
receptionist,1
trembling,1
viewed,1
documents,1
dishes,1
studying,1
teetered,1
warily,1
segment,1
posterior,1
ignited,1
perceiving,1
bondsman,1
principal,1
nominally,1
jar,1
flinch,1
intellectually,1
muttering,1
lucky,1
scaleapplied,1
comprising,1
rein,1
frame,1
jurassic,1
roiled,1
taunting,1
wiry,1
faceless,1
vanted,1
strides,1
seaboard,1
invited,1
doorway,1
streams,1
cinder,1
evasively,1
glowered,1
powered,1
genetic,1
pity,1
homosexual,1
blackmarket,1
pretentious,1
grinning,1
stuffing,1
ripe,1
digging,1
glaring,1
infinity,1
emotionally,1
bale,1
infinite,1
adherents,1
trudge,1
command,1
audio,1
drawing,1
moments,1
souped,1
arrest,1
clipped,1
checking,1
bergrud,1
tick,1
crisp,1
indications,1
grids,1
underwent,1
recognition,1
pillows,1
avoid,1
copulation,1
cadaverous,1
puts,1
blackness,1
errands,1
screamed,1
breathlessly,1
glistened,1
spots,1
places,1
bloodline,1
shrunk,1
smooth,1
garbo,1
rubble,1
slowing,1
inn,1
replica,1
ink,1
ing,1
psychotics,1
inspiration,1
eddied,1
preoccupations,1
lasted,1
rule,1
elisabeth,1
entropy,1
moviemaker,1
physiological,1
speeded,1
postmortem,1
compassion,1
manic,1
nodule,1
blanked,1
announced,1
indices,1
quaking,1
nondescript,1
triumph,1
pragmatic,1
phones,1
horn,1
chef,1
depraved,1
rigorous,1
deliberate,1
serrated,1
retrieved,1
sinks,1
pursuit,1
obtained,1
plot,1
negative,1
indiana,1
fervor,1
pierced,1
1991,1
1990,1
1992,1
err,1
worm,1
flung,1
impassive,1
provide,1
nuts,1
interview,1
ordinary,1
resignation,1
damaged,1
complacent,1
chilled,1
repeats,1
austere,1
hasty,1
retort,1
encompassing,1
greed,1
consent,1
undetected,1
abyssinian,1
derided,1
dapper,1
adolescence,1
defrauded,1
clanged,1
affected,1
fragment,1
laconically,1
exhaled,1
classified,1
alternately,1
feeds,1
summarily,1
dumping,1
baling,1
flock,1
barrier,1
vets,1
mutilate,1
writhing,1
louse,1
creates,1
incorporated,1
abstractness,1
tongan,1
psionic,1
observations,1
paltry,1
scenes,1
devious,1
contrasted,1
solely,1
merce,1
sloppily,1
facetiously,1
ponder,1
luxury,1
transmit,1
magnum,1
completed,1
circles,1
gravy,1
shapelessness,1
germany,1
phase,1
nostrils,1
calculated,1
swamp,1
bracket,1
profundity,1
reserve,1
anniversary,1
subtle,1
enjoyed,1
resemblance,1
blighted,1
pursuing,1
nullified,1
stasis,1
degradation,1
palpitated,1
haunted,1
perience,1
tartly,1
gears,1
steal,1
geary,1
miserably,1
inept,1
unmake,1
gladness,1
depends,1
scoure,1
draws,1
gentleman,1
chiding,1
accord,1
packages,1
climate,1
steep,1
gasped,1
com,1
spear,1
haltingly,1
tolerances,1
axis,1
flexible,1
repelled,1
relaxing,1
attacked,1
gracious,1
applied,1
physician,1
publicly,1
ait,1
aim,1
rationally,1
abrupt,1
aid,1
dizzy,1
ineffec,1
confirmed,1
descent,1
plates,1
raid,1
palpably,1
thinknow,1
palpable,1
nip,1
taint,1
lookafter,1
yourwife,1
mid,1
wasps,1
victim,1
currying,1
righteous,1
plasma,1
usable,1
caps,1
cape,1
eroded,1
bucolic,1
slouched,1
honored,1
eyeing,1
chidingly,1
entropic,1
spawned,1
trunk,1
baht,1
pose,1
primordial,1
properties,1
accepts,1
himhis,1
disarrayed,1
wan,1
tumblers,1
sagging,1
nippity,1
skittering,1
vitality,1
nonstirring,1
veiled,1
maximum,1
lowering,1
abstract,1
darting,1
evidence,1
manure,1
gophers,1
luffs,1
shrink,1
scored,1
walton,1
radioactivity,1
telescopic,1
gyrate,1
concept,1
impulse,1
grateful,1
creative,1
scowling,1
hurry,1
zone,1
flash,1
fog,1
rhythm,1
donned,1
brown,1
protective,1
liability,1
automobiles,1
ferociously,1
kitten,1
brows,1
presented,1
roomish,1
turns,1
gum,1
perceives,1
brave,1
pratfall,1
perplexity,1
assistance,1
genes,1
roaring,1
teacher,1
sending,1
impatiently,1
filched,1
eke,1
flamed,1
franklin,1
phylum,1
puffed,1
slough,1
matador,1
silenizine,1
graphic,1
cap,1
hears,1
abort,1
chic,1
clothing,1
unwavering,1
fortunately,1
discussion,1
spreads,1
product,1
dive,1
southern,1
bear,1
flourish,1
whenever,1
sagacity,1
nosed,1
hotly,1
freckled,1
culmination,1
lied,1
selves,1
spacious,1
non,1
nob,1
transmissions,1
chuckled,1
drop,1
graveson,1
eh,1
challenged,1
soy,1
supplant,1
et,1
amusement,1
furthermore,1
immigrant,1
thirst,1
rational,1
inevitably,1
grimacing,1
ominous,1
rapped,1
tawkin,1
roadblocks,1
honest,1
invitation,1
outcry,1
altitude,1
comprised,1
message,1
waned,1
puddle,1
lobbing,1
disemelevatored,1
repossess,1
appreciated,1
tangible,1
optimism,1
delia,1
anger,1
publicity,1
terrific,1
oppressive,1
tomono,1
expertly,1
slaves,1
fifth,1
crackling,1
pivots,1
busily,1
texture,1
ameri,1
shrill,1
truly,1
unfastened,1
tonelessly,1
leather,1
seldom,1
masquerading,1
handclaps,1
famine,1
flatly,1
hypodermic,1
departmentthat,1
quondam,1
blame,1
hurts,1
installation,1
despond,1
adroit,1
markedly,1
wounds,1
observers,1
nondirectional,1
stems,1
countless,1
runthe,1
heels,1
beaver,1
develop,1
inquire,1
ya,1
pedantic,1
closest,1
foal,1
foam,1
speed,1
earnest,1
rear,1
nubile,1
animating,1
twelve,1
cathode,1
reshut,1
bobbed,1
passions,1
recorded,1
reverberating,1
braking,1
strained,1
flinched,1
assemble,1
exciting,1
throw,1
sovietpolice,1
greatly,1
underway,1
persecution,1
poly,1
heated,1
stark,1
derain,1
hartman,1
smuggling,1
hire,1
yammered,1
bucket,1
postures,1
intents,1
describe,1
scanned,1
trickled,1
cliickenhead,1
terminating,1
pear,1
goaded,1
studio,1
apathy,1
repay,1
embracing,1
semantic,1
ceases,1
splitting,1
wyoming,1
forthe,1
foster,1
solicit,1
confidential,1
robes,1
bombarded,1
balancing,1
minded,1
robed,1
heaven,1
fence,1
somberly,1
streets,1
casual,1
conscience,1
emotions,1
thickness,1
modify,1
tracks,1
suicide,1
creeps,1
telecast,1
synapsis,1
woodcut,1
skoda,1
teach,1
strauss,1
reptiles,1
injury,1
moodiness,1
thrown,1
underwriter,1
yabbering,1
offended,1
thumped,1
ions,1
climates,1
exclude,1
firmly,1
surpassed,1
derived,1
tries,1
misnamed,1
fo,1
contrived,1
blush,1
renewing,1
repossessing,1
microseconds,1
egg,1
remnants,1
lasers,1
committed,1
flimsies,1
carpeted,1
systems,1
tumbling,1
fool,1
irrationality,1
intervene,1
predators,1
predatory,1
restless,1
nein,1
jaws,1
caterwauled,1
balk,1
event,1
meditating,1
trusts,1
smock,1
expansive,1
housed,1
dirt,1
toiling,1
houses,1
base,1
algae,1
employing,1
american,1
uncertainly,1
assign,1
knots,1
mist,1
astigmatic,1
respiring,1
airborne,1
trails,1
hagriding,1
scheme,1
tive,1
creakily,1
grocery,1
anticipate,1
purposeless,1
phobia,1
urgently,1
organs,1
sensual,1
cave,1
swallowing,1
hired,1
chronicle,1
mobile,1
snapping,1
velocity,1
blend,1
hips,1
stalked,1
phenomenon,1
stunned,1
beclouding,1
hardened,1
interminably,1
custodial,1
trees,1
combinations,1
perfume,1
seventeen,1
howled,1
disapproving,1
throwing,1
culture,1
protecting,1
wow,1
assertive,1
frigidly,1
sharklike,1
risky,1
millions,1
alonk,1
manners,1
stamp,1
damp,1
dialogue,1
heaviest,1
detek,1
accidently,1
animated,1
flees,1
costly,1
retesting,1
hoax,1
belong,1
terran,1
grand,1
inmind,1
conflict,1
bonus,1
soberly,1
uses,1
cleaning,1
haunting,1
assortment,1
tufts,1
appalled,1
restlessly,1
praying,1
informal,1
representational,1
march,1
culturally,1
incrimination,1
tinkered,1
success,1
donne,1
donna,1
popular,1
sketch,1
dizzily,1
urgent,1
delivered,1
dilapidated,1
pounding,1
eating,1
processing,1
rug,1
viewpoints,1
shine,1
simulation,1
mentalities,1
edvard,1
miracles,1
nonsense,1
unimpaired,1
pentagon,1
furtively,1
innate,1
renewal,1
consultation,1
opposed,1
skulk,1
sifting,1
accustomed,1
ordered,1
abruptness,1
1894,1
kidney,1
sullen,1
objection,1
dashed,1
spokesmen,1
grind,1
acceptable,1
draw,1
claus,1
laxly,1
pretended,1
antheads,1
tubes,1
depth,1
realty,1
bustuh,1
psyche,1
proposition,1
ruminate,1
certa,1
aprissy,1
arid,1
excluded,1
reoccurred,1
murderous,1
squeaked,1
trough,1
nausea,1
postural,1
inspection,1
configurations,1
compensated,1
click,1
plays,1
paintings,1
opaque,1
unhuman,1
rotten,1
rotted,1
anthead,1
enterprising,1
noisily,1
salvation,1
wig,1
danger,1
wit,1
stupider,1
camera,1
contentment,1
vehicle,1
cram,1
noisy,1
cheeks,1
formally,1
becomes,1
appointed,1
arched,1
meek,1
pointedly,1
lapse,1
servants,1
repairman,1
wharf,1
atone,1
pulling,1
sought,1
defective,1
fouled,1
comprehends,1
agenda,1
astronomical,1
sardonically,1
sharpness,1
placid,1
handy,1
assess,1
magnitude,1
quivered,1
inverted,1
bedcovers,1
tarrying,1
transitions,1
lukewarm,1
cause,1
maren,1
undressing,1
mitteleuropaische,1
intruder,1
determining,1
keen,1
timed,1
prospective,1
mcmillan,1
beseechingly,1
signify,1
precisely,1
practitioners,1
attach,1
stroked,1
prone,1
greta,1
clanging,1
lists,1
soundless,1
swindled,1
yawned,1
succinctly,1
dourly,1
recessed,1
battles,1
pursues,1
plugging,1
vengeance,1
intrinsic,1
urn,1
overhearing,1
scrambled,1
emerging,1
splintering,1
crate,1
halting,1
abdomen,1
mercerian,1
drooping,1
brayed,1
suckered,1
wiirden,1
inherited,1
employed,1
overall,1
sipping,1
joint,1
parlance,1
processes,1
tuned,1
gram,1
grab,1
spotted,1
burying,1
pitch,1
operates,1
legacy,1
conductivity,1
corpses,1
joys,1
horribly,1
arraigned,1
prevailing,1
tent,1
hurrying,1
precious,1
limits,1
feinde,1
manifestations,1
habitual,1
disintegrate,1
senses,1
smoking,1
inaccurately,1
owns,1
demi,1
bucks,1
capture,1
pit,1
speaker,1
buzz,1
jedar,1
sagged,1
prophesied,1
transaction,1
modeled,1
placating,1
nebulous,1
drone,1
taller,1
attractively,1
oak,1
recapitulated,1
ushered,1
density,1
antarctic,1
vide,1
meagerly,1
warrant,1
indignation,1
sonic,1
disappearance,1
devised,1
sightlessly,1
historic,1
bottoms,1
exploiting,1
ring,1
dresses,1
glare,1
hush,1
cleveland,1
upswing,1
grinding,1
bataan,1
cradle,1
medieval,1
prohibited,1
choked,1
delicacies,1
recognizes,1
stakes,1
previously,1
vulgarity,1
washington,1
tenderloin,1
treads,1
secretive,1
managing,1
utility,1
delusions,1
inner,1
exposure,1
triangular,1
gait,1
courts,1
sprinkling,1
squirms,1
eat,1
cells,1
cruel,1
projecting,1
universal,1
twist,1
ingredients,1
guarantee,1
ecstatic,1
stab,1
pathways,1
determination,1
similarity,1
captain,1
minuscule,1
rocking,1
trousers,1
fists,1
anvhow,1
rescue,1
overcomes,1
gesticulating,1
skills,1
pleasedhim,1
poloko,1
deplorable,1
hazy,1
haze,1
codpieces,1
foodstuffs,1
snared,1
abstractly,1
tautly,1
active,1
104,1
rests,1
taped,1
loop,1
permit,1
adopting,1
pack,1
eyebrows,1
schooling,1
ninety,1
ratty,1
barks,1
wary,1
warm,1
inhabited,1
setup,1
spec,1
movies,1
suggestive,1
bullfights,1
degenerate,1
advancing,1
reconciled,1
loyalty,1
curiosity,1
stimulates,1
purchase,1
foresaw,1
crew,1
combination,1
sterilization,1
grammar,1
meat,1
fringes,1
calmly,1
weightless,1
trading,1
protek,1
aids,1
collector,1
content,1
quaintly,1
pityingly,1
euphemia,1
mandibles,1
starts,1
cackled,1
cosmic,1
perforated,1
loud,1
slept,1
unlit,1
hook,1
warped,1
deplete,1
girls,1
makeout,1
somewhat,1
anxiety,1
structures,1
persuade,1
childlike,1
exorcise,1
threadbare,1
turrets,1
sees,1
seep,1
theology,1
tells,1
impotent,1
demoralizing,1
psychologically,1
zealand,1
doo,1
medical,1
breathed,1
dot,1
rapture,1
ending,1
hoary,1
representing,1
unleashed,1
judged,1
hempish,1
smug,1
spital,1
earl,1
bar,1
fertilizing,1
wasting,1
diminutive,1
fluffy,1
ismeasured,1
scrap,1
shaved,1
cleverer,1
382,1
dismembered,1
transistorized,1
eyeball,1
distinction,1
gushed,1
loaded,1
tasted,1
sleekly,1
commission,1
lovely,1
threw,1
civilwar,1
sly,1
ugly,1
melted,1
mexico,1
im,1
convulsively,1
bottles,1
emer,1
confronting,1
sodden,1
undaunted,1
jealous,1
overt,1
stiffened,1
kid,1
stimuli,1
bedspread,1
facts,1
1777,1
infinitely,1
agile,1
spasms,1
sapped,1
discreet,1
ointments,1
admittedly,1
interestingly,1
somehow,1
dense,1
tracked,1
daytime,1
shakespeare,1
yelling,1
commit,1
canny,1
herpris,1
annoyance,1
fraction,1
gitchel,1
lurie,1
lurid,1
fork,1
starve,1
secondhand,1
builds,1
mystical,1
classic,1
covers,1
gland,1
marking,1
authoritative,1
diet,1
unlocking,1
blushing,1
daily,1
woodwork,1
mild,1
mill,1
anticipation,1
father,1
bordered,1
0,1
unpleasant,1
unruffled,1
suffered,1
keepers,1
turgid,1
drawings,1
encrusted,1
template,1
hummed,1
wearily,1
grinned,1
thrashed,1
simultaneous,1
pelts,1
pert,1
creams,1
outweighs,1
sharing,1
royalpalace,1
rigid,1
deformed,1
sour,1
bites,1
unprotesting,1
nearest,1
crazy,1
agent,1
battered,1
craze,1
persuasion,1
swayed,1
designed,1
employers,1
facile,1
q,1
deposit,1
gesture,1
framing,1
shoes,1
shaky,1
recoup,1
shake,1
argued,1
jowled,1
main,1
impulses,1
killer,1
sooner,1
aspirations,1
manifests,1
dominate,1
assurance,1
monster,1
pumping,1
ajax,1
ajar,1
gott,1
unbailable,1
featureless,1
yess,1
dwelling,1
meaningful,1
unduly,1
psychotic,1
memo,1
butt,1
meshing,1
10,1
scraping,1
mutilation,1
venture,1
voices,1
incontestable,1
occupied,1
cheerful,1
answering,1
acumen,1
potential,1
quitnow,1
interior,1
jungle,1
200,1
skinned,1
normal,1
tract,1
complaints,1
bearskin,1
mistested,1
precise,1
shoe,1
threshold,1
corner,1
dick,1
pegged,1
wheeze,1
unethical,1
seared,1
yield,1
ruddy,1
lifespan,1
pebble,1
radiates,1
rigidly,1
boundaries,1
calfskin,1
loped,1
parent,1
singers,1
tub,1
ja,1
dates,1
disappointment,1
chickenbead,1
cancel,1
perpetuating,1
writing,1
adults,1
mare,1
unusual,1
slumber,1
associates,1
slapping,1
sprained,1
scavenger,1
pat,1
harsh,1
heirs,1
thinning,1
pal,1
oil,1
assist,1
companion,1
frisked,1
totally,1
solve,1
reputable,1
adrenal,1
dipped,1
lashed,1
grit,1
mos,1
disappointed,1
grim,1
paupers,1
acidly,1
lightning,1
ruminating,1
voluntarily,1
specified,1
matching,1
spasm,1
lotte,1
critical,1
particles,1
notable,1
squarely,1
roaming,1
helping,1
conducting,1
842,1
tease,1
island,1
expressionlessly,1
unclassified,1
roam,1
mixed,1
imitated,1
spreading,1
acridly,1
distracted,1
appears,1
lodgings,1
strikes,1
sophisticated,1
gore,1
deliberation,1
citation,1
corkscrewed,1
general,1
examine,1
floored,1
designating,1
decorated,1
clamored,1
delineate,1
bamboozling,1
husky,1
duplicates,1
suburban,1
sunk,1
talks,1
expressions,1
children,1
slunk,1
reluctant,1
ihew,1
diffuse,1
enjoying,1
premium,1
subterranean,1
elated,1
neurological,1
washing,1
skeletal,1
agencyin,1
zygote,1
damped,1
bypassed,1
portable,1
affably,1
knitted,1
perspective,1
ohne,1
movement,1
stipend,1
awakened,1
bonelike,1
leveling,1
pathological,1
transit,1
extinction,1
armed,1
lungless,1
destination,1
raft,1
rubbing,1
brisk,1
constructs,1
suffused,1
nineteen,1
fore,1
strain,1
sulkily,1
dew,1
pressing,1
slovenly,1
lingered,1
purchases,1
share,1
sphere,1
minimum,1
deplored,1
homicide,1
awkward,1
cocking,1
maps,1
advice,1
reappeared,1
entry,1
crowded,1
deserted,1
coal,1
insofar,1
playing,1
followers,1
rounded,1
oblique,1
suffer,1
pens,1
detected,1
reuters,1
arias,1
seeking,1
personary,1
compound,1
detach,1
easily,1
ashen,1
micro,1
habits,1
wrappers,1
harm,1
foxes,1
deckards,1
ripple,1
comic,1
formdestroyer,1
projected,1
print,1
vandyke,1
pathetic,1
terminals,1
backed,1
beginning,1
netted,1
slithery,1
regulation,1
assumption,1
fumble,1
travail,1
drapes,1
favorably,1
needle,1
mentality,1
doctors,1
creakuy,1
horizons,1
chitinous,1
contrary,1
trudged,1
ownerless,1
orders,1
flared,1
build,1
folders,1
pondering,1
fluctuate,1
refrigerator,1
branching,1
seething,1
mammoth,1
amaze,1
detection,1
relation,1
contorted,1
hopped,1
depended,1
dividing,1
unhappy,1
8,1
merged,1
notation,1
permission,1
express,1
pristine,1
breast,1
theft,1
classed,1
pellet,1
merchandise,1
callfor,1
remove,1
common,1
vine,1
tended,1
repairs,1
expert,1
visiting,1
burned,1
overstacked,1
vindicated,1
responses,1
masterful,1
trustingly,1
defunct,1
journeyed,1
restaurant,1
foreign,1
patiently,1
weaving,1
smote,1
tellectually,1
secret,1
dropping,1
meeting,1
gar,1
fur,1
grainy,1
fun,1
ful,1
anyho,1
ewe,1
wasnearly,1
ray,1
development,1
eels,1
reversion,1
desks,1
glockchen,1
timid,1
sidereal,1
withdraw,1
magnon,1
spend,1
howl,1
darn,1
moldering,1
superficial,1
alternate,1
excited,1
hallucinations,1
glove,1
nozze,1
indication,1
foolish,1
jibes,1
underdeveloped,1
pronounced,1
eyepits,1
contacts,1
lark,1
lounged,1
patient,1
rapping,1
304,1
piled,1
factly,1
tenants,1
aliens,1
framed,1
conduits,1
bored,1
adjusting,1
hoped,1
subsidiary,1
blockage,1
deprive,1
rarities,1
tuneless,1
essayed,1
organizing,1
dimmed,1
brushing,1
gross,1
breastless,1
lens,1
appalling,1
drenched,1
restraining,1
overly,1
fleshless,1
saleswoman,1
nervousness,1
misdialed,1
perversely,1
arrange,1
anachronistic,1
uncomfortable,1
exuberant,1
confided,1
wiggled,1
chicago,1
access,1
piped,1
chrissake,1
nimbly,1
jointly,1
sing,1
safer,1
sine,1
38,1
stalks,1
compellingly,1
honor,1
composed,1
abominate,1
flabby,1
assailed,1
trait,1
wheezingly,1
trail,1
arranging,1
tearing,1
fooling,1
f,1
misfired,1
sutter,1
proportions,1
employs,1
practical,1
forest,1
conspicuously,1
de,1
legality,1
muhe,1
sidelong,1
furious,1
thingamajing,1
hugged,1
fortunate,1
bunch,1
industries,1
le,1
la,1
tickled,1
masterminding,1
identifies,1
programmed,1
popping,1
fondly,1
chattily,1
yard,1
needling,1
cures,1
sorrowful,1
sack,1
thirties,1
ripples,1
ferocity,1
dabbed,1
explanation,1
unending,1
flashed,1
compensation,1
halcyon,1
visited,1
imaginative,1
curves,1
tide,1
habitable,1
misaligned,1
befouling,1
uncared,1
gliding,1
hazed,1
hazel,1
prisoner,1
gather,1
request,1
occasion,1
selection,1
hethought,1
nounced,1
scuttling,1
exceptional,1
unbeatable,1
enunciating,1
bead,1
striped,1
areas,1
ashtray,1
dripped,1
farthest,1
national,1
racket,1
phases,1
reform,1
reproduces,1
firmness,1
trips,1
passing,1
relevant,1
bespectacled,1
earning,1
pouring,1
gaze,1
stentorian,1
indicators,1
anomaly,1
penetrates,1
fellow,1
augusta,1
spasmodically,1
cereals,1
delusion,1
helped,1
claimed,1
tumbled,1
watchful,1
brightened,1
auto,1
finite,1
practice,1
numbered,1
recourse,1
builder,1
sufferings,1
latest,1
fixated,1
domestic,1
coasted,1
underlying,1
repetitious,1
add,1
slits,1
rumpled,1
inviting,1
vibrant,1
italian,1
infiltrated,1
awasp,1
bifurcated,1
anlhead,1
hitler,1
omnivores,1
manifesting,1
nonsexual,1
expire,1
terra,1
simpler,1
seriousness,1
bloodstream,1
perspiring,1
thejob,1
rushed,1
vegetables,1
outline,1
impassively,1
bun,1
variations,1
acuity,1
circus,1
identities,1
45,1
detain,1
oat,1
ducked,1
stimulant,1
handcrafted,1
puzzlement,1
resembles,1
enlargement,1
shrank,1
comparatively,1
patched,1
conjecture,1
procession,1
ident,1
vastly,1
monkeys,1
school,1
harried,1
venus,1
consistent,1
feathers,1
direct,1
surrounding,1
innocuously,1
monorail,1
blur,1
kicked,1
mcrae,1
pate,1
70s,1
bloomed,1
leaves,1
ventured,1
glinted,1
ridiculed,1
visibly,1
pic,1
shoot,1
join,1
boldest,1
install,1
whizzed,1
ceremony,1
scolding,1
arachnids,1
writers,1
ent,1
aching,1
gate,1
mouths,1
imaginable,1
sparkled,1
mesh,1
burly,1
parallel,1
humiliatingly,1
snarling,1
amid,1
acknowledged,1
hypnotic,1
upside,1
preventive,1
interpretation,1
vita,1
clapped,1
forehead,1
manageable,1
comprehend,1
406,1
fade,1
possessing,1
plaster,1
obligingly,1
gloom,1
swaying,1
regularly,1
shadowy,1
40s,1
victory,1
lasting,1
wariness,1
fussing,1
uninhabitable,1
spectively,1
lugged,1
pounce,1
overcame,1
motes,1
newly,1
bitingly,1
fred,1
harrv,1
counterparts,1
laborer,1
ontv,1
ritual,1
labored,1
hopeless,1
rand,1
rank,1
hearing,1
sober,1
researched,1
insisted,1
sarcasm,1
numbly,1
unglazed,1
unbroken,1
urban,1
murder,1
compressor,1
western,1
brushed,1
reclining,1
roles,1
bloated,1
classes,1
bridge,1
careening,1
screws,1
unaffected,1
thoroughly,1
1966,1
1967,1
isolated,1
thorough,1
snob,1
plenty,1
gesticulated,1
glow,1
potency,1
section,1
wrathfully,1
colors,1
queer,1
appealed,1
spite,1
excitedly,1
tropic,1
borrowed,1
mixture,1
blinking,1
knocks,1
countries,1
idiotic,1
shots,1
resist,1
tinue,1
corrupt,1
sporadic,1
capacity,1
hopefully,1
confusion,1
folletto,1
drowsy,1
cogitated,1
players,1
merging,1
mildly,1
faces,1
variance,1
expense,1
lenses,1
elfin,1
comprehension,1
conference,1
beef,1
confident,1
beer,1
containers,1
enterprises,1
mongolian,1
subnormal,1
accessories,1
experts,1
complex,1
inventory,1
twent,1
constricting,1
workings,1
dozing,1
hearth,1
possesses,1
assembling,1
proposed,1
bruise,1
picasso,1
scattering,1
sacredness,1
bands,1
gift,1
gifted,1
rustling,1
roamed,1
escape,1
precautions,1
intellect,1
ubiquity,1
loins,1
embodies,1
cord,1
core,1
cora,1
lamps,1
permitted,1
interjected,1
limitation,1
bylaw,1
blabbed,1
shards,1
steadily,1
twitch,1
curry,1
badgers,1
plastered,1
froze,1
obtaining,1
obscene,1
cubicle,1
rely,1
striding,1
medium,1
heal,1
admiration,1
versions,1
loitering,1
ruined,1
vassel,1
brightly,1
displeasure,1
willingly,1
radically,1
faithful,1
whereas,1
tip,1
til,1
whey,1
tic,1
node,1
winnings,1
rom,1
leads,1
fusing,1
empathize,1
promote,1
contemplating,1
passage,1
environment,1
stove,1
fleece,1
comfortingly,1
brother,1
homeostatic,1
pore,1
widened,1
port,1
irritated,1
nationalized,1
contracted,1
tormentor,1
hairy,1
guilty,1
resonance,1
pessimistically,1
employer,1
bulbs,1
onthe,1
hypno,1
modified,1
corrupted,1
tinted,1
performed,1
counting,1
conversely,1
cardinal,1
fourth,1
husbandry,1
etched,1
crashed,1
birthday,1
ideologically,1
eighth,1
summoning,1
amuse,1
inform,1
invests,1
imagining,1
furnished,1
redheaded,1
platform,1
evolution,1
cowering,1
ahm,1
clutch,1
onme,1
friendlily,1
staht,1
persian,1
dence,1
ultimately,1
concur,1
profit,1
cancels,1
extrapolate,1
hull,1
uniformed,1
retreating,1
itnow,1
budweiser,1
george,1
cheerfully,1
virgin,1
stimulation,1
returns,1
exploring,1
terrain,1
circulated,1
corning,1
mawkishly,1
unfortunately,1
noxious,1
friendlyon,1
twisting,1
marathon,1
ideas,1
becoming,1
gleason,1
impulsively,1
revolving,1
sudermann,1
boiling,1
seafood,1
cortex,1
mistresses,1
bawling,1
spaced,1
hasking,1
thetv,1
trow,1
wool,1
welled,1
youjust,1
viewpoint,1
installed,1
impolite,1
naked,1
jokes,1
predicted,1
toldher,1
discussing,1
ignored,1
imposing,1
connections,1
1923,1
parking,1
violates,1
jottings,1
crooked,1
weapons,1
arrival,1
originated,1
unusually,1
comb,1
postage,1
wanders,1
wittily,1
merry,1
sampling,1
pole,1
lithely,1
poll,1
spotlights,1
deposited,1
aboutitself,1
overnow,1
squirrels,1
casa,1
roid,1
slippery,1
irrespective,1
numbe,1
ironic,1
volition,1
manila,1
arose,1
components,1
relied,1
stammering,1
desolate,1
risking,1
violent,1
cease,1
captured,1
halfway,1
hint,1
lets,1
hind,1
poised,1
nattily,1
sicced,1
inordinate,1
acute,1
towel,1
missluft,1
competition,1
snatched,1
respect,1
heardyour,1
provided,1
highest,1
unmatched,1
nutty,1
moor,1
calmed,1
inspect,1
kleenex,1
pullies,1
roofof,1
discussed,1
informing,1
tangling,1
ladies,1
theoretically,1
strictly,1
strict,1
detectable,1
potpourri,1
jug,1
sofa,1
relit,1
rouse,1
tiptoe,1
paces,1
grass,1
connect,1
cringed,1
accusingly,1
intra,1
fiddled,1
starkly,1
oneself,1
uncorked,1
contradicted,1
plastically,1
psychology,1
recirculate,1
invest,1
herbivores,1
migrated,1
lack,1
bufonidae,1
subjected,1
subsided,1
jig,1
tethered,1
egyptian,1
novel,1
fan,1
bubbles,1
soles,1
birdish,1
lisa,1
tek,1
autofac,1
design,1
blowups,1
sub,1
racing,1
guns,1
devoted,1
wispily,1
directions,1
goodby,1
skidded,1
offsp,1
associaion,1
horrified,1
gleeful,1
elongated,1
appliances,1
obscurely,1
quasi,1
pervaded,1
minor,1
flaw,1
mutely,1
basically,1
policemen,1
ineffectual,1
v,1
feebly,1
abandonment,1
dubiously,1
offspring,1
meandered,1
goal,1
goad,1
untied,1
wracking,1
stemming,1
constellated,1
612,1
hoisting,1
reflect,1
adventure,1
concentrating,1
shade,1
essence,1
doorknob,1
avenue,1
interspace,1
return,1
predator,1
units,1
clouds,1
vaughn,1
policeman,1
generation,1
oppressed,1
inflated,1
paradise,1
induced,1
sidewalk,1
bushes,1
thread,1
fallen,1
unhealthy,1
traveled,1
enlarged,1
notify,1
story,1
temperature,1
gurgled,1
hangs,1
inhibitions,1
exploded,1
imprinted,1
indecisively,1
king,1
throttle,1
dann,1
cuff,1
risks,1
outdoors,1
stale,1
outstanding,1
shrewd,1
oakes,1
depleted,1
cleaned,1
cropped,1
moist,1
contractual,1
buff,1
intervened,1
enduring,1
soared,1
dissolved,1
howls,1
excessive,1
coaxingly,1
founding,1
lehmann,1
hih,1
instinctive,1
baroque,1
consciously,1
nailed,1
slapped,1
overstuffed,1
lamenting,1
latin,1
outfit,1
inertia,1
license,1
bond,1
nettled,1
smith,1
sweep,1
marveling,1
acrid,1
decline,1
verisimilitude,1
brick,1
vaguely,1
cinch,1
schwinden,1
notables,1
shove,1
indefinitely,1
knob,1
rim,1
rig,1
rid,1
anguish,1
wriggles,1
brooding,1
noticeably,1
cheer,1
abilities,1
unseen,1
mimicked,1
competitive,1
tamed,1
finden,1
workers,1
complaint,1
670,1
spires,1
modifications,1
confront,1
shapes,1
waitin,1
eluding,1
litter,1
anna,1
payments,1
alofa,1
firing,1
hatred,1
fluttering,1
naturalists,1
cutoff,1
plethora,1
impressed,1
creaked,1
prey,1
plunge,1
criteria,1
cloth,1
filed,1
raising,1
motive,1
barring,1
purcell,1
bell,1
rally,1
scrutinized,1
malicious,1
backs,1
cramped,1
ornamented,1
dragnet,1
inguinal,1
puncture,1
daly,1
suffers,1
happier,1
delineation,1
epitomized,1
gang,1
discordant,1
adjustment,1
cupboards,1
disposal,1
rewarding,1
breach,1
dandy,1
engineered,1
spoon,1
foretell,1
deals,1
reappearing,1
gripping,1
curtly,1
ruptured,1
nearthe,1
unavailable,1
refilled,1
chose,1
evading,1
pajama,1
shoved,1
deciphered,1
duck,1
examination,1
bitterly,1
secretions,1
antennae,1
cooperate,1
lidless,1
brochure,1
confi,1
foggiest,1
flaring,1
dripping,1
rapt,1
carrot,1
portance,1
united,1
decaying,1
roughness,1
grudgingly,1
sin,1
cupboard,1
abuse,1
zummed,1
stamped,1
sanctioned,1
indignantly,1
permanent,1
contention,1
flour,1
emanations,1
flee,1
articles,1
fuses,1
eased,1
trap,1
bills,1
erratic,1
89,1
irritability,1
honorably,1
sentiment,1
attentively,1
vestlike,1
tongueless,1
reexamined,1
caie,1
biting,1
phototropic,1
plainly,1
bleakness,1
agility,1
conically,1
scended,1
quantitative,1
rarity,1
chattered,1
teenagers,1
blip,1
alerted,1
delineated,1
linked,1
catsup,1
asyou,1
cracking,1
spirits,1
looker,1
pipe,1
grozzi,1
spindly,1
bulging,1
chances,1
purely,1
planning,1
superimposed,1
nearer,1
vidcall,1
filmed,1
clutching,1
surroundings,1
inhabit,1
local,1
handgun,1
titus,1
married,1
unison,1
inventive,1
closes,1
closet,1
checkups,1
fifties,1
limit,1
oldsters,1
jot,1
exam,1
embarrassment,1
counterfeiting,1
grounds,1
heredity,1
withdrawn,1
decent,1
charts,1
swabbed,1
flopping,1
overreacted,1
layer,1
ringing,1
gothic,1
thug,1
difficult,1
conceived,1
whale,1
warming,1
celtic,1
appropriated,1
sensing,1
heavily,1
obtain,1
batteries,1
happiness,1
nicks,1
interrogation,1
facial,1
aeternitatis,1
shabby,1
elevators,1
employment,1
noose,1
ripped,1
guffaws,1
slug,1
extension,1
column,1
spilled,1
shipping,1
carries,1
carrier,1
sweat,1
backstage,1
travelers,1
grapevine,1
faithfully,1
intention,1
nuku,1
grotto,1
triggered,1
tinged,1
volume,1
snapshots,1
protesting,1
nightgown,1
stirring,1
block,1
humbling,1
maroon,1
trotting,1
calibration,1
june,1
pumps,1
rotting,1
stiltedly,1
