case,845
said,664
like,318
molly,279
one,264
back,224
know,179
armitage,170
got,170
man,169
eyes,163
get,139
white,136
something,136
maelcum,135
black,133
thing,120
riviera,116
finn,112
across,110
hand,109
face,107
head,107
way,104
old,103
time,101
dark,101
saw,97
around,94
left,92
took,91
right,90
see,90
looked,90
could,87
3jane,86
wintermute,86
would,84
come,83
_,83
behind,82
still,81
little,80
door,79
gone,78
go,77
hands,77
light,76
came,75
maybe,74
asked,73
never,73
boy,73
two,73
away,72
seemed,71
voice,69
told,67
well,67
think,67
beside,67
real,66
wall,66
first,65
made,65
turned,64
place,64
room,63
okay,63
long,63
mon,62
blue,62
ice,62
plastic,61
us,60
construct,60
gray,59
small,57
steel,57
new,56
dead,56
flatline,56
past,56
deane,56
sense,55
straylight,55
smiled,55
ashpool,55
three,55
shit,55
good,55
open,54
found,54
tell,54
another,52
night,52
deck,52
pocket,51
take,51
began,51
jacket,50
kind,50
watched,49
seen,49
sat,48
knew,48
suit,48
chiba,48
yeah,48
girl,48
0,48
fingers,47
corto,47
beneath,47
look,47
stood,47
red,47
sure,47
want,46
pink,46
city,45
side,45
make,45
name,45
ratz,45
glass,44
high,44
put,44
need,44
thought,43
things,42
freeside,42
cut,42
much,42
floor,41
felt,41
hosaka,41
called,41
closed,41
last,41
tessier,41
linda,40
held,40
went,40
gotta,40
hair,40
water,40
net,39
screen,39
walked,39
brown,39
run,39
program,39
wage,38
really,38
matrix,38
green,38
blood,38
street,38
nodded,38
figure,38
nothing,38
table,38
mouth,37
along,37
say,37
bright,37
going,37
work,37
lay,37
stepped,37
chip,36
window,36
peter,36
mean,36
years,35
let,35
system,35
cold,35
part,35
stared,35
though,35
far,35
might,35
hey,34
guess,34
five,34
gun,34
bed,34
find,34
kuang,34
corridor,33
shrugged,33
anything,33
wore,33
half,33
front,33
arms,33
money,33
hideo,32
tight,32
leg,32
beyond,32
ever,32
sprawl,32
teeth,32
talk,32
enough,32
fine,32
forward,32
shook,32
already,32
wanna,32
dozen,31
ai,31
certain,31
neon,31
sound,31
narrow,31
sleep,31
hear,31
kill,31
ten,31
passed,31
sand,30
pale,30
killed,30
walls,30
flat,30
arm,30
sort,30
smith,30
sky,29
code,29
heard,29
looking,29
tried,29
pain,29
jacked,29
always,29
concrete,28
remember,28
fletcher,28
japanese,28
shoulder,28
body,28
ran,28
yellow,27
thin,27
toward,27
home,27
simstim,27
big,27
hit,27
edge,27
g,27
silver,26
chair,26
flipped,26
zion,26
ninsei,26
move,26
flesh,26
em,26
else,26
aerol,26
mind,26
remembered,26
end,26
laughed,26
shirt,26
virus,26
console,26
crowd,25
people,25
smell,25
data,25
pulled,25
stuff,25
smooth,25
opened,25
leather,25
jeans,25
pool,25
lit,25
crossed,25
single,25
even,25
give,25
hatch,25
either,25
someone,25
feel,25
trodes,25
sweat,25
raised,24
hours,24
set,24
bad,24
kept,24
dance,24
gonna,24
key,24
french,24
show,24
without,24
hotel,24
point,24
call,23
slow,23
th,23
line,23
pistol,23
trying,23
soon,23
ass,23
empty,23
anyway,23
lost,23
bar,23
reached,23
gravity,23
taking,23
memory,23
coming,23
twenty,23
second,22
paper,22
lock,22
low,22
tonight,22
beach,22
zone,22
struck,22
taken,22
help,22
fell,22
dixie,22
forehead,22
braun,22
story,22
getting,22
rolled,21
young,21
slid,21
glasses,21
coffee,21
elevator,21
air,21
security,21
space,21
somebody,21
foam,21
moved,21
center,21
step,21
picked,21
exactly,21
neck,21
jack,21
deep,21
shadows,21
panel,21
cheap,21
chinese,21
feet,21
waiting,21
spindle,21
military,20
music,20
hot,20
legs,20
thumb,20
full,20
arcade,20
link,20
terminal,20
woman,20
ninja,20
darkness,20
keep,20
moving,20
deal,20
fuck,20
eye,20
hard,20
soft,20
every,20
julie,20
cyberspace,20
glanced,20
says,20
later,20
faint,20
swung,20
worked,19
inside,19
alone,19
square,19
tube,19
war,19
death,19
building,19
temperfoam,19
shoulders,19
better,19
tiny,19
near,19
shop,19
managed,19
wait,19
nearly,19
seconds,19
built,19
gave,19
hung,19
wide,19
woke,19
looks,19
four,18
men,18
image,18
followed,18
try,18
ing,18
together,18
flash,18
entrance,18
friend,18
punched,18
close,18
wet,18
lips,18
e,18
slowly,18
lights,18
decided,18
human,18
skin,18
villa,18
monitor,18
shot,18
hour,18
day,18
christ,18
wanted,18
meters,18
huh,18
strange,18
blank,18
kinda,18
needed,17
easy,17
smile,17
number,17
whole,17
length,17
somewhere,17
moderns,17
read,17
business,17
vast,17
twisted,17
word,17
filled,17
nylon,17
switch,17
silence,17
different,17
fist,17
done,17
simple,17
understand,17
nose,17
throat,17
faces,17
mother,17
shuriken,17
rose,17
rising,17
known,17
wrist,17
watching,17
screaming,16
pulse,16
wrong,16
smelled,16
hold,16
_garvey_,16
large,16
sometimes,16
gold,16
central,16
doorway,16
zionite,16
desk,16
software,16
bruce,16
heart,16
care,16
caught,16
lady,16
foot,16
pack,16
ready,16
pierre,16
dull,16
cause,16
computer,16
modern,16
stop,16
yes,16
running,16
broken,16
pockets,16
meter,16
almost,16
minutes,16
kicked,16
must,16
turing,16
boss,16
n,16
core,16
cowboy,16
color,16
babylon,16
tension,16
hurt,15
locked,15
wind,15
showed,15
touched,15
child,15
quite,15
knees,15
sight,15
sendai,15
lot,15
tape,15
problem,15
smoke,15
spread,15
guy,15
cath,15
loose,15
used,15
started,15
course,15
met,15
chest,15
roland,15
paid,15
pair,15
grid,15
silk,15
talking,15
tunnel,15
nobody,15
buy,15
free,15
days,15
vanished,15
cool,15
level,15
given,15
r,15
wood,15
bought,15
helmet,15
nest,15
brass,15
lobby,15
cigarette,15
c,15
carefully,15
hilton,15
fear,15
cigarettes,14
corporate,14
slightly,14
working,14
slender,14
ar,14
sent,14
led,14
baby,14
mute,14
figures,14
ghost,14
bank,14
thick,14
wi,14
year,14
cart,14
food,14
nine,14
history,14
heavy,14
whatever,14
russian,14
wrapped,14
surface,14
library,14
broad,14
somehow,14
dix,14
crazy,14
waited,14
expensive,14
use,14
others,14
ancient,14
gear,14
goddam,14
hate,14
phone,14
removed,14
hull,14
fat,14
suddenly,14
smoothly,14
covered,14
words,14
walk,14
brought,13
arrow,13
service,13
listen,13
shadow,13
fabric,13
palms,13
alley,13
imagined,13
vision,13
stone,13
returned,13
sea,13
faded,13
lee,13
verne,13
lowered,13
con,13
ring,13
silent,13
dream,13
systems,13
ask,13
hundred,13
inner,13
display,13
drew,13
meat,13
bag,13
jules,13
_marcus,13
tokyo,13
blurred,13
tug,13
biz,13
metal,13
remington,13
muzzle,13
beer,13
direction,13
pilot,13
check,13
curve,13
knows,13
short,13
fucking,13
leaving,13
unit,12
plate,12
life,12
falling,12
aside,12
dome,12
many,12
boat,12
huge,12
palm,12
fresh,12
coffin,12
produced,12
michle,12
lupus,12
become,12
office,12
personality,12
rain,12
ragged,12
crystal,12
brain,12
ex,12
touch,12
speed,12
family,12
dust,12
talked,12
less,12
circle,12
invisible,12
special,12
able,12
blades,12
blinked,12
matter,12
ears,12
artificial,12
threw,12
grown,12
kid,12
automatically,12
finally,12
bow,12
pointed,12
corner,12
idea,12
restaurant,12
per,12
private,12
terzibashjian,12
clinic,12
times,12
toxin,12
random,12
watch,12
loft,12
cubicle,12
tip,12
imitation,12
holograms,12
bare,12
lower,12
anybody,12
rainbow,12
gets,12
polished,12
wooden,11
checked,11
enormous,11
saying,11
rich,11
best,11
chrome,11
son,11
love,11
mirrors,11
locks,11
dunno,11
ono,11
opposite,11
wants,11
wired,11
burning,11
beautiful,11
barrel,11
straight,11
funny,11
spine,11
ago,11
great,11
next,11
jesus,11
start,11
stomach,11
drug,11
stage,11
magnetic,11
antique,11
thighs,11
change,11
blind,11
form,11
berne,11
stained,11
comes,11
stare,11
cores,11
month,11
desiderata,11
hell,11
pretty,11
game,11
colonel,11
wish,11
drone,11
artiste,11
noticed,11
calm,11
leaned,11
turning,11
dreams,11
round,11
tall,11
voices,11
istanbul,11
starting,11
crowded,11
extended,11
razor,11
bridge,11
swiss,11
jimmy,11
lines,11
sacs,11
yonderboy,11
striped,11
socket,11
ceiling,11
drugs,11
everything,11
port,11
weird,11
turn,11
surf,11
reminded,11
taste,11
yacht,11
style,11
reach,11
flight,11
frozen,11
cheek,11
question,11
opening,11
panther,11
carried,11
pancreas,10
hole,10
feeling,10
pauley,10
roll,10
scratched,10
walking,10
tears,10
thousand,10
world,10
company,10
axis,10
drifting,10
self,10
play,10
fire,10
leaning,10
medical,10
perfect,10
familiar,10
staring,10
drink,10
band,10
sliding,10
handle,10
ya,10
stopped,10
clear,10
mitage,10
garvey_,10
seeing,10
skull,10
wave,10
pulling,10
tapped,10
effect,10
dry,10
third,10
dawn,10
features,10
ginger,10
marie,10
tiles,10
programs,10
die,10
grinned,10
track,10
cluster,10
guys,10
children,10
zero,10
sphere,10
house,10
supposed,10
iron,10
solid,10
climb,10
names,10
train,10
profile,10
lined,10
puppet,10
eight,10
fumbled,10
carved,10
snapped,10
maze,10
derm,10
paris,10
settled,10
mr,10
mesh,10
top,10
complex,10
laughter,10
dropped,10
outside,10
shivered,10
quiet,10
shaft,10
nails,10
stand,10
crumpled,10
follow,10
became,10
identical,10
fragments,10
sit,10
ended,10
painted,10
climbed,9
silicon,9
doors,9
shifting,9
leave,9
sign,9
corridors,9
edged,9
vacuum,9
luck,9
pull,9
mask,9
cry,9
seh,9
couple,9
_haniwa_,9
eleven,9
animal,9
shut,9
meant,9
drank,9
web,9
transparent,9
sister,9
bunker,9
aware,9
hologram,9
subtle,9
de,9
paused,9
chin,9
entirely,9
anger,9
slab,9
mirrored,9
bazaar,9
stars,9
polycarbon,9
neuromancer,9
takes,9
broke,9
banks,9
trees,9
lonny,9
smart,9
nerves,9
control,9
shaking,9
bitch,9
final,9
star,9
sorry,9
clothes,9
warm,9
folded,9
bay,9
yen,9
nerve,9
handed,9
cobra,9
france,9
rigid,9
making,9
may,9
curled,9
whispered,9
seat,9
pay,9
none,9
nervous,9
burned,9
replaced,9
mirror,9
cloud,9
access,9
mercedes,9
rectangular,9
withdrew,9
fall,9
london,9
raw,9
finger,9
lenses,9
quickly,9
catch,9
pyramid,9
sunlight,9
backward,9
thirty,9
rented,9
cast,9
sun,9
version,9
numb,9
shade,9
weight,9
least,9
tables,9
market,9
larger,9
women,9
orange,9
ones,9
job,9
ornate,8
explained,8
series,8
possible,8
minute,8
team,8
limbs,8
records,8
hunched,8
memories,8
power,8
package,8
sealed,8
gliding,8
johnny,8
scan,8
intended,8
castle,8
barely,8
pressed,8
standing,8
dock,8
rough,8
frame,8
wire,8
figured,8
atlanta,8
patterns,8
snake,8
screamed,8
blanket,8
bartender,8
ladder,8
lap,8
contents,8
unable,8
sting,8
board,8
yakuza,8
flask,8
live,8
beat,8
sheet,8
steady,8
pattern,8
armenian,8
using,8
rear,8
recorded,8
carpet,8
laser,8
fence,8
base,8
since,8
reflected,8
muscle,8
flicked,8
probably,8
damp,8
larry,8
confused,8
bet,8
attention,8
distant,8
eat,8
piece,8
balcony,8
friends,8
whose,8
honey,8
grade,8
mine,8
softly,8
flatlined,8
basic,8
died,8
dealing,8
spheres,8
shoes,8
peered,8
fast,8
interior,8
sheets,8
wake,8
climbing,8
images,8
forget,8
shattered,8
hitachi,8
wiped,8
particular,8
framed,8
forest,8
ah,8
usual,8
speak,8
sanyo,8
rang,8
glow,8
expected,8
quick,8
information,8
happened,8
careful,8
slick,8
sony,8
screens,8
dub,8
arrived,8
drifted,8
breasts,8
sensation,8
six,8
betaphenethylamine,8
asshole,8
ear,8
cube,8
module,8
closer,8
pants,8
sick,8
projection,7
dna,7
machine,7
dreamed,7
hidden,7
message,7
doin,7
padded,7
credit,7
pavement,7
steps,7
choice,7
bloody,7
slot,7
robe,7
breath,7
stripped,7
formed,7
rest,7
rage,7
burgundy,7
pick,7
waves,7
smiling,7
stairs,7
model,7
relaxed,7
un,7
chat,7
coded,7
sides,7
punch,7
bent,7
rode,7
static,7
bring,7
thigh,7
hope,7
means,7
ball,7
shotgun,7
crack,7
angeles,7
count,7
tossed,7
phones,7
glittering,7
yeheyuan,7
law,7
japan,7
forces,7
rectangle,7
hang,7
true,7
trouble,7
fragile,7
upper,7
clothing,7
directly,7
fifty,7
fifth,7
ground,7
thinking,7
lado,7
los,7
happening,7
shifted,7
lie,7
liked,7
damn,7
lived,7
obviously,7
showing,7
shuddered,7
cotton,7
structure,7
required,7
flickered,7
click,7
acheson,7
impression,7
endless,7
orbital,7
parts,7
buzz,7
glare,7
aide,7
girls,7
seem,7
picking,7
suggested,7
trigger,7
entered,7
regarded,7
burn,7
ribs,7
shin,7
growing,7
waist,7
main,7
rattled,7
rock,7
sideways,7
_garvey,7
slept,7
knives,7
registered,7
lozenge,7
morning,7
stretched,7
mark,7
bottle,7
u,7
shark,7
sharp,7
derms,7
deserted,7
micro,7
printout,7
spent,7
scarlet,7
shock,7
named,7
bones,7
symbols,7
mccoy,7
coughed,7
instant,7
angles,7
plain,7
shuttle,7
crawled,7
works,7
knuckles,7
implants,7
coffins,7
executed,7
swaying,7
god,7
ankle,7
brushed,7
fluid,7
twice,7
games,7
cracked,7
heat,7
longer,7
rom,7
town,7
goes,7
naked,7
bodies,7
furniture,7
cabinet,7
grass,7
tanned,7
difficult,7
wondered,7
king,7
windows,7
hip,7
art,7
slapped,7
various,7
rio,7
fading,7
intervals,7
gradually,7
smaller,7
folds,7
ringed,7
studded,7
knowing,7
narrowed,7
octagon,7
lead,7
ripped,7
owe,7
circuitry,6
spoke,6
blade,6
fit,6
tomorrow,6
wasp,6
shower,6
tion,6
object,6
clicked,6
blew,6
pads,6
gleaming,6
split,6
european,6
eyebrows,6
_jal_,6
jane,6
rolling,6
meadow,6
winter,6
tore,6
million,6
sas,6
printed,6
salt,6
surgery,6
twin,6
summer,6
gestured,6
act,6
rush,6
pulsing,6
millimeters,6
sank,6
clock,6
section,6
revealing,6
learn,6
upstairs,6
operation,6
missed,6
grace,6
blond,6
internal,6
shops,6
enzyme,6
tree,6
europa,6
yeheyuans,6
levels,6
early,6
age,6
continued,6
gettin,6
rack,6
bobbing,6
blocks,6
blown,6
gently,6
segment,6
rings,6
listened,6
graphics,6
placed,6
chubb,6
worn,6
order,6
holografix,6
l,6
logo,6
standard,6
tangle,6
forced,6
drawn,6
com,6
thanks,6
wan,6
cost,6
towers,6
fixed,6
cat,6
fiberoptics,6
displayed,6
mostly,6
remained,6
breakfast,6
burst,6
ruby,6
heels,6
media,6
passing,6
area,6
streets,6
uneven,6
strong,6
pushed,6
actually,6
reason,6
expecting,6
giggled,6
custodial,6
grew,6
forgotten,6
hallway,6
carpets,6
wings,6
rue,6
waking,6
crab,6
cheeks,6
peeling,6
brood,6
border,6
freeze,6
police,6
stay,6
knelt,6
buddy,6
void,6
overhead,6
roof,6
hood,6
points,6
stepping,6
12,6
seven,6
consciousness,6
sailors,6
afternoon,6
fashioned,6
father,6
answered,6
walled,6
nearest,6
designed,6
bullshit,6
waiter,6
gracefully,6
sleeping,6
bags,6
grip,6
aiming,6
chamber,6
served,6
arranged,6
gangway,6
founder,6
needs,6
awkward,6
entry,6
dragon,6
playing,6
print,6
crouched,6
giant,6
platinum,6
secret,6
century,6
bamboo,6
boys,6
planes,6
brushing,6
intricate,6
stud,6
rec,6
bama,6
flashed,6
curved,6
pausing,6
pulsed,6
gaze,6
tense,6
helped,6
tumbling,6
weapon,6
outline,6
tweed,6
ghosts,6
primary,6
tourists,6
ram,6
rat,6
beads,6
wear,6
wound,6
apart,6
sighed,6
widened,6
holographic,6
factory,6
motion,6
childhood,6
betrayal,6
wool,6
rungs,6
canister,6
seems,6
holding,6
ol,6
oh,6
garvey,6
surgical,6
miniature,6
stick,6
return,6
paradise,6
thrown,6
added,6
electric,6
bars,6
sweet,6
dug,6
vaguely,6
lengths,6
refused,6
recited,6
icebreaker,6
cloth,6
metro,6
tan,6
shallow,6
spun,6
view,6
knot,6
transfer,6
tired,5
elaborate,5
damage,5
wine,5
fix,5
strata,5
shelves,5
canyon,5
startled,5
eastern,5
commerce,5
played,5
previous,5
captive,5
magazines,5
panels,5
fatigues,5
address,5
following,5
allowed,5
conscious,5
tangled,5
torn,5
shiga,5
training,5
glossy,5
altered,5
congressional,5
marlene,5
nothin,5
costs,5
clan,5
gimme,5
fished,5
_haniwa,5
bookcases,5
pedestal,5
original,5
sang,5
strolling,5
pearl,5
lexan,5
corrugated,5
cheekbones,5
cassette,5
bothering,5
fission,5
firm,5
backing,5
input,5
sicle,5
wrinkled,5
faintly,5
lane,5
equivalent,5
customer,5
counter,5
alloy,5
ship,5
cage,5
surely,5
assumed,5
scarf,5
scene,5
adaptor,5
steep,5
jah,5
packet,5
bossman,5
seaboard,5
genetic,5
joeboys,5
sarariman,5
chairs,5
matte,5
flickering,5
railing,5
partagas,5
trials,5
chance,5
searched,5
gardens,5
suppose,5
glance,5
total,5
elbow,5
greek,5
forty,5
target,5
tone,5
wasps,5
asking,5
months,5
ganja,5
evidence,5
turns,5
microlight,5
mael,5
car,5
candles,5
adrenaline,5
card,5
impossible,5
drove,5
size,5
brains,5
television,5
angel,5
neatly,5
seldom,5
trick,5
micropore,5
benefit,5
throw,5
vingtime,5
intercontinental,5
learned,5
colored,5
ahead,5
mounted,5
fronted,5
species,5
centimeters,5
founders,5
lip,5
clean,5
gloved,5
poisoned,5
missing,5
_babylon,5
mainframe,5
optic,5
translucent,5
block,5
collapsed,5
injection,5
ordered,5
nah,5
manhattan,5
suits,5
win,5
kolodny,5
ride,5
circular,5
stenciled,5
measure,5
swayed,5
scrambled,5
gesture,5
fiberglass,5
places,5
neither,5
jersey,5
party,5
kick,5
tongue,5
answer,5
bone,5
starts,5
distance,5
alarm,5
wearing,5
subject,5
interest,5
tank,5
neat,5
filtered,5
yet,5
magazine,5
tossing,5
jarre,5
string,5
bonbon,5
battered,5
pure,5
grow,5
tucked,5
killer,5
suspended,5
anyone,5
awareness,5
chromed,5
mineral,5
box,5
wonder,5
shopping,5
forefinger,5
rubbing,5
sudden,5
harsh,5
pal,5
pile,5
lotta,5
knife,5
mixed,5
orbit,5
field,5
resembled,5
ribbon,5
movement,5
marble,5
pleasure,5
industrial,5
paint,5
needle,5
recording,5
extremely,5
please,5
stem,5
shape,5
letting,5
cum,5
bit,5
bored,5
cooked,5
lunar,5
surgeon,5
f,5
cutting,5
dreaming,5
winked,5
automatic,5
curves,5
intensity,5
routine,5
partner,5
position,5
italian,5
screwed,5
although,5
guard,5
memphis,5
flip,5
patched,5
selected,5
hundreds,5
precis,5
gate,5
difference,5
skeletal,5
washed,5
centered,5
perfectly,5
situations,5
frying,5
mus,5
mug,5
news,5
strobed,5
several,5
caulk,5
steadily,5
steppin,5
riot,5
fuel,5
counting,5
representation,5
midnight,5
nodding,5
jacking,5
bolts,5
pro,5
rent,5
endorphin,5
22,5
hardly,5
tiers,5
bracelet,5
picture,5
cowboys,5
intact,5
rubbed,5
ali,5
seals,5
worse,5
rate,5
toes,5
sensorium,5
glad,5
rather,5
breaking,5
dissolving,5
circuit,5
sailor,5
finding,5
rocker,5
sleeves,5
wrote,5
intelligence,5
sold,5
bronze,5
rig,5
higher,5
freefall,5
capitals,5
understood,5
ticking,5
creaked,5
raising,5
nice,5
breathing,5
readout,5
midbay,5
dripping,5
sir,5
rusted,5
umbrellas,5
accent,5
boring,5
pupils,5
perhaps,5
collar,5
english,5
rocked,5
sequence,5
scared,5
growth,5
spiral,5
junk,5
chassis,4
passport,4
travel,4
keeps,4
spider,4
ri,4
boston,4
metallic,4
shall,4
honda,4
lots,4
score,4
nature,4
carbon,4
country,4
humming,4
remembering,4
boiled,4
_tunel_,4
match,4
intent,4
ver,4
sawn,4
concealed,4
pretend,4
darkened,4
contained,4
massive,4
spoken,4
surged,4
inserted,4
pimp,4
gangster,4
technology,4
singapore,4
dart,4
pop,4
stranger,4
discarded,4
claw,4
bonn,4
bubble,4
ad,4
mass,4
laughing,4
swirling,4
hieroglyphs,4
pass,4
viera,4
scientists,4
mad,4
ultrasuede,4
accept,4
plane,4
trade,4
research,4
imagine,4
w,4
basically,4
scrawled,4
also,4
plan,4
microsoft,4
condos,4
banking,4
analog,4
sections,4
interface,4
resting,4
walther,4
hoping,4
vanish,4
alert,4
listening,4
nowhere,4
seamless,4
spat,4
codes,4
definitely,4
turkish,4
video,4
slabs,4
makes,4
halted,4
realized,4
robot,4
surgeons,4
realize,4
traced,4
frequency,4
jagged,4
blackbox,4
bunched,4
owned,4
shorts,4
mechanism,4
mechanical,4
fact,4
pause,4
riding,4
styrofoam,4
h,4
streamlined,4
ends,4
explosive,4
waste,4
ripe,4
infinite,4
audio,4
thief,4
pressure,4
housing,4
worth,4
employees,4
diameter,4
coins,4
millimeter,4
break,4
safety,4
wasted,4
stalls,4
circles,4
extending,4
scrubber,4
warmth,4
mistake,4
cylinder,4
tugged,4
involuntary,4
bedslab,4
upturned,4
shoul,4
cooler,4
bore,4
purple,4
banked,4
horizon,4
fight,4
mole,4
dying,4
switched,4
hurry,4
terror,4
gum,4
discover,4
peeled,4
envelope,4
hive,4
product,4
kurt,4
birds,4
tending,4
rooftop,4
forms,4
nod,4
hall,4
drop,4
domes,4
striking,4
angular,4
prick,4
price,4
german,4
whipped,4
daddy,4
muttered,4
countless,4
embrace,4
exposed,4
moves,4
cabinets,4
registry,4
edited,4
amount,4
archipelago,4
dread,4
yo,4
towering,4
gardener,4
mist,4
bowed,4
hired,4
generating,4
liver,4
loop,4
makeshift,4
plugs,4
winced,4
eeg,4
within,4
smells,4
caressed,4
crouching,4
rested,4
afterimages,4
wizard,4
friendly,4
telling,4
vatgrown,4
boots,4
commercial,4
focused,4
camera,4
popped,4
arched,4
arches,4
meet,4
wonderful,4
brittle,4
crossing,4
stimulants,4
x,4
grayish,4
state,4
erased,4
yak,4
owns,4
swinging,4
spherical,4
detail,4
canted,4
lose,4
motive,4
reaching,4
pointless,4
cells,4
talkin,4
haze,4
tips,4
tapes,4
taped,4
ward,4
vodka,4
maintain,4
personal,4
wrists,4
00,4
04,4
scrap,4
quine,4
ugly,4
sushi,4
djellaba,4
belly,4
thoughts,4
materials,4
manual,4
conceal,4
lied,4
lies,4
lurid,4
tarnished,4
intelligences,4
shift,4
visit,4
effort,4
ping,4
chemical,4
map,4
entity,4
pitch,4
rastafarian,4
california,4
language,4
speaking,4
broadcast,4
takin,4
employers,4
hotshot,4
reading,4
offered,4
stacked,4
microlights,4
docks,4
drenched,4
rapids,4
film,4
preserved,4
hadda,4
jive,4
dex,4
numbers,4
coat,4
late,4
pad,4
easily,4
fish,4
flowed,4
beginning,4
gotten,4
creased,4
flared,4
eggs,4
sector,4
scattered,4
ruin,4
breast,4
armature,4
fluorescents,4
individual,4
reverse,4
dropping,4
fun,4
joeboy,4
whores,4
amps,4
jerked,4
goods,4
constant,4
prepared,4
entire,4
giving,4
limp,4
tubing,4
sockets,4
skinny,4
sparks,4
scorpion,4
timing,4
eyebrow,4
joke,4
otherwise,4
laugh,4
general,4
tumbled,4
fucker,4
numbered,4
lake,4
epoxy,4
authority,4
whined,4
pools,4
ducked,4
goin,4
fireplace,4
hide,4
punching,4
hospital,4
shoot,4
strand,4
toy,4
strung,4
aztec,4
flame,4
coin,4
flow,4
colors,4
radio,4
chewed,4
blinking,4
swept,4
sipped,4
termute,4
extruded,4
thumbs,4
teenager,4
gift,4
khaki,4
primitive,4
trip,4
til,4
tie,4
tucking,4
bulging,4
tanks,4
navigation,4
today,4
cases,4
nexus,4
corners,4
gaps,4
clumsy,4
molded,4
europe,4
released,4
alphanumerics,4
pre,4
twisting,4
hungry,4
trenchcoat,4
lighter,4
connections,4
weapons,4
turkey,4
helicopter,4
week,4
driven,4
longing,4
except,4
jus,4
calls,4
ments,4
lack,4
disk,4
glimpse,4
sub,4
guns,4
shoulda,4
herring,4
sleeveless,4
lighting,4
fixture,4
expect,4
fiber,4
double,4
rugs,4
rapid,4
rim,4
cryogenic,4
vendor,4
shaped,4
holster,4
featureless,4
hush,4
bell,4
warning,4
generated,4
dealt,4
degree,4
spines,4
struggled,4
somethin,4
gaijin,4
crash,4
material,4
emerald,4
tray,4
remove,4
york,4
origami,4
class,4
craziness,4
favor,4
commands,4
shoving,4
cutter,4
cross,4
elbows,4
arrival,4
terzi,4
book,4
hollow,4
loser,4
rare,4
triggered,4
record,4
monitors,4
spidery,3
swivel,3
clientele,3
crotch,3
holos,3
tires,3
scraped,3
dangled,3
thunder,3
remem,3
crouch,3
china,3
reports,3
cocaine,3
relax,3
whirling,3
holo,3
groaned,3
beauty,3
helsinki,3
manipulators,3
cheerfully,3
sensory,3
ate,3
shipped,3
spinning,3
megabytes,3
clarity,3
geneva,3
eyeless,3
scream,3
insects,3
ment,3
bush,3
release,3
fair,3
pirate,3
lookin,3
fry,3
intrusion,3
rotated,3
craning,3
east,3
articulated,3
bottom,3
chatsubo,3
terraces,3
packets,3
happy,3
melanin,3
exist,3
fastened,3
decision,3
cupped,3
tear,3
dusty,3
studied,3
brazilian,3
rosewood,3
wicker,3
tightly,3
shouldered,3
namban,3
stole,3
lids,3
se,3
decals,3
instantly,3
smarter,3
fluted,3
suggesting,3
seventh,3
siberia,3
stuffed,3
portside,3
sad,3
knee,3
enamel,3
clawing,3
hinges,3
sheathed,3
raged,3
checkered,3
expression,3
rooftops,3
situation,3
boosted,3
transceiver,3
tracking,3
driftwood,3
sprayed,3
weekly,3
ghostly,3
vague,3
burglar,3
lacquered,3
rags,3
advantage,3
trips,3
rust,3
ac,3
tricky,3
caused,3
girling,3
tail,3
chewing,3
paying,3
microchip,3
yellowed,3
welded,3
action,3
handwoven,3
krill,3
dress,3
semblance,3
resemble,3
loud,3
roots,3
sucked,3
mattered,3
zaibatsu,3
cradled,3
worktable,3
torus,3
cover,3
citroen,3
peculiar,3
loved,3
sleeve,3
bird,3
jade,3
movin,3
muted,3
connection,3
objects,3
drunk,3
torso,3
sammi,3
belt,3
fifteen,3
synth,3
awake,3
exponential,3
kinked,3
flooded,3
cigar,3
emergency,3
formal,3
wesson,3
straightened,3
thudded,3
integral,3
apartments,3
custom,3
tally,3
occasional,3
land,3
hello,3
essay,3
existing,3
moon,3
8jean,3
torture,3
wipe,3
magic,3
transmission,3
freed,3
odd,3
flowing,3
busy,3
invented,3
involved,3
casino,3
eatin,3
zip,3
process,3
slit,3
pelvis,3
gums,3
docking,3
hongkong,3
counted,3
cushion,3
kiss,3
wander,3
oblong,3
thrust,3
receding,3
bother,3
result,3
false,3
spelled,3
gentle,3
studying,3
jaw,3
embers,3
claws,3
butts,3
courtyard,3
slitted,3
whispering,3
grinning,3
hardwiring,3
hardware,3
glared,3
terrorism,3
infinity,3
sweetmeat,3
gulls,3
government,3
crisp,3
finnish,3
dove,3
avoid,3
books,3
rubble,3
hexhead,3
quartz,3
vein,3
tickets,3
samurai,3
casinos,3
approximation,3
machines,3
microsofts,3
simultaneously,3
bro,3
quivering,3
lab,3
bared,3
ticket,3
eventually,3
jerking,3
lifted,3
hooked,3
medicine,3
forth,3
colorless,3
writhing,3
licked,3
chopped,3
constellations,3
enjoyed,3
terms,3
cop,3
receiver,3
dozens,3
attacked,3
prison,3
tissue,3
perform,3
catheter,3
cray,3
sagging,3
abstract,3
reality,3
test,3
brothers,3
welcome,3
polite,3
reflexes,3
modules,3
recess,3
layers,3
permanently,3
presented,3
woven,3
penetrated,3
uniform,3
chainlink,3
vibrating,3
throbbed,3
hesitated,3
lapis,3
expanding,3
chattering,3
en,3
shows,3
thong,3
slotting,3
impossibly,3
expanse,3
flowers,3
accessed,3
sunset,3
professional,3
discovered,3
developed,3
attached,3
asleep,3
fascinated,3
aura,3
madness,3
mattress,3
centuries,3
patchwork,3
taxi,3
dancers,3
seams,3
fortune,3
twelve,3
manipulator,3
uneasy,3
testimony,3
poly,3
logics,3
tellin,3
vacantly,3
storage,3
forcing,3
bulk,3
doubted,3
surrounded,3
bulb,3
fountain,3
heaved,3
orgasm,3
inert,3
suction,3
rude,3
slammed,3
evening,3
jaws,3
unnatural,3
7,3
brownish,3
ash,3
miss,3
horse,3
station,3
tighter,3
trapped,3
concentration,3
officers,3
filmed,3
flicker,3
scooter,3
paranoia,3
darted,3
perfume,3
gloves,3
spray,3
ranked,3
zipper,3
headed,3
likes,3
gestalt,3
brilliant,3
older,3
shivering,3
lakes,3
mycotoxin,3
circuits,3
stumbling,3
draw,3
visual,3
suite,3
nonslip,3
cell,3
rotten,3
noisily,3
nameless,3
singing,3
braindeath,3
vehicle,3
mitsubishi,3
drawer,3
africans,3
arrangement,3
mentioned,3
pixel,3
inverted,3
littered,3
strap,3
drowning,3
disembodied,3
defense,3
screw,3
bastard,3
ably,3
connected,3
gallery,3
construction,3
tobacco,3
desperate,3
precious,3
hustlers,3
distinguish,3
controlled,3
sensed,3
smoking,3
coating,3
destruction,3
increasingly,3
density,3
flashing,3
candy,3
belonged,3
overlap,3
coated,3
nightclub,3
museum,3
triangular,3
sheened,3
converted,3
twist,3
tumble,3
foil,3
grunted,3
frankfurt,3
segments,3
fists,3
force,3
neo,3
type,3
berlin,3
aligned,3
weeks,3
fringes,3
steward,3
warped,3
zeros,3
tells,3
regular,3
dot,3
visitor,3
bal,3
07,3
shaven,3
appeared,3
ting,3
bockris,3
ashpools,3
deeper,3
tapping,3
sikkim,3
study,3
im,3
convulsively,3
squat,3
tattooed,3
background,3
signal,3
vaulted,3
dense,3
islands,3
amsterdam,3
flying,3
clinics,3
lilies,3
stages,3
sticky,3
outskirts,3
countdown,3
suffered,3
advised,3
dim,3
dis,3
eating,3
protruding,3
implanted,3
verge,3
lockers,3
fly,3
avoiding,3
agent,3
pine,3
tile,3
mat,3
cute,3
texas,3
living,3
emerged,3
underwear,3
exotic,3
carry,3
seersucker,3
arch,3
eyed,3
cracks,3
scraping,3
victorian,3
speakers,3
potential,3
trace,3
assault,3
cuban,3
threading,3
parent,3
borders,3
gripped,3
overdose,3
ignition,3
doctor,3
speech,3
gates,3
pill,3
blankets,3
grin,3
mod,3
erase,3
outa,3
inject,3
raincoat,3
spreading,3
harness,3
wiping,3
downstairs,3
bleached,3
cables,3
fill,3
floored,3
lapel,3
decorated,3
represent,3
slung,3
enjoying,3
hideous,3
sitting,3
kandinsky,3
perspective,3
public,3
ranged,3
chipped,3
airport,3
blankness,3
der,3
taut,3
purchased,3
plans,3
par,3
clumsily,3
20,3
kirensk,3
microscopic,3
pistolgrip,3
postwar,3
limped,3
projected,3
baiitsu,3
pathetic,3
backed,3
chipboard,3
cups,3
smoothed,3
believe,3
windbreaker,3
orders,3
dancing,3
couch,3
build,3
seething,3
particularly,3
perched,3
override,3
lattices,3
tended,3
lisbon,3
cubes,3
danced,3
deposit,3
screened,3
gap,3
ached,3
source,3
deliberately,3
disks,3
patient,3
strapped,3
jockey,3
cure,3
dimmed,3
shinjuku,3
utterly,3
song,3
gravel,3
labels,3
mottled,3
lapse,3
account,3
closing,3
fringe,3
lector,3
curving,3
aft,3
le,3
criminal,3
frayed,3
slipping,3
sexual,3
approached,3
barricades,3
south,3
braced,3
cabin,3
explanation,3
slack,3
tide,3
unlikely,3
apparently,3
unless,3
firelight,3
rotating,3
grabbed,3
knowledge,3
beam,3
ashtray,3
nudged,3
gratuitous,3
finished,3
practice,3
fucked,3
airlock,3
neural,3
tough,3
cybernetic,3
rumpled,3
elastic,3
bun,3
partially,3
dangerous,3
pin,3
paintstick,3
assembled,3
feeding,3
rise,3
parted,3
frosted,3
estimated,3
revolver,3
poison,3
represented,3
predawn,3
leaves,3
drummed,3
amid,3
complexity,3
filling,3
silvered,3
onto,3
hearing,3
bandaged,3
tool,3
dered,3
glimpsed,3
sores,3
mixture,3
sunglasses,3
disturbing,3
slotted,3
larynx,3
faced,3
irregular,3
zionites,3
vibration,3
humanity,3
turquoise,3
skulls,3
craned,3
froze,3
existed,3
fought,3
quicksilver,3
trio,3
techs,3
focus,3
passage,3
standards,3
slowed,3
dried,3
reply,3
swallowed,3
smudged,3
beers,3
dialed,3
julius,3
local,3
tinted,3
secured,3
fourth,3
clone,3
eighty,3
repeat,3
glancing,3
coordinates,3
turf,3
stuck,3
legally,3
copy,3
blunt,3
urge,3
insets,3
neuro,3
gull,3
written,3
crime,3
ignored,3
ways,3
reaction,3
furs,3
jammed,3
cords,3
engine,3
moll,3
meperidine,3
vest,3
granted,3
siberian,3
ness,3
changing,3
modem,3
kneeling,3
poised,3
snatched,3
provided,3
purse,3
regard,3
faster,3
protruded,3
stumbled,3
bered,3
flower,3
booked,3
applause,3
rimmed,3
dish,3
synthetic,3
apartment,3
lining,3
christian,3
markets,3
operators,3
hissed,3
absently,3
finland,3
stash,3
balloon,3
cubicles,3
generation,3
inflated,3
p,3
friday,3
fallen,3
fancy,3
passes,3
leading,3
store,3
convinced,3
kink,3
stale,3
beyoglu,3
baroque,3
relentless,3
arc,3
heaped,3
youth,3
tacticals,3
erns,3
guts,3
political,3
demon,3
rip,3
bounced,3
jumps,3
wineglass,3
baggy,3
turings,3
fried,3
gloss,3
problems,3
alien,3
winds,3
languages,3
posture,3
manipulating,3
defenses,3
chose,3
kangaroo,3
shades,3
headless,3
shoved,3
crusted,3
anywhere,3
proof,3
tap,3
flaring,3
sip,3
typewriter,3
masks,3
straps,3
lounge,3
permanent,3
sternum,3
induction,3
insane,3
reflecting,3
indistinct,3
stove,3
lemme,3
isham,3
chips,3
closet,3
crude,3
pumped,3
lifeboat,3
immortality,3
ringing,3
units,3
gutted,3
miami,3
searching,3
column,3
universe,3
shipping,3
distract,3
unfolding,3
shredded,3
jewel,3
raining,2
spiders,2
hanging,2
centimeter,2
lord,2
coveralls,2
disturb,2
wednesday,2
wavered,2
bacon,2
scraper,2
loathing,2
blouse,2
splinter,2
herr,2
golden,2
brings,2
92,2
plunged,2
locker,2
example,2
hyatt,2
hop,2
turk,2
types,2
feedback,2
fin,2
woods,2
ugliness,2
velcro,2
cused,2
snaked,2
triptych,2
sys,2
brickwork,2
wash,2
master,2
rummaged,2
danish,2
frowned,2
crawl,2
trem,2
responsible,2
absorbed,2
season,2
grips,2
cops,2
grove,2
camp,2
nineteenth,2
bust,2
rice,2
spilling,2
patch,2
flanked,2
peripheral,2
hammer,2
dunhill,2
triggers,2
logic,2
betrayed,2
shouting,2
chill,2
calcium,2
frisco,2
k,2
damaged,2
sonality,2
tuna,2
seamed,2
academic,2
stillness,2
massaging,2
arcologies,2
expensively,2
ideas,2
ease,2
hat,2
posed,2
birth,2
usually,2
desire,2
losing,2
shaken,2
support,2
nova,2
halls,2
offer,2
paneled,2
proved,2
textbook,2
dealer,2
protested,2
models,2
beamed,2
chain,2
morgues,2
progress,2
melt,2
crashing,2
plucking,2
impacted,2
workpants,2
crumbled,2
afford,2
consoles,2
rebounding,2
divided,2
stress,2
ordinarily,2
swollen,2
drunken,2
transplants,2
hiring,2
carapace,2
amazing,2
webs,2
decades,2
matches,2
pushover,2
sorted,2
matched,2
veins,2
repaired,2
recordings,2
besides,2
jumbled,2
saving,2
symmetry,2
bite,2
indicate,2
2,2
draft,2
note,2
butterfly,2
handing,2
retina,2
blowers,2
slurred,2
surplus,2
transact,2
swabbing,2
artist,2
bombs,2
dived,2
impressions,2
kilometer,2
teens,2
decks,2
spare,2
loudly,2
stretch,2
mounting,2
reflex,2
squinted,2
straighten,2
taser,2
dubious,2
berspace,2
diving,2
dermatrodes,2
exit,2
ration,2
nightwing,2
complete,2
cloned,2
buying,2
handsome,2
darker,2
detailed,2
al,2
ap,2
cream,2
blinded,2
forgettable,2
snagged,2
sobbing,2
sawing,2
splicing,2
sci,2
knotted,2
floated,2
condition,2
cable,2
sluggish,2
laying,2
_that,2
cash,2
hassock,2
buzzing,2
legend,2
via,2
alcove,2
keeping,2
scam,2
punctuated,2
impulse,2
glowing,2
clink,2
waved,2
plant,2
variant,2
register,2
passages,2
mexican,2
signs,2
laced,2
rapidly,2
sauce,2
tentatively,2
yellows,2
floors,2
armchair,2
clockwork,2
darling,2
nervously,2
porcelain,2
_him,2
gazed,2
mimetic,2
slipper,2
glitter,2
bleeped,2
absorb,2
sell,2
effecting,2
darts,2
understands,2
omaha,2
impact,2
failed,2
preparing,2
river,2
bulky,2
sex,2
slanting,2
sec,2
available,2
cryptic,2
church,2
veneer,2
sweetheart,2
sleeved,2
dully,2
uncertain,2
caged,2
forgetting,2
pound,2
matsuga,2
stung,2
stack,2
person,2
unto,2
signals,2
location,2
crying,2
goddamn,2
bounce,2
odor,2
obscured,2
melbourne,2
forearms,2
repair,2
primarily,2
archaic,2
defined,2
stiffly,2
rambali,2
hustling,2
partial,2
scratch,2
centers,2
churned,2
send,2
threat,2
crosslegged,2
nightwings,2
resulting,2
stantly,2
tools,2
whipping,2
doubt,2
givens,2
sharply,2
balls,2
animals,2
clients,2
wedge,2
pawn,2
pieces,2
slip,2
rods,2
shuffled,2
delay,2
hormones,2
assassin,2
decay,2
shudder,2
instruments,2
polychrome,2
boutique,2
compulsive,2
collagen,2
owner,2
interests,2
yellowing,2
elite,2
buttocks,2
trike,2
viewed,2
headlong,2
wounded,2
decade,2
planted,2
lucky,2
fronds,2
horns,2
packed,2
coils,2
tangular,2
piston,2
scrolls,2
configuration,2
ets,2
puff,2
adjusted,2
cy,2
keying,2
coals,2
terrorist,2
concealing,2
dreadbag,2
upon,2
proficiency,2
357,2
command,2
drawing,2
rooms,2
hauled,2
combine,2
checking,2
fuji,2
haul,2
drilled,2
flush,2
hissing,2
recognition,2
updraft,2
letters,2
erect,2
afoot,2
function,2
overlapping,2
effected,2
forests,2
outlines,2
_ingiliz,2
outlining,2
crete,2
aliases,2
pointing,2
speeded,2
sped,2
manip,2
pachinko,2
deliberate,2
gritted,2
obtained,2
daughter,2
bra,2
bundled,2
curvature,2
crest,2
quiver,2
agony,2
flechette,2
earlier,2
customs,2
fan,2
triggering,2
zen,2
stippled,2
penetration,2
ther,2
backgrounds,2
senger,2
kirin,2
created,2
incisors,2
fuckers,2
drones,2
electronic,2
john,2
hike,2
scenes,2
powers,2
shoals,2
pilgrimage,2
circled,2
grave,2
deeply,2
renting,2
blotting,2
squirmed,2
screening,2
di,2
preferred,2
congealed,2
dr,2
gears,2
steal,2
steam,2
projections,2
inna,2
lacquer,2
gentleman,2
ered,2
climate,2
cow,2
selective,2
col,2
wider,2
flexible,2
abrupt,2
plates,2
perimeter,2
hypnagogic,2
humble,2
contact,2
mclean,2
nonspace,2
mid,2
adding,2
flooring,2
righteous,2
fusion,2
cape,2
hairless,2
cooled,2
mazes,2
confusing,2
sizzling,2
attorney,2
balanced,2
strangely,2
lowest,2
becoming,2
reset,2
muscular,2
howling,2
physical,2
carpeting,2
musty,2
concept,2
patina,2
rhythm,2
shared,2
explosion,2
roaring,2
impatiently,2
trial,2
marked,2
bowing,2
angelo,2
molecules,2
futon,2
commissioned,2
graphic,2
trans,2
spa,2
cadre,2
write,2
flank,2
produce,2
lifting,2
vomited,2
crept,2
serving,2
neuroelectronic,2
stayed,2
dependency,2
non,2
transmissions,2
firedoor,2
fired,2
simplicity,2
replay,2
happen,2
avoided,2
pills,2
shown,2
carp,2
waxy,2
coulda,2
period,2
invitation,2
bling,2
thai,2
scalpel,2
launching,2
destiny,2
forever,2
gnat,2
title,2
jolt,2
shrill,2
keyed,2
lasers,2
sport,2
concern,2
import,2
notice,2
dockin,2
wheels,2
nearby,2
_have_,2
coffeemaker,2
cycling,2
betcha,2
polymer,2
awhile,2
worry,2
finish,2
closest,2
momentum,2
politely,2
heightened,2
willis,2
conservative,2
pylons,2
creaking,2
operator,2
poured,2
grated,2
pitcher,2
hire,2
cartons,2
sniffed,2
loops,2
scanned,2
trickled,2
hurtled,2
drift,2
passivity,2
horror,2
nearing,2
grapples,2
arena,2
whine,2
soldier,2
sealing,2
requiring,2
cosmetic,2
toys,2
amaze,2
contains,2
lowering,2
lust,2
sneak,2
purring,2
invasion,2
egg,2
feed,2
urine,2
soot,2
groping,2
vomit,2
trailed,2
referred,2
restless,2
testify,2
dominated,2
bass,2
housed,2
dirt,2
pinned,2
nuts,2
selling,2
overdrive,2
cartridges,2
blindly,2
catatonic,2
juicy,2
juice,2
retracted,2
cave,2
experienced,2
snapping,2
blend,2
hips,2
northern,2
ques,2
strut,2
famous,2
pretending,2
biologicals,2
attained,2
hobbled,2
kilos,2
unconscious,2
abruptly,2
mega,2
sensitive,2
vault,2
experimental,2
fener,2
catwalk,2
moire,2
lives,2
soiled,2
bruises,2
organs,2
belong,2
subliminal,2
shad,2
grand,2
uses,2
canisters,2
everybody,2
ache,2
shiny,2
pentagon,2
patterned,2
alive,2
_mar,2
sifting,2
similar,2
yakitori,2
amounts,2
tubes,2
clenched,2
rattling,2
nausea,2
stiff,2
asparagus,2
gender,2
opaque,2
experiment,2
wig,2
examining,2
manage,2
bahamian,2
certainty,2
located,2
bloodstream,2
trudging,2
lindas,2
mode,2
ankles,2
globe,2
completely,2
region,2
route,2
shred,2
stump,2
hiding,2
revealed,2
manipulation,2
workbelt,2
biplane,2
scrambler,2
emerging,2
boutiques,2
partners,2
employed,2
crumbling,2
legitimate,2
buyer,2
parlors,2
grav,2
tuned,2
grab,2
shake,2
operated,2
correctly,2
masking,2
kidneys,2
kicks,2
harden,2
examined,2
zilian,2
eccentric,2
nightly,2
sagged,2
octagons,2
reflection,2
corporation,2
glowed,2
taller,2
enormously,2
40,2
drive,2
crushed,2
intersection,2
loss,2
doorways,2
sized,2
expansion,2
bundle,2
choked,2
oilslick,2
recognized,2
beige,2
washington,2
zurich,2
writhed,2
faceplate,2
subjective,2
hi,2
signed,2
flecked,2
stumps,2
stab,2
stan,2
inset,2
ders,2
affect,2
quilt,2
likely,2
snared,2
mer,2
counts,2
landscape,2
army,2
armi,2
bead,2
survive,2
diagonally,2
sizzled,2
aging,2
autonomy,2
twitching,2
loyalty,2
curiosity,2
goodbye,2
operate,2
keyboard,2
blackened,2
crew,2
harmonics,2
combination,2
glazed,2
sideband,2
ventilation,2
weightless,2
taught,2
navy,2
velvet,2
content,2
housings,2
messages,2
unlit,2
cityscape,2
assortment,2
drawled,2
godawful,2
matting,2
anxiety,2
matted,2
bitterness,2
louder,2
hallucination,2
horde,2
carbons,2
explain,2
bat,2
fields,2
18,2
03,2
06,2
lirasi,2
warrior,2
tint,2
puts,2
basis,2
shattering,2
tang,2
melted,2
balance,2
tans,2
ix,2
cans,2
bottles,2
mahmut,2
topkapi,2
vibrated,2
changes,2
failing,2
midway,2
protocol,2
save,2
erected,2
printer,2
tripped,2
tracked,2
unstable,2
bolt,2
beta,2
azure,2
thinner,2
refined,2
frightened,2
offering,2
approval,2
tryin,2
covers,2
floating,2
digital,2
warehouse,2
pierced,2
assume,2
daily,2
suicide,2
_that_,2
marks,2
dif,2
unopened,2
magnet,2
shave,2
unscarred,2
suspect,2
wrinkling,2
kilometers,2
massage,2
merely,2
flexibility,2
lobes,2
hotels,2
sweating,2
somersault,2
ageless,2
rotational,2
representing,2
sour,2
lifeless,2
sunday,2
max,2
balconies,2
tale,2
rollo,2
gradual,2
interesting,2
listing,2
morbid,2
lunch,2
touching,2
semiotics,2
badly,2
stupid,2
dutch,2
correct,2
gunmetal,2
crib,2
butt,2
14,2
protected,2
notched,2
voiced,2
hooded,2
wetly,2
consortium,2
channel,2
ultimate,2
straightening,2
tugging,2
jumped,2
precise,2
bedside,2
dice,2
transdermal,2
seal,2
rigidly,2
azide,2
whereabouts,2
geometric,2
oversized,2
subcultures,2
among,2
arts,2
disconnected,2
profiles,2
slapping,2
movements,2
pas,2
oil,2
flexed,2
drain,2
adjustments,2
sights,2
sprang,2
4,2
grit,2
mos,2
tensed,2
gnarled,2
vending,2
cloisonn,2
audience,2
doll,2
dali,2
unusual,2
giggle,2
enameled,2
insect,2
road,2
quietly,2
strip,2
shells,2
daubed,2
passports,2
spice,2
nonlaugh,2
imagination,2
examine,2
file,2
_are_,2
keepin,2
brandy,2
important,2
payoff,2
tightened,2
lapped,2
crimson,2
portable,2
zippered,2
wrecked,2
cylindrical,2
02,2
stretching,2
chamois,2
milky,2
peering,2
nineteen,2
middle,2
recall,2
sucks,2
ded,2
ribcage,2
mainline,2
arteries,2
23,2
pow,2
motherfucker,2
members,2
dribbled,2
bulletproof,2
trickle,2
_was_,2
totally,2
larkin,2
muscles,2
park,2
draped,2
dentist,2
cept,2
extracted,2
serve,2
depths,2
services,2
drifts,2
subsonics,2
crocheted,2
8,2
express,2
cheaper,2
doubled,2
smallest,2
vanishing,2
interfaced,2
pissed,2
baltimore,2
simply,2
gnats,2
raise,2
create,2
cyclist,2
gar,2
resisted,2
chatter,2
fur,2
fense,2
iffy,2
spend,2
snow,2
circling,2
jumpsuit,2
cus,2
cup,2
magnum,2
surging,2
candle,2
jewelry,2
sneakers,2
piled,2
lesson,2
jags,2
clips,2
engineering,2
necks,2
cafe,2
plugged,2
scurrying,2
explaining,2
lens,2
valves,2
rusting,2
vietnamese,2
putting,2
arrange,2
prototypes,2
bathchair,2
replicated,2
chicago,2
piped,2
exchange,2
sing,2
jockeys,2
talent,2
oval,2
scandal,2
pepperbox,2
tattered,2
obvious,2
parquet,2
_thy_,2
lamp,2
grimaced,2
stock,2
buildings,2
philosophy,2
bothered,2
addiction,2
airports,2
apologetically,2
backwards,2
zhongshan,2
bodyguard,2
tenements,2
loves,2
lover,2
mis,2
request,2
supported,2
controls,2
hangover,2
lobe,2
cycled,2
hammock,2
thumbnail,2
willing,2
boulders,2
swim,2
patois,2
seraglio,2
ridden,2
reinhold,2
value,2
haunches,2
whirl,2
neurotransmitters,2
injured,2
stored,2
add,2
reformed,2
admitted,2
heel,2
scurried,2
tony,2
happens,2
bulbous,2
hurricane,2
chains,2
noise,2
yenishehir,2
introduced,2
billions,2
oughta,2
stairwells,2
rca,2
bus,2
tabletop,2
dressed,2
oak,2
surreal,2
burrow,2
christians,2
stirred,2
resolution,2
_up,2
sleek,2
pride,2
gratification,2
glued,2
bicycle,2
nail,2
dled,2
shining,2
organisms,2
blur,2
supplier,2
path,2
hunting,2
straw,2
visible,2
ebony,2
shaded,2
breathe,2
pinching,2
grenade,2
returning,2
aching,2
charging,2
lump,2
mesa,2
girders,2
jungle,2
unzipped,2
tourist,2
joined,2
saturday,2
motes,2
splashed,2
formation,2
evil,2
scheme,2
rank,2
fantasy,2
mercury,2
percentage,2
rag,2
founding,2
nipples,2
rider,2
audition,2
coil,2
explosives,2
swerved,2
wild,2
shellfish,2
spite,2
geodesics,2
unhurried,2
licking,2
confusion,2
weak,2
dedication,2
blasted,2
mildly,2
trust,2
beef,2
ropes,2
trampled,2
search,2
_now,2
natives,2
linked,2
insisted,2
boxes,2
descending,2
scattering,2
monitored,2
burns,2
burnt,2
melting,2
chests,2
clawed,2
escape,2
skylight,2
christmas,2
cord,2
hsg,2
lamps,2
bleated,2
shards,2
dinner,2
coiled,2
presence,2
obscene,2
rounds,2
medium,2
cylinders,2
born,2
latch,2
sometime,2
constructed,2
setting,2
ridged,2
bullet,2
fasten,2
leads,2
displaying,2
glittered,2
mancer,2
lapels,2
flanged,2
broadly,2
flanges,2
brother,2
lever,2
pore,2
cyber,2
irritated,2
stands,2
descended,2
sports,2
cased,2
piano,2
sandbag,2
nursing,2
hydrogen,2
etched,2
comin,2
branches,2
worship,2
tele,2
handgun,2
conversations,2
bandage,2
individually,2
weighted,2
hysteria,2
factors,2
attracted,2
_event,2
flare,2
swing,2
array,2
hardwired,2
gives,2
girder,2
hum,2
stylized,2
cards,2
chessboard,2
multiple,2
clatter,2
librarian,2
slope,2
mister,2
hustler,2
narrows,2
regarding,2
aluminum,2
floods,2
surfaced,2
kicking,2
senator,2
duty,2
colony,2
stroking,2
booths,2
carlsberg,2
delicate,2
statue,2
caressing,2
blow,2
thimble,2
_so_,2
accepted,2
implant,2
oddly,2
tower,2
piping,2
compulsion,2
severed,2
quit,2
ob,2
illuminated,2
artisans,2
dreamgirl,2
5,2
fiddled,2
briefly,2
winking,2
included,2
lace,2
decisions,2
egyptian,2
sons,2
hatching,2
awful,2
bubbles,2
soles,2
proscribed,2
list,2
cluttered,2
tem,2
ter,2
sum,2
brief,2
importer,2
sur,2
sup,2
raked,2
tage,2
compressed,2
elongated,2
toxins,2
pond,2
airplane,2
khakis,2
retainer,2
departure,2
inward,2
razored,2
framework,2
clouds,2
hunted,2
bigger,2
intricacy,2
tilted,2
braided,2
hydraulic,2
health,2
hill,2
heads,2
sidewalk,2
thread,2
traveled,2
swarm,2
headache,2
exploded,2
rifle,2
stall,2
uniforms,2
nights,2
cropped,2
traditional,2
asphalt,2
stoned,2
endlessly,2
starters,2
compiled,2
romancer,2
mechanically,2
outfit,2
flies,2
nother,2
brick,2
po,2
precision,2
rid,2
questions,2
toulon,2
customers,2
spires,2
necessary,2
rotate,2
litter,2
emps,2
prob,2
orly,2
upraised,2
rows,2
waistband,2
skewers,2
crane,2
rainy,2
backs,2
club,2
amphetamine,2
triff,2
zircons,2
grinding,2
engineered,2
spook,2
artery,2
drinking,2
membered,2
contorted,2
capital,2
settling,2
duck,2
stream,2
rapt,2
crutch,2
instead,2
panic,2
puppets,2
interrupted,2
eurasian,2
improvised,2
stamped,2
crowds,2
flew,2
fiddle,2
related,2
chaos,2
yanked,2
brilliantly,2
organic,2
conversation,2
shell,2
reversed,2
dreadlocks,2
tommy,2
wha,2
combat,2
pipe,2
chances,2
utter,2
filthy,2
micron,2
freckles,2
thousands,2
mainly,2
libraries,2
mouthful,2
differential,2
vibrate,2
luminous,2
gliders,2
entists,2
identification,2
microchannel,2
agencies,2
trays,2
rusty,2
thumbed,2
mike,2
unlike,2
cursor,2
tilinear,2
gunship,2
whore,2
clinked,2
member,2
gutter,2
bending,2
cameo,2
cried,2
batteries,2
knob,2
interrogation,2
press,2
feral,2
elevators,2
export,2
cutters,2
lean,2
hovercraft,2
patiently,2
extension,2
brush,2
ows,2
van,2
kidding,2
vat,2
tinged,2
squeeze,2
catching,2
stirring,2
maroon,2
glint,2
percent,2
clicks,2
mulch,2
cliff,2
rotting,2
emerg,2
clotted,1
handrubbed,1
caned,1
tening,1
deathmask,1
flicking,1
meadows,1
callin,1
powders,1
reconstructions,1
stabbed,1
basics,1
specialties,1
volutions,1
sooty,1
switchblade,1
sailed,1
snuggled,1
tensely,1
cooking,1
conjure,1
shocks,1
specialist,1
expatriates,1
suga,1
shriek,1
conversational,1
substance,1
dimness,1
replace,1
slivers,1
browse,1
cannibal,1
accommodation,1
moth,1
strike,1
relay,1
intake,1
pursue,1
temperatures,1
sweeter,1
concepts,1
wand,1
digit,1
dragons,1
currency,1
absolute,1
playback,1
hor,1
assimilated,1
decor,1
outlawed,1
diagram,1
unborn,1
effective,1
tetra,1
synaesthetic,1
experimentally,1
rewarded,1
activating,1
conned,1
zai,1
metabolize,1
dedicate,1
fig,1
_i,1
reentered,1
easier,1
grievous,1
hystamine,1
effects,1
braised,1
towered,1
spotless,1
addicted,1
expectancy,1
laboratory,1
truman,1
whip,1
cologies,1
centauri,1
tingling,1
midpoint,1
faculties,1
tinkled,1
sensors,1
moment,1
porary,1
disturbed,1
yinyang,1
wobbling,1
speeds,1
subtlety,1
seizures,1
whorehouse,1
gaskets,1
listed,1
cushions,1
pubic,1
prosthetic,1
finesse,1
lunged,1
exultation,1
outlaw,1
fenses,1
icebergs,1
ultrascan,1
groaning,1
sterile,1
paramedics,1
toothed,1
crossbones,1
shipments,1
circulated,1
wells,1
microsecond,1
addict,1
subliminals,1
organization,1
drunks,1
tech,1
bomb,1
pave,1
asia,1
capes,1
grunt,1
shuffling,1
pustules,1
bliss,1
pocked,1
reversal,1
tighty,1
nicely,1
dipping,1
piggy,1
bled,1
cloning,1
hero,1
pressured,1
shirted,1
stamps,1
extend,1
lapping,1
souvenir,1
extent,1
debt,1
accident,1
planned,1
dren,1
gopher,1
munched,1
grazing,1
striatal_,1
bothers,1
ished,1
dots,1
perimentation,1
spit,1
boardroom,1
lift,1
spin,1
cunt,1
olence,1
dermadisk,1
flooding,1
equator,1
eighteen,1
doorman,1
itated,1
jolting,1
demands,1
_remember,1
electro,1
exacting,1
terthought,1
marched,1
voyaged,1
symmetrical,1
tune,1
_countin,1
rescinded,1
simulated,1
echoes,1
plaque,1
silencers,1
rushing,1
hai,1
han,1
collections,1
ilky,1
scrotum,1
elders,1
unique,1
spurted,1
bobby,1
remind,1
deflection,1
sociology,1
inhuman,1
plucked,1
fol,1
lefts,1
balmier,1
dental,1
terraced,1
regretting,1
lacked,1
flatbread,1
facility,1
sov,1
wrap,1
reducing,1
methods,1
arate,1
constantly,1
tame,1
spring,1
overhang,1
perfumes,1
forming,1
dowser,1
offed,1
glaringly,1
mighty,1
cliffside,1
_respond_,1
crumble,1
proves,1
triangles,1
leer,1
hoverport,1
flood,1
role,1
ambitious,1
cleaved,1
maimed,1
undersea,1
explosions,1
aristos,1
lazarus,1
activated,1
pacts,1
veg,1
bicycles,1
bogus,1
jerk,1
stays,1
exact,1
_like_,1
kneading,1
teak,1
settle,1
grafts,1
pinheads,1
inserting,1
collage,1
somber,1
toothpick,1
gnawed,1
chopping,1
shirts,1
headset,1
painlessly,1
current,1
lazily,1
freaks,1
boost,1
flashbulb,1
amalgam,1
funeral,1
yards,1
yankin,1
passengers,1
hurtling,1
accomplished,1
stencil,1
influx,1
inexpressive,1
melodious,1
radish,1
prefer,1
logical,1
betraying,1
fake,1
toppled,1
homesick,1
angry,1
dangle,1
wondering,1
sunburst,1
pavilions,1
wicked,1
marbles,1
geophysics,1
scratches,1
velour,1
deserved,1
printing,1
vege,1
admired,1
_blind,1
hides,1
evidently,1
grosser,1
immune,1
vancouver,1
optimal,1
spot,1
agement,1
fueled,1
date,1
suck,1
supersonic,1
natural,1
truck,1
hol,1
heraldic,1
dye,1
razors,1
solitary,1
disconnect,1
ographic,1
kindnesses,1
dwarfs,1
hashish,1
decreased,1
troubled,1
apron,1
nation,1
corroded,1
twilight,1
maintaining,1
bowling,1
quarter,1
retrieve,1
crushing,1
sexually,1
canvas,1
readouts,1
container,1
27,1
investigation,1
squares,1
possibility,1
mime,1
crazier,1
scarred,1
retrieving,1
routed,1
_eight_,1
oper,1
parkinson,1
centration,1
spanish,1
awkwardnesses,1
streetlight,1
structures,1
shawl,1
proving,1
coilspring,1
slashed,1
specialists,1
boyfriend,1
lucent,1
iceberg,1
favors,1
scourge,1
crossroads,1
coats,1
wins,1
winkle,1
wandering,1
damrak,1
illness,1
tasted,1
rained,1
buried,1
rainwater,1
fashionable,1
_you,1
atop,1
spewing,1
lawn,1
overtakes,1
stilts,1
montage,1
nonlethal,1
sale,1
crooked,1
backdrop,1
obsidian,1
imagines,1
lettered,1
subsidiary,1
elab,1
aimlessly,1
graceless,1
hiss,1
tilting,1
monde,1
submerge,1
lucidity,1
balconied,1
_trees,1
parasitic,1
saliva,1
absurdly,1
skyline,1
resins,1
hinged,1
synthetics,1
diver,1
bodiless,1
morocco,1
alarming,1
thinkable,1
jobs,1
functionary,1
distanceless,1
impe,1
jokers,1
mand,1
residency,1
diners,1
yearly,1
branes,1
fitful,1
reflec,1
sanpaku,1
vials,1
ecosystem,1
prototype,1
observe,1
former,1
tribal,1
aimlessness,1
squeezed,1
spotlight,1
brow,1
limping,1
pinks,1
dragging,1
thinkin,1
perpetually,1
motioned,1
subunit,1
sterling,1
askin,1
carsi,1
cheers,1
edges,1
_is_,1
defi,1
cryogenics,1
retrace,1
steamed,1
recycled,1
espadrilles,1
inaudible,1
ironwork,1
photons,1
perimentally,1
sums,1
swirl,1
unedited,1
traffic,1
transcended,1
messin,1
intel,1
colorcoded,1
countersprings,1
inter,1
stationary,1
intestinal,1
wonderin,1
seating,1
grub,1
pickled,1
bladeless,1
bizarre,1
scuffed,1
seaman,1
skeletons,1
corrosive,1
sciousness,1
ognition,1
scientific,1
thailand,1
executives,1
origins,1
industry,1
favorite,1
meal,1
tumor,1
whin,1
curling,1
treetop,1
pivot,1
technically,1
hes,1
bristles,1
_create_,1
mindless,1
cisely,1
kaleidoscop,1
slopes,1
bristled,1
tailored,1
foreheads,1
survived,1
technologies,1
jerky,1
october,1
zipsuit,1
dirty,1
abuser,1
blinks,1
af,1
laminated,1
au,1
yokohama,1
fumbling,1
walks,1
iwa,1
appalling,1
bisected,1
collector,1
spatial,1
dented,1
seriousness,1
terry,1
terrs,1
impossibility,1
eigh,1
external,1
sco,1
ceramic,1
weariness,1
mandala,1
pornographic,1
prophets,1
dressing,1
recapi,1
crumpling,1
razorgirl,1
neurosurgeons,1
misinformation,1
dodged,1
methodical,1
foundation,1
gulfs,1
displays,1
rehearsed,1
saltwater,1
syrette,1
hormonal,1
yawing,1
shadowland,1
whirled,1
avenues,1
escaping,1
installations,1
leaping,1
bulged,1
experience,1
pics,1
prior,1
defectors,1
countin,1
batshit,1
pulls,1
estimate,1
unbleached,1
automata,1
unrecognizable,1
wavering,1
6,1
teen,1
corrected,1
doom,1
lotsa,1
science,1
sickeningly,1
mall,1
evolved,1
knocked,1
male,1
scramble,1
impacts,1
states,1
bonded,1
fruition,1
whippin,1
appealed,1
authentic,1
ankara,1
refuse,1
orless,1
hauling,1
larceny,1
fuckin,1
helplessly,1
instep,1
attitude,1
pane,1
figuring,1
blurring,1
kneejerk,1
shuddering,1
bypass,1
nighted,1
coursed,1
terests,1
jellies,1
silks,1
nously,1
streaking,1
serums,1
salute,1
bitten,1
vac,1
abnormally,1
owners,1
ricepaper,1
elective,1
tendoned,1
feltpen,1
clump,1
reversing,1
struts,1
slipped,1
wilder,1
squatting,1
fuller,1
guest,1
jet,1
introduction,1
threatening,1
flimsy,1
syllables,1
relationship,1
omelette,1
threaded,1
focusing,1
interviewer,1
polysaccharides,1
charges,1
cooperating,1
determined,1
fights,1
beforehand,1
pedestrian,1
caress,1
graffiti,1
clingwrap,1
freakishly,1
steppe,1
vided,1
brace,1
plas,1
swiftly,1
plat,1
balkanized,1
brooklyn,1
bustled,1
singled,1
pliable,1
barred,1
midwestern,1
evaporation,1
freight,1
overwhelmed,1
sutures,1
streetlights,1
bastion,1
factor,1
beams,1
masklike,1
upholstery,1
pleasures,1
bytes,1
tablishment,1
cease,1
obscure,1
rumored,1
ses,1
sep,1
potent,1
seg,1
sen,1
diluted,1
topmost,1
kneed,1
nope,1
thrive,1
sparsely,1
freezeframes,1
untouched,1
mingling,1
threadbare,1
tangible,1
scams,1
lanyard,1
smashing,1
community,1
coincidence,1
adaptation,1
roofing,1
fathomless,1
lizards,1
lets,1
suburbs,1
samples,1
dreadcap,1
silencer,1
towns,1
wheeled,1
hardness,1
knacks,1
kissing,1
arching,1
calculator,1
motors,1
unbuckling,1
ducks,1
beautifully,1
overlayed,1
nanosecond,1
rules,1
polamine,1
waterbag,1
focal,1
cyrillic,1
comsats,1
cannes,1
clearance,1
soaked,1
hydroponic,1
arithmic,1
rumbling,1
cuffs,1
fitting,1
eager,1
horseradish,1
australia,1
victims,1
impaling,1
_more,1
coupla,1
wives,1
clutched,1
shading,1
toman,1
projects,1
continue,1
yields,1
shimmered,1
ivan,1
tribes,1
chromes,1
pals,1
greeting,1
limb,1
curious,1
_told_,1
measurements,1
oblivion,1
religion,1
slopping,1
honcho,1
sants,1
denly,1
exaggerated,1
tached,1
hatches,1
glumly,1
letter,1
terrorists,1
awaited,1
_nobody_,1
pilotless,1
span,1
evator,1
sock,1
purred,1
fragmented,1
byzantine,1
poster,1
pacific,1
intestines,1
posted,1
cia,1
paperbacked,1
zaibatsus,1
mension,1
cir,1
verification,1
awestruck,1
discolored,1
wich,1
bloodlit,1
influence,1
consigned,1
cham,1
bobbed,1
neurosurgery,1
graceful,1
puzzling,1
_tink,1
fixing,1
unbond,1
scrape,1
ferent,1
singed,1
ferried,1
hives,1
lucid,1
vantage,1
suppression,1
interorbital,1
fighter,1
holes,1
urgency,1
losin,1
coda,1
scooped,1
splashing,1
laziness,1
softer,1
tearing,1
gulfed,1
primly,1
garden,1
manipulated,1
mixing,1
tri,1
fewer,1
racy,1
anxious,1
race,1
1660,1
ody,1
nongeometric,1
ued,1
seventies,1
copter,1
crook,1
enclosed,1
dynamics,1
victor,1
index,1
twine,1
sweats,1
unreal,1
crickets,1
apollonaris,1
proliferation,1
gathered,1
incidently,1
octave,1
receive,1
residents,1
maker,1
dreamgirls,1
assemble,1
dimentia,1
nibbling,1
cheered,1
illegal,1
physics,1
duplicate,1
pelvic,1
doubling,1
snap,1
haloed,1
signers,1
shoelaces,1
pour,1
weaker,1
chures,1
loco,1
ette,1
beckoned,1
tableau,1
native,1
paler,1
tsingtao,1
tied,1
demonstrating,1
tier,1
suitcoat,1
hawk,1
reminders,1
wrin,1
allow,1
pyramids,1
secon,1
refurnished,1
knotting,1
mumbled,1
chosen,1
relish,1
thieves,1
degrees,1
puerto,1
designs,1
knick,1
earn,1
seawater,1
asymmetrical,1
rotation,1
hallmarks,1
greens,1
concave,1
vibrations,1
truth,1
accounts,1
onlookers,1
traces,1
frag,1
beginner,1
tents,1
thirteen,1
sion,1
rumor,1
agoraphobic,1
witness,1
recross,1
freezerburn,1
convolutions,1
steering,1
assiduously,1
defining,1
dismantled,1
mainland,1
_who,1
staggered,1
reflexive,1
blows,1
ying,1
scent,1
detailing,1
gence,1
gency,1
isfaction,1
colleagues,1
splayed,1
hillocks,1
malpractice,1
scrabbling,1
briefing,1
torturer,1
devotion,1
collecting,1
insectile,1
mischief,1
clearly,1
documents,1
dishes,1
betrayers,1
demolished,1
scooping,1
accuracy,1
_human,1
freestanding,1
snuff,1
petals,1
courtesy,1
01,1
vise,1
parisian,1
05,1
metaphysical,1
_he_,1
unscramble,1
08,1
erasing,1
atmosphere,1
09,1
_wants_,1
vacancy,1
biker,1
asylum,1
taps,1
planter,1
jar,1
jap,1
bourbon,1
lockin,1
insight,1
capsules,1
muttering,1
wiggle,1
hugged,1
rapped,1
favoring,1
trode,1
temporarily,1
interacting,1
cloudless,1
membrane,1
grasp,1
wingless,1
shapes,1
drum,1
eta,1
ca,1
crafted,1
pullover,1
glowered,1
bleakly,1
hottest,1
telltales,1
swarmed,1
spain,1
wreck,1
sourly,1
loathed,1
stuffing,1
vi,1
site,1
sits,1
digging,1
glaring,1
nade,1
mosaic,1
phar,1
newest,1
dar,1
souped,1
gitanes,1
glum,1
commandeered,1
arrest,1
valid,1
clipped,1
mannered,1
hallucinated,1
tics,1
increased,1
overdoses,1
stooped,1
accelerating,1
bermudan,1
gaining,1
grids,1
footage,1
uncharacteristic,1
immortal,1
daylight,1
choosing,1
tasting,1
sketching,1
passion,1
stairway,1
biology,1
softhead,1
cadaverous,1
zips,1
imaginary,1
gained,1
iris,1
asks,1
whistled,1
reproducing,1
cades,1
lung,1
roads,1
shitcan,1
disapproval,1
roofed,1
jugular,1
delivery,1
_monk,1
grate,1
beeper,1
baptist,1
evident,1
official,1
otropic,1
banal,1
ine,1
compared,1
sual,1
details,1
calla,1
illusion,1
footprints,1
treelike,1
multinationals,1
lasted,1
eddies,1
suicidal,1
surrounding,1
oldest,1
drinkin,1
voter,1
fiberoptic,1
asymmetries,1
yanking,1
lecture,1
spacecraft,1
announced,1
monologue,1
dwindled,1
bubbling,1
established,1
filtration,1
crunch,1
wrapping,1
textured,1
mutagen,1
secure,1
discontinuous,1
charred,1
highly,1
modulated,1
gingerly,1
insula,1
renovations,1
separated,1
tolerated,1
ir,1
cured,1
ers,1
theories,1
era,1
deprived,1
crackers,1
clinging,1
scars,1
unreadable,1
fanciful,1
impassive,1
provide,1
chameleon,1
inhumanly,1
ordinary,1
fever,1
arcs,1
las,1
chilled,1
modesty,1
defenders,1
jabs,1
satisfied,1
sive,1
oncoming,1
sheaf,1
recreational,1
avocado,1
denver,1
tinkle,1
bespeak,1
bunching,1
affected,1
fragment,1
roommate,1
bread,1
bolted,1
rocky,1
reasonably,1
rocks,1
meantime,1
guidebook,1
dumping,1
dular,1
schemed,1
palas,1
whining,1
burlap,1
fellows,1
smacking,1
techno,1
kit,1
certified,1
footsteps,1
meshed,1
reconnected,1
synonymous,1
alcoves,1
disgorged,1
rates,1
fumble,1
snags,1
dogs,1
damaging,1
bombshelter,1
unblinking,1
guilt,1
historical,1
manned,1
vastness,1
strength,1
convenient,1
elation,1
subjects,1
gravy,1
involving,1
ducal,1
nostrils,1
ative,1
notion,1
fitted,1
subtly,1
doped,1
flagstone,1
infrared,1
steadying,1
painfully,1
kinky,1
tracers,1
runs,1
spots,1
speared,1
steak,1
smoldered,1
splotched,1
observed,1
depends,1
cattle,1
looka,1
pasted,1
afloat,1
tranced,1
overgrown,1
props,1
seeping,1
accord,1
reproduction,1
nursemaids,1
cor,1
cov,1
gasped,1
sabotage,1
tons,1
holstered,1
headlights,1
petty,1
ideograms,1
unhappily,1
engines,1
untarnished,1
leech,1
hiders,1
innocent,1
fetishism,1
concerning,1
stubs,1
ustrade,1
launched,1
brake,1
plated,1
grapple,1
descend,1
transit,1
dreamblood,1
traffics,1
nin,1
redneck,1
thy,1
singleness,1
drip,1
babel,1
musical,1
goggled,1
tive,1
alchemy,1
mocked,1
mayo,1
progressed,1
injuring,1
phosphenes,1
retreat,1
glitch,1
slouched,1
_above,1
honored,1
lashes,1
rentacop,1
collarbone,1
eyeing,1
lashed,1
spruce,1
nuzzled,1
peel,1
pose,1
tanceless,1
peer,1
hollowpoints,1
properties,1
coral,1
scabrous,1
croak,1
lewy,1
mastur,1
wasting,1
formidable,1
shuttles,1
mutates,1
clinical,1
oculars,1
tints,1
converse,1
skittering,1
needles,1
responding,1
emotional,1
prayed,1
bred,1
expertise,1
mold,1
worktime,1
additional,1
shrink,1
scored,1
aegian,1
thorned,1
ropolitan,1
alertly,1
paces,1
reception,1
glan,1
paced,1
dessicated,1
matron,1
silverware,1
tendrils,1
rectangles,1
supposedly,1
shrinkage,1
compensate,1
charles,1
grill,1
seemingly,1
vegas,1
microprocessors,1
comedown,1
anonymous,1
dermadisks,1
blast,1
unformed,1
discrete,1
conglomeration,1
limitless,1
regret,1
ogies,1
helpless,1
ripoff,1
cargo,1
sequential,1
satisfy,1
sending,1
spacial,1
screamin,1
hydrostatic,1
scrapyards,1
regardless,1
horizontals,1
puffed,1
suicides,1
softs,1
buttons,1
bury,1
airburst,1
resigna,1
missionaries,1
symptomatic,1
fingered,1
clumps,1
slogan,1
decked,1
cas,1
cap,1
vaginas,1
labeled,1
cam,1
cal,1
cab,1
dubiously,1
dedicated,1
grassy,1
pauses,1
chil,1
dorsett,1
freezer,1
gaping,1
staircase,1
escalate,1
hypnotically,1
dive,1
starless,1
wistful,1
drastic,1
_people,1
crepe,1
desperation,1
accelerated,1
fireball,1
crumple,1
deactivated,1
aiding,1
statistical,1
culmination,1
formerly,1
tiara,1
crabs,1
refineries,1
slacks,1
charring,1
halo,1
lineage,1
streaks,1
el,1
ed,1
ef,1
wavelength,1
es,1
accomplish,1
hastily,1
cars,1
unwanted,1
tangles,1
contemplation,1
vtrs,1
handstand,1
transition,1
honest,1
infrastruc,1
altitude,1
sheer,1
traction,1
thas,1
thaw,1
resulted,1
synaesthesia,1
icebreakers,1
retracing,1
funken,1
bugs,1
distorted,1
slag,1
skidding,1
plained,1
begin,1
dungeon,1
shithouse,1
landing,1
america,1
chauffeured,1
tailbrain,1
jewelers,1
tufted,1
octagonal,1
sible,1
globs,1
texture,1
stain,1
routing,1
welders,1
truly,1
pursed,1
cryin,1
revulsion,1
_be_,1
physically,1
microbionics,1
duelist,1
flatly,1
hypodermic,1
3,1
skyscraper,1
recedes,1
briskly,1
hurts,1
bagman,1
receded,1
talented,1
mona,1
mono,1
reasonableness,1
duced,1
hurt_,1
reknitting,1
pulverized,1
porsche,1
informed,1
tropical,1
dangers,1
technical,1
rebuilt,1
exhaustion,1
avian,1
forestock,1
_said_,1
nikon,1
pointy,1
proven,1
stems,1
suspected,1
hatchway,1
scum,1
soil,1
suss,1
habitants,1
handloads,1
medic,1
coke,1
gentlemen,1
inquiry,1
fraternal,1
enjoyment,1
squatted,1
fruit,1
nunchucks,1
traps,1
nacelle,1
severe,1
breeze,1
generally,1
sweeping,1
struct,1
sinuous,1
desktop,1
verse,1
braindead,1
malcolm,1
vature,1
propped,1
psi,1
frown,1
rasta,1
larva,1
vises,1
briefest,1
quickness,1
_she_,1
erful,1
externalization,1
collective,1
streamers,1
launchin,1
ceremonial,1
densest,1
duration,1
viral,1
perverse,1
forks,1
willie,1
strained,1
sixty,1
subcults,1
velodrome,1
chop,1
predatory,1
deranged,1
earring,1
involvement,1
watchdog,1
stuttered,1
log,1
prepare,1
removing,1
starr,1
marily,1
allergic,1
garrotte,1
delayed,1
curiously,1
recoil,1
pitched,1
fects,1
embedded,1
tones,1
atavism,1
arabs,1
describe,1
sales,1
brittleness,1
countermeasures,1
heading,1
yon,1
antenna,1
terminating,1
gambling,1
poor,1
diaries,1
flattened,1
suited,1
alcohol,1
condensation,1
navigational,1
spraybomb,1
skeleton,1
ceases,1
messy,1
customary,1
jolly,1
gymnast,1
candelabrum,1
voicing,1
minded,1
securely,1
fishline,1
microcircuits,1
bench,1
throbbing,1
blackout,1
alent,1
disruptor,1
tussle,1
emotions,1
skid,1
disorienting,1
watergating,1
answers,1
modular,1
tracks,1
musically,1
cathy,1
panamanian,1
analyzing,1
trained,1
globes,1
playgrounds,1
hapless,1
authorization,1
cumhuriyet,1
instrumental,1
excuse,1
producing,1
trobriand,1
phrase,1
magenta,1
firmly,1
snipped,1
_kick,1
pocketful,1
apeshit,1
gash,1
rug,1
fa,1
tries,1
denial,1
_not_,1
horizontal,1
_ice,1
fo,1
laminate,1
seedpearls,1
overnight,1
ego,1
remnants,1
porate,1
committee,1
unhealthy,1
absence,1
fool,1
linking,1
flipflop,1
erection,1
_entity,1
fully,1
tricycle,1
cateye,1
fairy,1
sition,1
positioned,1
gically,1
steered,1
vertigo,1
meditating,1
trusts,1
wordy,1
keening,1
dundancy,1
mathe,1
houses,1
heroin,1
politicals,1
pus,1
sclerotic,1
launch,1
terrible,1
frostbit,1
cheering,1
american,1
unaware,1
heartbeat,1
consultations,1
mise,1
knocking,1
dominating,1
effortless,1
belongs,1
sawed,1
storm,1
boredom,1
translation,1
mickey,1
phobic,1
macau,1
_won,1
null,1
macao,1
lid,1
evasion,1
lim,1
useless,1
lis,1
macy,1
accreting,1
tubed,1
electrons,1
velocity,1
fetal,1
phenomenon,1
hovered,1
booze,1
pocketed,1
gelled,1
grafted,1
anesthetist,1
surveyed,1
hardened,1
biopsy,1
capsule,1
basement,1
chimney,1
_little,1
intrude,1
coasted,1
underlying,1
switzerland,1
scanning,1
seventeen,1
velopes,1
throwing,1
lifetimes,1
schizophrenic,1
schizophrenia,1
plummeted,1
protecting,1
constellation,1
patties,1
pictures,1
onepiece,1
forked,1
pictured,1
piss,1
invisibly,1
zipped,1
striated,1
stoplight,1
spotting,1
grasped,1
maintenance,1
packs,1
loon,1
rope,1
orescent,1
animated,1
forelegs,1
contem,1
embroidered,1
bellowed,1
loosened,1
shoulderstock,1
communal,1
shaw,1
grant,1
shuttered,1
predominated,1
shag,1
composition,1
sham,1
temporary,1
ratings,1
user,1
haunting,1
segmented,1
stubbed,1
pricks,1
grins,1
grossly,1
blockhouse,1
technicians,1
quarters,1
uselessly,1
havin,1
conjurer,1
glyphs,1
sprinted,1
whisps,1
lacking,1
showcases,1
guide,1
overriding,1
puffing,1
pillar,1
eel,1
unfo,1
byproduct,1
sofa,1
translated,1
softness,1
mathematical,1
saturdays,1
resin,1
delivered,1
finga,1
tered,1
slash,1
heed,1
rum,1
sunbathing,1
bisecting,1
tracing,1
_read,1
simulation,1
shins,1
classics,1
saka,1
anteroom,1
encircling,1
statistics,1
habitat,1
placing,1
erating,1
flagstones,1
manufacture,1
frost,1
psychoactive,1
ligences,1
scope,1
reek,1
grams,1
ute,1
winism,1
psychosis,1
lords,1
terrelate,1
willed,1
_turistik,1
metals,1
seethe,1
psychopath,1
sullen,1
nan,1
nar,1
application,1
forge,1
guished,1
noncolor,1
responded,1
dray,1
bravado,1
drag,1
bribe,1
everywhere,1
sounded,1
bartered,1
stalked,1
shackles,1
stunned,1
attackers,1
scorched,1
cellular,1
homicidal,1
exits,1
button,1
armpits,1
michael,1
queen,1
gloveleather,1
_were_,1
compensated,1
sackcloth,1
graying,1
booth,1
cartel,1
paintings,1
espresso,1
valet,1
ulars,1
gasoline,1
ficult,1
stance,1
brooch,1
fifteenth,1
chant,1
strobing,1
overseer,1
patents,1
wastin,1
_n_,1
danger,1
comers,1
manipulate,1
remains,1
hudson,1
flights,1
tuborg,1
appointed,1
salad,1
ricans,1
drops,1
links,1
sought,1
bowl,1
junctions,1
hesitate,1
defective,1
vibe,1
poetry,1
instinctively,1
filament,1
scribed,1
scoop,1
swimming,1
soggy,1
harajuku,1
sperm,1
costume,1
stubbled,1
thumbing,1
masses,1
tossin,1
ically,1
auto,1
sweets,1
placid,1
_this_,1
university,1
slide,1
watergated,1
forebrain,1
quivered,1
bedstead,1
mar,1
margins,1
secretly,1
lukewarm,1
stayin,1
playground,1
tessle,1
umbrella,1
eco,1
dizzying,1
wealthier,1
accessory,1
1983,1
reeled,1
itor,1
stride,1
projectile,1
strapping,1
splintered,1
shitface,1
yond,1
sportsclothes,1
powerful,1
58,1
_know,1
erless,1
precisely,1
quality,1
privacy,1
terracotta,1
wrapper,1
attack,1
stroked,1
prone,1
lighters,1
punish,1
clanging,1
chemicals,1
jauntily,1
fuzzy,1
photograph,1
girdle,1
ber,1
dumb,1
hermetically,1
bagged,1
tabi,1
glia,1
enforcer,1
portrait,1
livewire,1
soldierman,1
moths,1
palace,1
ure,1
demerol,1
radiating,1
businessman,1
indi,1
ulator,1
scampered,1
halting,1
likens,1
parked,1
envy,1
based,1
winner,1
credited,1
receptors,1
employee,1
zenship,1
overall,1
twilit,1
joint,1
creepjoint,1
ascended,1
evolution,1
shy,1
gram,1
peared,1
pyrolitics,1
_word,1
workcart,1
beading,1
bound,1
jig,1
patible,1
buckets,1
avid,1
screamers,1
efficiency,1
thank,1
minds,1
admit,1
terned,1
infrascan,1
bowstring,1
crystalline,1
poem,1
cent,1
treat,1
senses,1
thump,1
gucci,1
replica,1
reassembling,1
cornering,1
piloting,1
etables,1
resident,1
_hate,1
bigwig,1
conical,1
shooting,1
ronism,1
enclave,1
hatice,1
flexing,1
awning,1
mistaken,1
advertised,1
sputtering,1
dornier,1
balloons,1
ample,1
utah,1
munich,1
milanese,1
unseen,1
crushes,1
rots,1
_change_,1
taping,1
highspeed,1
warmed,1
arrows,1
contin,1
cleveland,1
drizzle,1
overlay,1
steaming,1
appreciative,1
cradle,1
weeknights,1
mewled,1
shrilled,1
balkans,1
offset,1
instinct,1
shakily,1
refuge,1
cuited,1
sinister,1
compatible,1
pastries,1
concourses,1
sociopolitical,1
artists,1
impatience,1
wartime,1
pried,1
apprehensively,1
neutral,1
ho,1
wince,1
technician,1
ha,1
cruel,1
stories,1
leathers,1
gagged,1
urging,1
flashin,1
beats,1
resented,1
kissed,1
sentient,1
ecstatic,1
centless,1
recalled,1
pardon,1
gested,1
pilotin,1
fronts,1
swam,1
seriously,1
presents,1
trousers,1
sway,1
ble,1
stolen,1
skills,1
unrelated,1
greenish,1
ups,1
nei,1
nec,1
hazy,1
helmets,1
niche,1
mem,1
inhaled,1
weirdly,1
pumping,1
governing,1
100,1
cardboard,1
rests,1
ignoring,1
ventral,1
menian,1
magnifications,1
fantastic,1
sliced,1
ninety,1
guests,1
headband,1
twirled,1
calf,1
nonreflective,1
lungs,1
eastwood,1
warn,1
blindfold,1
chinned,1
ecstasy,1
setup,1
solitaire,1
foliage,1
itage,1
root,1
unmarked,1
laughs,1
tistic,1
chickenwire,1
wrenched,1
loathe,1
sideline,1
construc,1
legless,1
blanks,1
briefcase,1
replacing,1
natch,1
purchase,1
attempt,1
operations,1
amplifying,1
copters,1
fieldstrip,1
soaking,1
madly,1
protean,1
indulge,1
nested,1
lightswitch,1
sliver,1
gargoyle,1
improvise,1
forgot,1
lawyers,1
extract,1
enclosure,1
contend,1
ganism,1
kiev,1
mands,1
revolving,1
grease,1
icate,1
coriolis,1
struggle,1
backlit,1
biochemically,1
greasy,1
aisle,1
cookbooks,1
unscreened,1
inbred,1
oteli,1
justed,1
comforted,1
ily,1
comforter,1
twitched,1
citi,1
concussion,1
tulate,1
shiver,1
beltloops,1
dilated,1
cerned,1
slitting,1
horizonless,1
somewhat,1
stratified,1
biochemical,1
turrets,1
mink,1
resinous,1
seek,1
hoods,1
_can,1
tunnels,1
caricatures,1
cassettes,1
meaning,1
strikeforce,1
observation,1
dom,1
dog,1
doe,1
breathed,1
aquatic,1
lyrics,1
hunger,1
jurisdiction,1
treaties,1
chartered,1
uneasiness,1
liberty,1
sional,1
medallions,1
acne,1
stabbing,1
folks,1
convulsed,1
tiled,1
smug,1
bas,1
microscope,1
grilled,1
counters,1
lettering,1
pillhead,1
fascinating,1
beaten,1
alterations,1
zones,1
vented,1
brazil,1
sail,1
pets,1
wears,1
sheepskins,1
eyeball,1
fumed,1
cartilage,1
bronzer,1
portant,1
terested,1
morosely,1
foray,1
aftermath,1
springs,1
immobile,1
futility,1
dusting,1
chrysanthemum,1
replicate,1
lovely,1
studs,1
prosperous,1
koto,1
now_,1
hollowed,1
exception,1
reddish,1
sanctum,1
reconnaissance,1
flatness,1
ic,1
stickier,1
emer,1
capacities,1
bells,1
clung,1
blandly,1
delight,1
butter,1
bedspread,1
paradigm,1
_did_,1
sporting,1
kinks,1
fighters,1
32,1
balletic,1
assassination,1
character,1
jeweler,1
jeweled,1
fluidity,1
ducts,1
discreet,1
noth,1
dean,1
rocksteady,1
fingering,1
dear,1
plaintively,1
undisturbed,1
grading,1
orbited,1
notewor,1
bols,1
super,1
wept,1
highball,1
operates,1
incandes,1
billow,1
cascaded,1
pedicab,1
catlike,1
approximate,1
fraction,1
vacated,1
unknowable,1
fore,1
idealized,1
failure,1
lows,1
surrender,1
fletchettes,1
staged,1
average,1
plyboard,1
sticks,1
classic,1
toss,1
sidestep,1
graft,1
marking,1
skirted,1
ribbons,1
fusilage,1
sling,1
savage,1
sensuous,1
uneaten,1
pseudo,1
stripping,1
restored,1
decelerate,1
twigged,1
limbless,1
skip,1
maiming,1
mild,1
skim,1
prop,1
burnout,1
technique,1
advises,1
billionaire,1
figment,1
_clientele_,1
ited,1
unexpected,1
draping,1
wherefore,1
maged,1
buncha,1
template,1
_substantia,1
transportation,1
wail,1
henry,1
ridin,1
superstition,1
wearily,1
cranial,1
betaphenethylam,1
bor,1
diagnosed,1
suggestion,1
bob,1
genuinely,1
teenage,1
dick,1
kebab,1
microdrone,1
radiance,1
modus,1
wealth,1
sharper,1
stoops,1
creamy,1
labyrinth,1
swiveled,1
blinds,1
flu,1
wallet,1
arrive,1
hiroshima,1
pointedly,1
etration,1
purr,1
burgeoning,1
rays,1
nyu,1
till,1
sworn,1
cowered,1
backtracked,1
designer,1
cordings,1
centrum,1
journals,1
mao,1
basked,1
inhabitants,1
african,1
basket,1
argued,1
solder,1
equiv,1
adhesive,1
group,1
writers,1
incurious,1
silkscreened,1
sooner,1
possess,1
leds,1
proteins,1
broadcastin,1
eyelid,1
cultivation,1
0467839,1
sprawled,1
interference,1
pock,1
sensor,1
monster,1
ors,1
ceptible,1
jacks,1
cough,1
advance,1
cheese,1
hoppin,1
espi,1
pallid,1
sounds,1
personalities,1
amphetamines,1
participated,1
massaged,1
continuous,1
meshing,1
11,1
10,1
13,1
15,1
17,1
16,1
19,1
midtown,1
booted,1
croissant,1
gathering,1
lick,1
winding,1
conspiracy,1
occupied,1
answering,1
_rocker,1
purest,1
performance,1
glassware,1
normal,1
cathedrals,1
specialty,1
aloud,1
derboy,1
tract,1
ering,1
radioactive,1
camping,1
fills,1
napkin,1
voodoo,1
dissecting,1
contemporary,1
shoe,1
gotiate,1
treasure,1
storms,1
ger,1
savoring,1
cartlike,1
spraying,1
killers,1
distinctly,1
marooned,1
gen,1
seared,1
moaned,1
miles,1
finishing,1
worrying,1
silently,1
seam,1
pebble,1
vertical,1
sleepin,1
bencoolen,1
calfskin,1
radiated,1
diamonds,1
snorted,1
affordable,1
glances,1
loped,1
killing,1
entrances,1
gauntlet,1
_on,1
rugby,1
according,1
dated,1
consen,1
traded,1
stretches,1
cancer,1
arcades,1
cancel,1
custody,1
tuning,1
capable,1
wobble,1
attaching,1
regimental,1
judging,1
chambered,1
barri,1
fiftieth,1
wires,1
hardcore,1
predicament,1
derway,1
margin,1
tsuyako,1
seein,1
ferns,1
pat,1
steppes,1
heirs,1
tained,1
camelskin,1
exhaust,1
companion,1
dwellers,1
stairwell,1
largely,1
roughly,1
consisted,1
pissing,1
aspect,1
ketamine,1
dipped,1
gre,1
grating,1
extensive,1
careers,1
shapeless,1
admitting,1
orthopedic,1
grim,1
zle,1
vertically,1
acquainted,1
lightning,1
facing,1
sneaker,1
laserlight,1
obsessions,1
pronounce,1
dole,1
snoring,1
ascent,1
matching,1
booming,1
extensively,1
missin,1
strangles,1
strangled,1
manufacturer,1
roar,1
island,1
violence,1
unbloodied,1
west,1
beacons,1
telescoping,1
styling,1
lions,1
deepened,1
excreting,1
arranges,1
leaked,1
deliberation,1
deer,1
geosynchronous,1
girlfriend,1
tedious,1
pensive,1
ceaselessly,1
muz,1
schipol,1
ceptions,1
coughing,1
narita,1
tailbone,1
obsessed,1
students,1
dopplered,1
awkwardly,1
regency,1
remote,1
assets,1
anach,1
looped,1
sighing,1
disassembled,1
worms,1
founded,1
forged,1
fixtures,1
z,1
diffuse,1
shredding,1
prodding,1
parcel,1
righted,1
scour,1
bleach,1
washing,1
mothers,1
drugged,1
intricately,1
biological,1
undulated,1
lawyer,1
sweetly,1
stool,1
exasperation,1
kled,1
operating,1
medics,1
fortresses,1
clapping,1
armed,1
swastikas,1
distinct,1
plastered,1
splash,1
nimbus,1
engaged,1
constructs,1
suffused,1
teashop,1
landed,1
controlling,1
guards,1
biocompatibility,1
pressing,1
del,1
deb,1
def,1
hamburger,1
junked,1
gravely,1
prods,1
share,1
acts,1
faculty,1
bloating,1
bathed,1
coal,1
insofar,1
sexless,1
disin,1
rounded,1
bracketed,1
stains,1
radiators,1
radar,1
filters,1
sleepily,1
existence,1
suffer,1
24,1
messed,1
26,1
21,1
29,1
hurting,1
clammy,1
grubby,1
compound,1
struggling,1
viewers,1
groped,1
mystery,1
excruciating,1
fluttered,1
subsystem,1
ideo,1
mental,1
connect,1
insurance,1
mustered,1
lovers,1
sickness,1
jacketed,1
edging,1
foreground,1
cockroach,1
pleasant,1
difficulty,1
terminals,1
prophet,1
blossoming,1
conducted,1
corkscrew,1
reinforced,1
dons,1
nastiest,1
swatting,1
reservists,1
embraced,1
militant,1
leash,1
pains,1
plexus,1
compartment,1
akai,1
malice,1
binoc,1
tacking,1
incision,1
plateaus,1
caressingly,1
polishing,1
treated,1
trudged,1
debugging,1
_unnatural_,1
confessional,1
murder,1
paleness,1
aged,1
mountain,1
squirting,1
rowed,1
serene,1
trains,1
salmon,1
blobs,1
branching,1
joining,1
injected,1
relation,1
_be,1
substantiality,1
unhappy,1
merged,1
ferred,1
unquantifiable,1
recombining,1
pristine,1
theft,1
fingernail,1
dealin,1
spikes,1
spiked,1
restaurants,1
speedball,1
lion,1
lisboa,1
repairs,1
expert,1
visiting,1
shatterproof,1
plexes,1
pushing,1
sigil,1
folding,1
carelessness,1
archway,1
foreign,1
dreamlike,1
demons,1
instants,1
dancer,1
disinterested,1
weaving,1
tering,1
hopefuls,1
meeting,1
gas,1
nihilistic,1
gan,1
prices,1
gae,1
heavies,1
bile,1
hearin,1
interlocking,1
grains,1
bill,1
grainy,1
335w,1
elaborately,1
withdrawing,1
ful,1
fantan,1
subsect,1
vaults,1
grander,1
encountered,1
facade,1
aspects,1
evading,1
subcutaneous,1
keys,1
yesterday,1
sym,1
husbands,1
purpose,1
sandals,1
shozoku,1
gestures,1
motionless,1
unannounced,1
withdraw,1
preference,1
ludicrous,1
fundamentalists,1
cur,1
hated,1
ag,1
snakelike,1
bin,1
overhanging,1
microcomputers,1
matters,1
hallucinations,1
glove,1
_but,1
whelming,1
nutrients,1
vealing,1
gardening,1
handholds,1
martial,1
scuttled,1
distorting,1
pronounced,1
scale,1
anglehead,1
pen,1
peculiarly,1
chanting,1
flanks,1
culated,1
impos,1
megaton,1
tenants,1
satisfactory,1
invading,1
obscenely,1
frames,1
ghosting,1
downhill,1
parting,1
doctored,1
adjusting,1
boyo,1
unwrapping,1
directed,1
legacy,1
hydro,1
planing,1
expedition,1
beckoning,1
curl,1
fogged,1
crypt,1
nigra,1
cated,1
lene,1
liners,1
teams,1
speculations,1
amused,1
implied,1
presenting,1
symbiotic,1
decidedly,1
kchk,1
bulkhead,1
amplified,1
webwork,1
corroding,1
intensive,1
maryland,1
perversely,1
huddled,1
mous,1
dimen,1
panted,1
married,1
bleeding,1
uncomfortably,1
mural,1
rivers,1
copenhagen,1
bail,1
pipes,1
practices,1
splinters,1
exercise,1
3d,1
packing,1
intercept,1
irritating,1
extreme,1
shockstave,1
30,1
wasplike,1
weekday,1
honor,1
composed,1
gusting,1
hammered,1
deepest,1
disgust,1
kiosk,1
trail,1
arranging,1
nypd,1
exhilaration,1
stambul,1
reserved,1
fightin,1
_finished_,1
renewed,1
contempt,1
hangar,1
psyched,1
flap,1
hangings,1
summers,1
waters,1
collection,1
minding,1
multiplication,1
seashells,1
prostate,1
drape,1
liner,1
languorous,1
sions,1
looping,1
ened,1
shreds,1
paperbacks,1
thyself,1
galaxy,1
bunch,1
la,1
lo,1
decorum,1
whites,1
lu,1
crewcut,1
extradition,1
dam,1
dai,1
dat,1
tical,1
straddling,1
radiant,1
covering,1
impres,1
re_,1
junkie,1
idiotic,1
slumped,1
popping,1
rez,1
kids,1
res,1
defend,1
wholly,1
thickset,1
mate,1
oriental,1
electronics,1
emp,1
payroll,1
consortiums,1
fourteen,1
prodded,1
afterward,1
allies,1
hinting,1
yarn,1
chicken,1
barriers,1
retain,1
scalding,1
plastics,1
reaches,1
sloped,1
sadly,1
ripples,1
arcol,1
lightening,1
tufting,1
female,1
flashes,1
provoke,1
wakes,1
gout,1
min,1
parks,1
mix,1
reciting,1
preliminary,1
sedan,1
paperfine,1
payment,1
quilted,1
enthusiastic,1
disease,1
deflectors,1
multina,1
selection,1
absorbing,1
doughy,1
festooned,1
floodlight,1
thicket,1
settes,1
startle,1
loafers,1
viewport,1
ambiguity,1
photography,1
stripes,1
bear,1
perfection,1
areas,1
wormholed,1
organ,1
subprograms,1
afterimage,1
tightening,1
cycles,1
racked,1
puddle,1
_meat,1
infidel,1
greece,1
attempting,1
clearing,1
literate,1
phased,1
ington,1
urrection,1
underwater,1
sorrow,1
nightfall,1
equal,1
pulp,1
assure,1
busted,1
wringing,1
swallow,1
broom,1
statues,1
denim,1
citizenship,1
pouring,1
videos,1
cricketeer,1
newscast,1
gulch,1
define,1
stationed,1
subprogram,1
watches,1
clusters,1
welcoming,1
instigated,1
pheromone,1
squid,1
readin,1
creak,1
claimed,1
arabic,1
landmarks,1
indistinguishable,1
brightened,1
tighten,1
_bad_,1
binoculars,1
spitting,1
wreckage,1
executive,1
dissuaded,1
flashlight,1
ads,1
twinges,1
mathematically,1
spirals,1
citizen,1
embossed,1
resolved,1
_other_,1
gulped,1
newsstand,1
wink,1
deployment,1
success,1
audible,1
mushroomed,1
crazily,1
convey,1
convex,1
highlighting,1
corpse,1
bang,1
bustling,1
assuming,1
slight,1
pletely,1
oiled,1
worthy,1
approximating,1
simpler,1
waving,1
actual,1
gambler,1
functional,1
endorphins,1
revolve,1
legends,1
rushed,1
stainless,1
vegetables,1
knuckled,1
glimmer,1
smil,1
hattan,1
brand,1
epicanthic,1
repeated,1
bub,1
wise,1
j,1
kapali,1
preyed,1
flic,1
burberry,1
pil,1
whisper,1
handset,1
pic,1
pig,1
worknames,1
rootlets,1
pis,1
pit,1
autism,1
45,1
43,1
subsonic,1
oar,1
droplets,1
xxx,1
augmentation,1
shrank,1
thumping,1
seismic,1
entertainment,1
traceries,1
limited,1
interzone,1
t_,1
patches,1
tween,1
halogen,1
stationery,1
tenna,1
fragmenting,1
upstream,1
hindered,1
monkeys,1
school,1
disorientation,1
supports,1
loneliness,1
venue,1
admissible,1
guiding,1
_off_,1
smoky,1
enjoy,1
faintest,1
direct,1
scribbled,1
disney,1
injections,1
pats,1
bunkers,1
ethanol,1
humility,1
stares,1
digits,1
property,1
changed,1
punishment,1
pendant,1
glinted,1
prints,1
stray,1
feelings,1
scaffolding,1
asses,1
fainting,1
mush,1
billowing,1
tirely,1
nutri,1
m_,1
pouch,1
hideout,1
cheapest,1
unbandaged,1
fortress,1
preserving,1
gadgets,1
whizzed,1
attract,1
guarantee,1
djahe,1
description,1
mess,1
delicacy,1
underhand,1
salsa,1
dartgun,1
hypnotic,1
_triff,1
enter,1
plumbing,1
rastas,1
corrugation,1
crumbs,1
replicating,1
clapped,1
fads,1
fittings,1
ulated,1
futons,1
embalmed,1
fade,1
_had_,1
plaster,1
emptily,1
rental,1
_strap,1
gloom,1
shadowy,1
explode,1
capricious,1
nuked,1
sprawlside,1
clibataires,1
islanders,1
driving,1
ciba,1
rail,1
disguising,1
boosting,1
anthropomorphic,1
ritual,1
aspire,1
convection,1
researcher,1
philosophical,1
circumferential,1
borderland,1
merics,1
gernails,1
euphoria,1
scription,1
analgesic,1
unbroken,1
tionals,1
esoteric,1
wardrobe,1
abandoning,1
pyramidal,1
reclining,1
beard,1
fashion,1
ray,1
expanses,1
thoroughly,1
firmware,1
isolated,1
elegance,1
rictus,1
derek,1
cleft,1
rides,1
scrawls,1
visionary,1
plenty,1
freeway,1
reputation,1
disciplined,1
arcing,1
earth,1
sunsets,1
reverses,1
printouts,1
zipping,1
asakuza,1
hostility,1
squeaking,1
windblown,1
doorframes,1
wedding,1
nurse,1
dumpsters,1
tigues,1
spokesperson,1
ruins,1
fragrant,1
tation,1
habit,1
liquor,1
lationship,1
corrupt,1
nub,1
tensor,1
unpainted,1
continually,1
approach,1
feltpenned,1
contamination,1
flowering,1
protect,1
fault,1
jelly,1
layered,1
smuggler,1
comprehension,1
bathroom,1
clip,1
simplification,1
transparencies,1
beep,1
becalmed,1
diskettes,1
containers,1
fleeting,1
glided,1
cartwheeling,1
bootheel,1
procedure,1
decanted,1
containing,1
inventory,1
carnation,1
satellite,1
social,1
microphone,1
deflect,1
fridays,1
pituitaries,1
cycle,1
possessed,1
greatest,1
incapable,1
shadowed,1
leagues,1
_been,1
dopamine,1
vices,1
greenwich,1
cherry,1
unfounded,1
gouts,1
jazzed,1
bands,1
sleazes,1
advanced,1
brutality,1
hunt,1
53,1
52,1
offices,1
officer,1
arbitrary,1
schematics,1
proudly,1
clubs,1
bandon,1
precautions,1
bandages,1
icy,1
newsprint,1
convict,1
discount,1
plug,1
surround,1
plunging,1
efforts,1
twitch,1
trafficker,1
destination,1
ppk,1
puzzle,1
bath,1
rely,1
unfocused,1
gig,1
virgin,1
striding,1
membering,1
metabolism,1
podhamennaya,1
calving,1
phenyl,1
illuminating,1
heap,1
mulated,1
dollhouse,1
ruined,1
delabrum,1
zodiac,1
brightly,1
forearm,1
fury,1
labia,1
cobbles,1
outstretched,1
eerie,1
ne,1
tin,1
stagnant,1
nu,1
football,1
genentech,1
perversity,1
ridges,1
anese,1
flushed,1
reassuringly,1
thorax,1
trunks,1
nambu,1
fears,1
canines,1
melodically,1
regulars,1
remarkably,1
inverse,1
flowered,1
_are,1
god_dam,1
discovering,1
methyl,1
frequencies,1
thawed,1
artwork,1
detonated,1
enor,1
brothel,1
prophesyin,1
obsolete,1
substitute,1
hymn,1
elroy,1
remain,1
axial,1
lem,1
1236,1
hairs,1
entertain,1
baseball,1
twentieth,1
groups,1
crippled,1
hoarse,1
avenging,1
dee,1
windowframe,1
emerge,1
tuxedo,1
razorgirls,1
paralyzed,1
bulbs,1
projector,1
handles,1
australian,1
roared,1
sessions,1
clicking,1
shard,1
flapping,1
_am_,1
modified,1
ferro,1
slightest,1
overpass,1
iodine,1
unarmed,1
rustler,1
1,1
sprouting,1
cardinal,1
tapestry,1
speaks,1
clattered,1
crashed,1
tipped,1
floral,1
eighth,1
glowering,1
moments,1
amuse,1
branched,1
comfort,1
motions,1
lonely,1
tablelands,1
delighted,1
feature,1
possibilities,1
scuffing,1
approximated,1
sunrise,1
itchin,1
middleman,1
hacked,1
bugging,1
smears,1
booby,1
postoperative,1
clown,1
pandemic,1
retreating,1
ture,1
truer,1
tolgrip,1
simplifies,1
surviving,1
overspray,1
knoweth,1
cybernetics,1
hairdressers,1
engineer,1
returns,1
flection,1
_daid,1
hub,1
prosthesis,1
axe,1
require,1
powder,1
armored,1
pri,1
straddled,1
batting,1
conversion,1
acclimatize,1
wandered,1
fracture,1
primaries,1
wrench,1
hooves,1
probed,1
clearer,1
falls,1
boiling,1
louvers,1
_down,1
cleared,1
latex,1
tendon,1
dle,1
considered,1
seafood,1
pores,1
cortex,1
unkept,1
lated,1
sculpted,1
solar,1
trol,1
ercises,1
trot,1
landin,1
fatherly,1
expectation,1
railinged,1
tailor,1
rendition,1
portions,1
hedge,1
installed,1
hermes,1
jokes,1
_invisible,1
mapped,1
discussing,1
ity,1
encouraged,1
surfaces,1
detect,1
technofetishists,1
subsequent,1
inhibitors,1
sirens,1
directionless,1
comp,1
densely,1
eschelon,1
cities,1
batsus,1
stupidest,1
contract,1
filtering,1
cabal,1
provocation,1
opined,1
insist,1
toothbud,1
graftees,1
pod,1
robbed,1
cleats,1
twigs,1
nothingness,1
slippery,1
abducted,1
amiability,1
telephone,1
angara,1
capping,1
hash,1
manila,1
reminder,1
frequented,1
lycarbon,1
muffled,1
flaked,1
modes,1
flakes,1
components,1
relied,1
foyer,1
loosening,1
violent,1
kilo,1
overlapped,1
blot,1
gentleness,1
hint,1
cator,1
hind,1
styles,1
riker,1
longlegs,1
virginia,1
styled,1
acute,1
towel,1
buddies,1
reduced,1
orate,1
shunned,1
leningrad,1
overheated,1
competition,1
calling,1
frees,1
_potential_,1
legal,1
mercenaries,1
communicate,1
semirigid,1
terrified,1
informing,1
tangling,1
ot,1
op,1
ladies,1
communication,1
blistered,1
cursed,1
everyone,1
syringe,1
foxhead,1
rection,1
strictly,1
_compelled_,1
marrakesh,1
energy,1
relic,1
vested,1
applying,1
sleaze,1
haulin,1
ineffectually,1
castles,1
toilet,1
cringed,1
blues,1
idiot,1
swords,1
rubber,1
idiom,1
narrowing,1
requested,1
pillows,1
separate,1
finale,1
midair,1
bullets,1
wife,1
mantises,1
_very_,1
ald,1
vampires,1
subjected,1
presentation,1
lifesize,1
belonging,1
liter,1
ticked,1
bubbled,1
worst,1
fam,1
cascading,1
blankly,1
flick,1
ejection,1
rats,1
abstracted,1
tea,1
caddesi,1
invention,1
design,1
ror,1
sug,1
suf,1
sue,1
sud,1
imported,1
overload,1
sus,1
row,1
racing,1
multitude,1
rerolled,1
hungover,1
certainly,1
drudgery,1
themself,1
directions,1
observing,1
naval,1
siamese,1
identity,1
_feels_,1
bathers,1
mme,1
snug,1
bulge,1
charge,1
shits,1
branded,1
minor,1
grabbing,1
languidly,1
melon,1
keyhole,1
shirtmaker,1
tificial,1
chlorinated,1
feebly,1
joints,1
chores,1
extinguisher,1
court,1
dreads,1
hoaxed,1
sensations,1
trooping,1
sandwich,1
headrest,1
hoisting,1
fungus,1
_there,1
meticulous,1
caul,1
generic,1
shore,1
maneuver,1
encased,1
dicated,1
september,1
essence,1
closeness,1
major,1
avenue,1
glide,1
retailing,1
riki,1
harmless,1
prac,1
scop,1
bout,1
sucking,1
screwing,1
predator,1
woulda,1
synched,1
instructions,1
meecha,1
nicotine,1
colder,1
plause,1
mainframes,1
scratching,1
telltale,1
alphanu,1
inducer,1
cuffing,1
shipment,1
induced,1
inquisitors,1
combed,1
differ,1
monotony,1
teach,1
stampede,1
tributaries,1
ding,1
limestone,1
seeming,1
distasteful,1
churning,1
urinal,1
temples,1
script,1
chime,1
pitted,1
_done,1
relieved,1
retinal,1
vial,1
instruction,1
cuff,1
tongues,1
banded,1
tongued,1
wipers,1
drinks,1
judas,1
lanta,1
intervened,1
siderata,1
architects,1
seasons,1
prestige,1
soared,1
dealers,1
unsupervised,1
bugaboo,1
wichita,1
coincided,1
fond,1
melody,1
firewood,1
grotesque,1
nonchalance,1
counterpoint,1
babble,1
explosively,1
fastest,1
critically,1
dose,1
consensual,1
timeless,1
cartoons,1
activity,1
sportshirt,1
engraved,1
consciously,1
dump,1
intelli,1
bellytight,1
choreographed,1
cleverly,1
chambers,1
visualize,1
_de_,1
drooping,1
datascape,1
plywood,1
orbiting,1
sharkskin,1
recently,1
silicone,1
sole,1
franchise,1
condo,1
franchised,1
liquors,1
paradigms,1
prescription,1
riddled,1
bond,1
spattering,1
sweep,1
nipping,1
regulated,1
due,1
pa,1
pe,1
pm,1
socks,1
softest,1
fered,1
eration,1
batch,1
wriggled,1
verticals,1
lodged,1
currents,1
ancing,1
widely,1
9,1
cartridge,1
paths,1
patriotic,1
schizoid,1
stateless,1
magnified,1
cheer,1
lowed,1
sneered,1
dulling,1
mimicked,1
bottoms,1
cabaret,1
gems,1
flares,1
workers,1
generalized,1
unlimited,1
helpful,1
modifications,1
pushcart,1
systematically,1
digitalized,1
ignore,1
collect,1
nipple,1
alignments,1
ecology,1
hinted,1
matical,1
seller,1
prod,1
handled,1
cautious,1
seeped,1
kitchenette,1
micromechanical,1
_cash,1
momma,1
artifice,1
colliding,1
canal,1
impressed,1
etch,1
_poison_,1
files,1
mountains,1
monomers,1
repeatedly,1
upright,1
consist,1
caller,1
unfal,1
cartwheel,1
strands,1
freak,1
crepes,1
congealing,1
bicep,1
tentative,1
bloodwarm,1
parlor,1
cramped,1
gitane,1
fashions,1
helping,1
allowing,1
posters,1
clue,1
pottery,1
departments,1
impatient,1
dodging,1
issued,1
resistance,1
dles,1
thority,1
fenced,1
dissidents,1
squeezing,1
stable,1
fences,1
fencer,1
barstool,1
spoon,1
bounding,1
crois,1
roaches,1
onage,1
notes,1
deals,1
moonscape,1
noted,1
voiceprinters,1
gripping,1
goodies,1
lightest,1
gmbh,1
gress,1
hourly,1
unavailable,1
ammunition,1
refilled,1
iest,1
requestin,1
detritus,1
conveyed,1
definitively,1
_look_,1
spices,1
initials,1
reds,1
examinations,1
slinging,1
glhane,1
scaled,1
motor,1
apply,1
bindings,1
fectly,1
fed,1
frog,1
gers,1
depicted,1
examination,1
clever,1
rarest,1
cooperate,1
sore,1
brochure,1
annoy,1
topic,1
augment,1
mounded,1
stroke,1
dissolve,1
bafflement,1
tax,1
tag,1
chic,1
counterfeit,1
sis,1
syndrome,1
sidewalks,1
roughness,1
discomfort,1
crawling,1
martini,1
twill,1
reeling,1
glee,1
nostalgia,1
louvered,1
choose,1
freely,1
sootblown,1
fled,1
articles,1
footstool,1
doorless,1
trimmed,1
beveled,1
micrograms,1
secretive,1
gossamer,1
_ingiliz_,1
performs,1
promptly,1
sift,1
perfoam,1
neuromotor,1
musculature,1
fingerbone,1
manicured,1
approaching,1
precepts,1
tacked,1
echo,1
microcircuitry,1
imperial,1
_access_,1
unwashed,1
unknown,1
snore,1
_orders,1
july,1
clacked,1
institution,1
wanly,1
hearings,1
richer,1
patients,1
sculpture,1
unclipped,1
teenagers,1
yellin,1
levelled,1
pallor,1
angle,1
russians,1
supplanted,1
underestimating,1
collaboration,1
cracking,1
mantua,1
evergreens,1
pips,1
dens,1
_it,1
oscillated,1
fujitsu,1
swarming,1
mistook,1
kingpins,1
seaweed,1
superimposed,1
darkest,1
pleased,1
litigation,1
aftershave,1
minutely,1
penetrate,1
kneel,1
swear,1
haust,1
generations,1
expen,1
recoiled,1
buzzed,1
scoured,1
responses,1
failsafe,1
televised,1
unseeing,1
inately,1
projecting,1
spectin,1
ability,1
audiovisual,1
embarrassment,1
goal,1
aircraft,1
grain,1
pyrolitic,1
tactical,1
grounds,1
unclear,1
arriv,1
peatedly,1
unhappiness,1
literal,1
jaded,1
twanging,1
repetition,1
present,1
abandoned,1
sultan,1
divorce,1
fingertip,1
loosest,1
supply,1
mutant,1
motif,1
draining,1
gothic,1
unreeled,1
kneaded,1
unzipping,1
_smaller,1
unite,1
pyridene,1
unity,1
hammering,1
premiere,1
student,1
laborious,1
banging,1
fighting,1
sensing,1
heavily,1
boot,1
obtain,1
penchant,1
capabilities,1
discuss,1
concourse,1
branch,1
flamethrower,1
dances,1
rituals,1
empire,1
moonbeams,1
scares,1
leaden,1
leaf,1
assassinating,1
instantaneous,1
bosses,1
leader,1
trout,1
obey,1
thoroughfare,1
dangling,1
ceilinged,1
fused,1
folly,1
surge,1
monthly,1
carrier,1
airsick,1
converging,1
uncoiling,1
weather,1
promise,1
registration,1
ciency,1
_nigra,1
resistors,1
grapevine,1
groomed,1
continental,1
powdered,1
dynamite,1
volume,1
tems,1
temp,1
recede,1
cake,1
lubricated,1
meaningless,1
trotting,1
trailing,1
mutual,1
immobilized,1
bating,1
subliminally,1
sloping,1
kinds,1
ceeding,1
cruelty,1
pumps,1
alienated,1
monoto,1
djaddesi,1
invari,1
