costigan,230
upon,205
space,180
us,161
could,154
one,152
two,138
ship,135
even,132
know,129
power,120
time,117
nevian,112
clio,112
beam,110
get,108
back,107
every,104
away,100
vessel,97
three,97
would,96
roger,93
got,87
long,85
air,83
bradley,81
room,81
see,79
toward,78
like,77
triplanetary,76
right,75
full,74
nerado,74
course,73
cleveland,73
ultra,72
captain,72
enough,72
rodebush,72
iron,71
well,70
good,68
going,67
went,65
think,65
far,65
without,64
screens,64
nevians,63
yet,63
force,61
man,61
first,61
men,60
take,59
something,59
way,57
came,56
great,56
voice,55
soon,55
much,54
anything,54
eyes,54
made,54
beams,53
red,53
go,52
still,51
girl,51
metal,51
water,51
armor,50
light,50
conway,49
though,49
things,48
around,48
door,48
may,47
almost,47
nothing,47
plate,45
better,45
finally,44
thing,44
ether,43
make,43
come,43
wall,43
lot,42
never,42
must,42
city,41
screen,41
half,41
super,41
samms,40
control,40
use,40
hold,39
high,39
since,39
wave,39
powerful,39
behind,39
thought,39
might,39
possible,38
already,38
ray,38
lifeboat,38
planetoid,37
pirate,37
many,37
close,37
destruction,37
little,37
want,36
mighty,36
along,36
vessels,36
put,36
fleet,36
ever,36
say,35
last,35
let,35
cut,35
service,34
face,34
_boise_,34
able,34
driven,34
mass,33
plates,33
heavy,33
shot,33
however,33
fast,33
hurled,32
turned,32
saw,32
knew,32
work,32
velocity,32
probably,32
coming,32
find,32
snapped,32
minutes,32
leaped,31
life,31
another,31
planet,31
energy,31
open,30
ready,30
give,30
nevia,30
fish,30
terrestrials,30
set,29
hand,29
hard,29
flashed,29
keep,29
everything,29
weapons,29
oh,29
asked,28
forces,28
broke,28
battle,28
held,28
neither,28
done,28
officer,28
instruments,28
sun,28
quite,27
scientists,27
atmosphere,27
stuff,27
chance,27
surface,27
whose,27
new,27
tractor,27
deep,27
chief,27
small,26
emergency,26
system,26
drove,26
terrific,26
touch,26
within,26
instantly,26
point,26
speedster,26
projector,26
pirates,26
became,26
four,25
cruiser,25
clear,25
vast,25
left,25
craft,25
exclaimed,24
floor,24
cone,24
heard,24
beyond,24
whatever,24
gray,24
secret,24
body,24
earth,24
tore,23
blast,23
need,23
fell,23
rays,23
stared,23
ten,23
ships,23
thus,23
shall,22
years,22
replied,22
also,22
line,22
outer,22
anyway,22
immense,22
maybe,22
talk,22
controls,22
weapon,22
dropped,22
white,22
terrestrial,22
highly,21
steel,21
suits,21
start,21
else,21
look,21
tiny,21
days,21
known,21
short,21
frightful,21
range,21
afraid,21
enormous,20
detectors,20
minute,20
rest,20
found,20
really,20
amphibians,20
word,20
struck,20
trying,20
officers,20
hands,20
exactly,20
matter,20
seen,20
yes,20
began,20
arm,20
second,19
inside,19
fact,19
launched,19
spy,19
cold,19
opened,19
downward,19
low,19
appeared,19
walls,19
orders,19
generators,19
solid,19
projectors,19
blue,19
brought,18
world,18
gone,18
rapidly,18
whole,18
fellows,18
apparently,18
pretty,18
attack,18
slowly,18
peculiar,18
mind,18
said,18
human,18
flying,18
either,18
believe,18
moment,18
furious,18
instant,18
disappeared,18
called,18
material,18
possibly,17
intelligent,17
shut,17
desk,17
ahead,17
distant,17
upward,17
arms,17
crew,17
stood,17
bit,17
fishes,17
acceleration,17
panel,17
detail,17
took,17
stream,17
place,17
tellus,17
feel,17
violet,17
therefore,16
old,16
sure,16
defensive,16
studied,16
love,16
boat,16
certain,16
kill,16
lay,16
suddenly,16
maximum,16
flaming,16
stay,16
call,16
tell,16
bad,16
entered,16
shield,16
built,16
entire,16
submarine,16
watch,16
gave,16
head,16
flat,16
inertia,16
entirely,16
beings,15
tube,15
enemy,15
couple,15
seemed,15
staring,15
impenetrable,15
war,15
switches,15
helpless,15
death,15
help,15
empty,15
reach,15
flashing,15
equally,15
side,15
miles,15
trace,15
eye,15
none,15
idea,15
gas,15
day,15
planets,15
driving,15
fred,15
plenty,15
happened,15
pilot,15
swung,15
feet,15
smaller,15
sir,15
opening,15
spoke,14
motionless,14
ground,14
hours,14
plane,14
robots,14
means,14
ordinary,14
order,14
kept,14
speed,14
darted,14
invisible,14
horrible,14
scarcely,14
void,14
observation,14
threw,14
rigid,14
capable,14
sound,14
field,14
guards,14
taking,14
hundreds,14
report,14
_chicago_,14
relief,14
except,14
hill,14
attention,14
warning,14
getting,14
touched,13
best,13
demanded,13
vee,13
breath,13
futile,13
marsden,13
large,13
suit,13
command,13
less,13
together,13
live,13
indeed,13
em,13
directly,13
structure,13
furiously,13
lost,13
massive,13
mean,13
deeper,13
pure,13
gigantic,13
lyman,13
seconds,13
least,13
part,13
shells,13
sleep,13
ocean,13
escape,13
chapter,13
solar,13
huge,13
case,13
number,13
anybody,13
shell,13
perhaps,13
fighting,13
hole,12
message,12
showed,12
torpedoes,12
alone,12
watched,12
always,12
young,12
continued,12
try,12
rods,12
thrust,12
bring,12
hope,12
powered,12
five,12
study,12
certainly,12
happen,12
commander,12
figures,12
grimly,12
hundred,12
silence,12
globe,12
lightly,12
strange,12
form,12
section,12
filled,12
nearest,12
main,12
living,12
interference,12
crimson,12
flared,12
directed,12
solarian,12
interrupted,12
gravity,12
wish,12
several,12
rod,12
quick,12
armored,12
woman,12
flight,12
six,12
looks,12
unknown,12
thousands,12
millions,11
leave,11
revealed,11
drive,11
generator,11
vacuum,11
act,11
learn,11
fiercely,11
creature,11
drill,11
length,11
explosive,11
carried,11
_hyperion_,11
flash,11
halt,11
hall,11
care,11
silent,11
green,11
stopped,11
circle,11
practically,11
literally,11
masses,11
neck,11
speaker,11
necessary,11
offensive,11
distance,11
armament,11
stop,11
suppose,11
carry,11
hour,11
simply,11
corridor,11
anywhere,11
buildings,11
communicator,11
greater,11
reached,11
laughed,11
deeps,11
vanished,11
longer,11
crashed,11
turn,11
released,11
wide,11
briefly,11
thrown,11
alike,11
machinery,11
seized,11
watching,11
closed,11
heavily,11
whether,11
shielding,10
reported,10
alive,10
stupendous,10
sign,10
aboard,10
bombs,10
past,10
sea,10
blown,10
handle,10
ball,10
break,10
cylinder,10
trouble,10
explosion,10
impossible,10
size,10
cannot,10
floating,10
pounds,10
building,10
learned,10
quarters,10
massed,10
times,10
eat,10
lungs,10
third,10
answered,10
die,10
across,10
stepped,10
running,10
broken,10
thousand,10
creatures,10
lookout,10
easily,10
compartment,10
utterly,10
others,10
although,10
formation,10
flame,10
talking,10
spite,10
detect,10
seems,10
stand,10
awful,10
visiray,10
lower,10
attacking,10
bye,10
knowing,10
fingers,9
substance,9
explained,9
machine,9
hot,9
wrong,9
doors,9
mouth,9
allotropic,9
busy,9
brilliant,9
following,9
sat,9
waves,9
load,9
pieces,9
altogether,9
coldly,9
specimens,9
veil,9
somewhere,9
safe,9
fear,9
secretary,9
gasped,9
forms,9
defenses,9
pittsburgh,9
equipment,9
forever,9
observers,9
moved,9
safety,9
grew,9
useless,9
position,9
wreckage,9
heavens,9
hardened,9
stored,9
adlington,9
special,9
detector,9
type,9
neutralization,9
wearing,9
dead,9
normal,9
felt,9
run,9
wait,9
effort,9
armed,9
prodigious,9
burned,9
task,9
single,9
liner,9
center,9
slight,9
catch,9
direct,9
automatic,9
hear,9
level,9
given,9
lewistons,9
direction,9
rather,9
weight,9
redly,9
passed,9
exploded,9
edge,9
breathing,9
instead,9
savagely,9
table,9
looking,8
commented,8
theory,8
plunged,8
lewiston,8
metallic,8
later,8
locks,8
allowed,8
blinding,8
outside,8
equipped,8
vision,8
concentrated,8
sealed,8
science,8
sent,8
approaching,8
straight,8
real,8
sight,8
send,8
race,8
robot,8
penrose,8
familiar,8
doorway,8
rooms,8
deadly,8
sped,8
told,8
thick,8
forced,8
strength,8
drawn,8
attacked,8
applied,8
goggles,8
night,8
fight,8
true,8
holding,8
flamed,8
sheer,8
central,8
surrounded,8
ceased,8
trained,8
miss,8
tubes,8
pictures,8
utmost,8
pace,8
become,8
picked,8
pressure,8
cloud,8
started,8
rushed,8
desperate,8
fierce,8
immediately,8
home,8
reaching,8
weeks,8
somewhat,8
impotent,8
artificial,8
seven,8
everybody,8
mad,8
switch,8
nearly,8
declared,8
middle,8
lightning,8
moving,8
sphere,8
twenty,8
particularly,8
carefully,8
big,8
polycyclic,8
private,8
waters,8
approached,8
bear,8
intensity,8
airlock,8
shoot,8
vapor,8
newly,8
ran,8
radio,8
backward,8
liquid,8
_,8
worse,8
knows,8
developed,8
expect,8
shaped,8
inertialess,8
larger,8
conversation,8
cried,8
sky,8
universe,8
volume,8
incredible,8
hurt,7
locked,7
bitter,7
feeling,7
standish,7
falling,7
engineer,7
working,7
cushioned,7
instrument,7
slender,7
tight,7
sank,7
action,7
play,7
cover,7
impact,7
sweetheart,7
pressed,7
chase,7
land,7
sharply,7
lock,7
operative,7
sufficiently,7
transparent,7
sister,7
smooth,7
deeply,7
speak,7
thanks,7
bore,7
zone,7
paused,7
remember,7
projectiles,7
hurried,7
burst,7
using,7
throw,7
managed,7
hurry,7
food,7
viciously,7
league,7
sensitive,7
signal,7
ordered,7
meant,7
wonderful,7
baxter,7
keen,7
fellow,7
precious,7
encountered,7
loss,7
invisibility,7
met,7
besides,7
answer,7
near,7
save,7
landing,7
died,7
skin,7
making,7
blasts,7
speech,7
hideous,7
narrow,7
dodging,7
sector,7
please,7
snap,7
peculiarly,7
shock,7
nobody,7
unless,7
neutralized,7
path,7
join,7
fortress,7
primary,7
wildly,7
thoroughly,7
swept,7
beside,7
shortly,7
virgil,7
heat,7
clouds,7
slower,7
ways,7
bodies,7
faster,7
intelligence,7
incandescent,7
higher,7
heart,7
question,7
plunge,7
proof,7
struggled,7
brilliantly,7
looked,7
brain,7
view,7
monstrous,7
gets,7
hollow,7
admiral,6
sliver_,6
absolute,6
damage,6
laboratory,6
legs,6
remained,6
worked,6
prison,6
bottom,6
constantly,6
panels,6
flood,6
passengers,6
wherever,6
sectors,6
battleships,6
training,6
aside,6
destroy,6
raging,6
situation,6
complete,6
rush,6
returned,6
floated,6
pass,6
pick,6
waved,6
guess,6
dragged,6
closely,6
available,6
fire,6
signals,6
eager,6
location,6
sides,6
fifteen,6
standing,6
bent,6
perfect,6
dock,6
beneath,6
warfare,6
move,6
ravening,6
places,6
tenuous,6
separated,6
flung,6
office,6
barrier,6
writhing,6
manned,6
steam,6
observer,6
unable,6
mid,6
physical,6
donned,6
roaring,6
sending,6
marked,6
truly,6
somebody,6
charged,6
thinking,6
horror,6
taken,6
tried,6
actually,6
foot,6
fully,6
dire,6
gravitation,6
abruptly,6
lives,6
conflict,6
required,6
depth,6
meet,6
data,6
bare,6
neutralizers,6
lose,6
vicious,6
surprise,6
turning,6
seem,6
points,6
physicist,6
dear,6
assented,6
kilometers,6
shift,6
grinned,6
group,6
mechanisms,6
anyone,6
undoubtedly,6
clung,6
efficient,6
black,6
according,6
mars,6
fill,6
sharp,6
needs,6
existence,6
fine,6
semi,6
cutting,6
knowledge,6
equal,6
general,6
match,6
success,6
hair,6
shining,6
changed,6
end,6
destroyed,6
wanted,6
top,6
_silver,6
expected,6
hung,6
companions,6
steadily,6
efforts,6
dials,6
fury,6
picture,6
serious,6
tanks,6
port,6
goes,6
vital,6
fourth,6
lagoon,6
fought,6
boiling,6
hardly,6
nothingness,6
blow,6
poised,6
rate,6
brief,6
unthinkable,6
converters,6
darting,6
scientist,6
temperature,6
kind,6
check,6
rocket,6
defense,6
various,6
due,6
trial,6
fragments,6
intense,6
depths,6
commissioner,6
issued,6
traveling,6
waiting,6
leaving,6
women,6
covered,6
transmitter,6
inner,6
dope,6
words,6
unmoved,6
supply,6
cruisers,6
cleve,6
yellow,5
reports,5
headquarters,5
fit,5
borne,5
needed,5
spectrum,5
grips,5
thrilled,5
release,5
atomic,5
lots,5
vain,5
proved,5
protested,5
people,5
pulled,5
torn,5
possibility,5
resource,5
raged,5
expression,5
wants,5
dark,5
package,5
viscous,5
pull,5
followed,5
keeping,5
commanded,5
glowing,5
annihilation,5
determined,5
growled,5
bell,5
races,5
surprised,5
object,5
walked,5
makes,5
doubt,5
realized,5
allow,5
frequency,5
bother,5
clearly,5
rough,5
scene,5
co,5
poured,5
waste,5
murk,5
placed,5
bearing,5
searched,5
worth,5
simultaneously,5
cans,5
agony,5
oxygen,5
reasonable,5
lifted,5
forth,5
licked,5
ebook,5
calculated,5
analytical,5
terms,5
paralyzing,5
plating,5
clamped,5
board,5
retreat,5
horizon,5
prisoners,5
strangely,5
warring,5
welcome,5
prove,5
indescribable,5
non,5
increase,5
caught,5
fifty,5
informed,5
listening,5
recorded,5
storage,5
terrible,5
dread,5
bitterly,5
reason,5
recovered,5
heaviest,5
molten,5
bench,5
lips,5
dull,5
smiled,5
telling,5
danger,5
completely,5
precisely,5
perfectly,5
attained,5
inkling,5
minds,5
conical,5
effect,5
spherical,5
cradle,5
incandescence,5
freedom,5
highest,5
piece,5
star,5
friends,5
exploding,5
attempt,5
ghastly,5
spoken,5
calmly,5
weightless,5
struggle,5
teeth,5
mile,5
box,5
ferrous,5
council,5
destructive,5
pointed,5
sooner,5
monster,5
eyed,5
dreadnaught,5
collapsed,5
surprising,5
jovian,5
extended,5
macro,5
sprang,5
grip,5
instantaneously,5
quietly,5
scout,5
recorders,5
stubborn,5
blood,5
detected,5
ports,5
crouched,5
members,5
beginning,5
needle,5
mountain,5
common,5
smallest,5
violently,5
forward,5
tearing,5
violence,5
triplanetarian,5
warned,5
neutralize,5
inexorably,5
beat,5
fixed,5
conquered,5
tremendous,5
gaze,5
finished,5
tense,5
plain,5
admitted,5
noise,5
guard,5
measure,5
settled,5
visible,5
mr,5
badly,5
mess,5
free,5
rank,5
fashion,5
wear,5
faced,5
quickly,5
captives,5
stopping,5
possessed,5
dirigible,5
permitted,5
trip,5
tip,5
weird,5
hull,5
ideas,5
reveal,5
cities,5
key,5
careful,5
submarines,5
delicate,5
rose,5
follow,5
disk,5
sub,5
supposedly,5
miniature,5
proceed,5
shielded,5
tractors,5
blank,5
saloon,5
hit,5
blazed,5
questions,5
refused,5
stricken,5
fleets,5
smoothly,5
fortresses,5
wrist,5
crash,5
flew,5
plainly,5
hitherto,5
doomed,5
chances,5
ones,5
firmament,5
_sliver_,5
earthly,5
increasing,4
specialist,4
groaned,4
effective,4
fix,4
interfering,4
series,4
assured,4
master,4
listen,4
cushions,4
frowned,4
dozen,4
bomb,4
nature,4
mirsky,4
boiled,4
rushing,4
ease,4
capacious,4
raised,4
grasping,4
exist,4
push,4
veterans,4
exact,4
orifice,4
yards,4
ineffective,4
tightly,4
wondering,4
theoretical,4
evidently,4
spot,4
conscious,4
mused,4
compelled,4
million,4
intensely,4
emotion,4
nishimura,4
opposite,4
slow,4
corridors,4
adept,4
flipped,4
formed,4
sickness,4
inter,4
dirty,4
debris,4
condition,4
imperceptible,4
revealing,4
experience,4
beautiful,4
axis,4
intended,4
calculations,4
flowing,4
outward,4
barely,4
acted,4
silenced,4
calculator,4
funny,4
alert,4
clasped,4
consumed,4
ago,4
manipulated,4
led,4
leg,4
defeat,4
tools,4
next,4
balls,4
animals,4
realize,4
vibrations,4
strode,4
surely,4
mechanism,4
mechanical,4
wire,4
dazzling,4
unimaginable,4
mere,4
details,4
saved,4
relentlessly,4
phones,4
pursuit,4
negative,4
worn,4
haste,4
clanged,4
_know_,4
cameras,4
amazement,4
scenes,4
seated,4
insulated,4
depends,4
torrents,4
shields,4
received,4
easy,4
dizzy,4
unharmed,4
contact,4
boot,4
purple,4
illustration,4
becoming,4
crystal,4
upper,4
cargo,4
change,4
intently,4
entrance,4
whenever,4
trifle,4
window,4
drop,4
accumulators,4
fore,4
trick,4
momentum,4
velocities,4
output,4
braking,4
business,4
operator,4
gunners,4
darkness,4
strong,4
nine,4
inconceivable,4
base,4
american,4
infinite,4
harmlessly,4
watt,4
snapping,4
clean,4
throwing,4
involuntarily,4
unconscious,4
vibratory,4
madly,4
used,4
soberly,4
rub,4
russian,4
orbit,4
opaque,4
cell,4
camera,4
shrieked,4
sought,4
located,4
shaking,4
interplanetary,4
dodge,4
understood,4
shoulders,4
harder,4
glowed,4
kick,4
interstellar,4
converter,4
cells,4
universal,4
heading,4
drew,4
piercing,4
calm,4
frantic,4
personal,4
twisted,4
broadcast,4
alarm,4
brilliance,4
fields,4
remaining,4
disappear,4
convulsively,4
thoughts,4
changes,4
infinitely,4
jupiter,4
dense,4
burn,4
restored,4
_that_,4
round,4
worm,4
clerk,4
staying,4
argued,4
killed,4
peered,4
rock,4
slept,4
speaking,4
seat,4
performance,4
show,4
seal,4
wonder,4
radiated,4
cautiously,4
different,4
amazed,4
facing,4
pockets,4
opacity,4
important,4
looped,4
sunk,4
search,4
wiped,4
patrols,4
energies,4
late,4
randolph,4
supposed,4
build,4
extremely,4
expert,4
simple,4
dropping,4
annihilating,4
understand,4
stubbornly,4
absolutely,4
martian,4
aflame,4
scaly,4
stationary,4
planes,4
appalling,4
coruscating,4
giving,4
extreme,4
crashing,4
reeking,4
watery,4
galaxy,4
announced,4
curved,4
eight,4
contemptuous,4
sparks,4
stationed,4
atmospheric,4
appearance,4
captors,4
reporting,4
stores,4
onward,4
audibly,4
works,4
soft,4
comparatively,4
emptiness,4
ramps,4
glanced,4
hopeless,4
onto,4
hearing,4
serve,4
frankly,4
fluid,4
twice,4
detection,4
approach,4
rebounded,4
vibration,4
humanity,4
combat,4
ear,4
splendor,4
plunging,4
removed,4
sometime,4
pipe,4
vigorously,4
remarked,4
lever,4
reply,4
flagship,4
slightest,4
sense,4
possibilities,4
motion,4
swing,4
exploring,4
huh,4
require,4
deafening,4
considered,4
college,4
communicators,4
reaction,4
spirit,4
inertialessness,4
week,4
intact,4
courses,4
lifeboats,4
gutenberg,4
apartment,4
guns,4
warship,4
wracking,4
speeding,4
detonation,4
encased,4
parts,4
return,4
instructions,4
invader,4
erupted,4
hurling,4
grotesque,4
dumb,4
outfit,4
engineers,4
obstacle,4
unlimited,4
conceivable,4
nice,4
noted,4
concluded,4
sensation,4
duct,4
figure,4
flaring,4
tension,4
readiness,4
flea,4
gassed,4
dive,4
shallow,4
vegetation,4
agreed,4
torpedo,4
throughout,4
leader,4
locate,4
mutual,4
sick,4
foul,3
stabbed,3
bringing,3
golden,3
strike,3
intake,3
travel,3
hop,3
heretofore,3
easier,3
telescope,3
threatened,3
sickeningly,3
adepts,3
similarly,3
engagement,3
project,3
endure,3
absorbed,3
divan,3
saying,3
lethal,3
blew,3
result,3
rings,3
rolled,3
accident,3
fairly,3
steps,3
foe,3
altitude,3
launching,3
happy,3
offer,3
hemisphere,3
extremity,3
irresistible,3
hurtling,3
accomplished,3
tasks,3
everywhere,3
overloaded,3
_you_,3
square,3
entering,3
seriously,3
disintegrated,3
argument,3
altered,3
friction,3
dome,3
spare,3
combined,3
tightened,3
former,3
triplanetarians,3
pervading,3
transformers,3
meal,3
burning,3
antidote,3
legged,3
terra,3
original,3
reasoning,3
paying,3
cable,3
twisting,3
tentacles,3
signs,3
operation,3
plan,3
failed,3
delicately,3
slanting,3
connection,3
electrician,3
indefinite,3
belt,3
awake,3
receive,3
communications,3
yelled,3
definitely,3
age,3
menace,3
hello,3
concerned,3
torture,3
wipe,3
bird,3
_endymion_,3
pencil,3
occurred,3
bodily,3
slid,3
slim,3
destroying,3
native,3
tied,3
chosen,3
outlined,3
traced,3
incalculable,3
straining,3
erstwhile,3
tortured,3
studying,3
awed,3
alloy,3
hinkle,3
pause,3
withstand,3
temporarily,3
pistol,3
streams,3
ransom,3
softening,3
shuddered,3
tellurian,3
laboring,3
swimming,3
function,3
invaders,3
mightiest,3
tentacular,3
inhabitants,3
law,3
defenders,3
nets,3
band,3
repulsive,3
rocky,3
hurtled,3
pressor,3
elevator,3
contents,3
completed,3
extending,3
tons,3
engines,3
flexible,3
aid,3
hang,3
spread,3
transformed,3
hartkopf,3
lashed,3
asking,3
months,3
formidable,3
gaseous,3
topped,3
mightily,3
devoted,3
protective,3
seemingly,3
appeal,3
franklin,3
usually,3
wonderfully,3
cat,3
discussion,3
knobos,3
crept,3
ended,3
monstrosities,3
ring,3
checked,3
friend,3
breakfast,3
price,3
neatly,3
discovered,3
jolt,3
asleep,3
materials,3
notice,3
comes,3
muttered,3
markedly,3
rebuilt,3
external,3
jointed,3
soil,3
penetrant,3
embrace,3
worry,3
noble,3
valuable,3
spectacular,3
read,3
streamers,3
exposed,3
recorder,3
strained,3
area,3
month,3
decide,3
heaved,3
unheard,3
emotions,3
loose,3
tracks,3
bugs,3
banks,3
grizzled,3
vertigo,3
straightened,3
launch,3
perceptible,3
scouts,3
spitting,3
probability,3
storm,3
organs,3
lie,3
lip,3
usual,3
pictured,3
forgotten,3
battery,3
wet,3
ought,3
anxious,3
mathematical,3
infra,3
smothered,3
seeing,3
similar,3
flush,3
metals,3
dashed,3
rested,3
suite,3
stiff,3
button,3
visibility,3
capsule,3
unbreakable,3
mentioned,3
converting,3
cause,3
ask,3
keel,3
projectile,3
possessing,3
wrapped,3
final,3
overwhelming,3
bed,3
expired,3
construction,3
evident,3
written,3
outlaws,3
senses,3
purifier,3
sources,3
livid,3
grinding,3
recognized,3
dumfounded,3
additional,3
converted,3
limit,3
meteor,3
portion,3
sorry,3
rescue,3
reverently,3
helmets,3
permit,3
chatelier,3
leaned,3
bone,3
afforded,3
tellurians,3
arrived,3
disappearing,3
immensely,3
concussion,3
structures,3
planetary,3
hunger,3
stepping,3
folks,3
bar,3
softly,3
ears,3
subject,3
dismembered,3
suggested,3
interest,3
sanctum,3
stratosphere,3
melted,3
clinging,3
quartermaster,3
consciousness,3
background,3
dutton,3
automatically,3
failure,3
surrender,3
urgent,3
exerting,3
advised,3
visit,3
soul,3
crazy,3
q,3
jovians,3
touching,3
possess,3
screaming,3
language,3
continuous,3
accurately,3
protected,3
dash,3
squat,3
paid,3
corner,3
designated,3
worrying,3
relative,3
snorted,3
parent,3
killing,3
among,3
gripper,3
investigating,3
companion,3
grating,3
grim,3
vertically,3
operating,3
spreading,3
levers,3
forget,3
forbidden,3
fall,3
extinction,3
barked,3
minimum,3
rounded,3
seeking,3
obeyed,3
harm,3
mental,3
pilots,3
regulation,3
conduit,3
couch,3
seething,3
swelling,3
giant,3
sluggishly,3
gills,3
unmistakable,3
tender,3
degree,3
relatively,3
development,3
keys,3
desks,3
purpose,3
spent,3
organization,3
disks,3
often,3
decision,3
per,3
piled,3
bored,3
opponent,3
frenzied,3
boys,3
prepared,3
reflectors,3
roar,3
chasing,3
trembling,3
lined,3
mention,3
rudely,3
finest,3
braced,3
warships,3
automatons,3
calling,3
routine,3
progress,3
glorious,3
monstrosity,3
ah,3
value,3
helped,3
muscle,3
crawled,3
happens,3
lieutenant,3
veritable,3
strap,3
grief,3
phone,3
install,3
gate,3
stronghold,3
enter,3
denizens,3
frantically,3
quintessence,3
insulation,3
ceiling,3
thorough,3
reversed,3
glow,3
treaty,3
orderly,3
wrecked,3
dove,3
habit,3
finger,3
news,3
lenses,3
trust,3
bulged,3
lesser,3
procedure,3
mother,3
spencer,3
cooper,3
cord,3
existed,3
meters,3
younger,3
neighbors,3
leads,3
slowed,3
illimitable,3
thirty,3
handled,3
handles,3
roared,3
unarmed,3
tipped,3
continue,3
name,3
clutch,3
surviving,3
rayed,3
r,3
duty,3
color,3
designed,3
cease,3
moon,3
baffled,3
paralysis,3
illuminated,3
starkly,3
separate,3
sparkling,3
program,3
list,3
employing,3
pleasant,3
crackling,3
faint,3
minor,3
glad,3
breaking,3
concentrating,3
waged,3
letting,3
intolerable,3
wondered,3
fiber,3
experimenting,3
heads,3
circuit,3
solidly,3
feed,3
story,3
double,3
hexagonal,3
grams,3
dissolved,3
amphibian,3
endlessly,3
investigate,3
activity,3
opposition,3
startling,3
demand,3
rig,3
widely,3
gradually,3
forbidding,3
reservoirs,3
peace,3
staccato,3
_can_,3
desired,3
apt,3
heaving,3
fortunate,3
masks,3
dearest,3
superior,3
choose,3
eastward,3
rockets,3
trap,3
g,3
unbearable,3
utter,3
minutely,3
neared,3
penetrate,3
crude,3
andromeda,3
enlarging,3
present,3
fearful,3
wild,3
cross,3
member,3
scared,3
obey,3
rare,3
noxious,3
blanketed,3
scintillating,3
mailed,3
conclusion,3
junk,3
kinds,3
succession,2
ornamental,2
crisply,2
sailed,2
tensely,2
ruthless,2
shriek,2
stern,2
unit,2
glass,2
locker,2
organized,2
beauty,2
outlawed,2
dreamed,2
silver,2
_think_,2
bowls,2
outburst,2
subsiding,2
sheet,2
spinning,2
cooling,2
crawl,2
outlaw,2
idly,2
eagerly,2
airship,2
fugitives,2
scream,2
pocket,2
disaster,2
radium,2
_dione_,2
fail,2
defiance,2
planned,2
unprotected,2
source,2
wildcat,2
commerce,2
damaged,2
babies,2
effortlessly,2
disguise,2
innocent,2
desire,2
crowd,2
captive,2
inhuman,2
fog,2
losing,2
shaken,2
benches,2
visitors,2
slightly,2
exhausts,2
sol,2
passenger,2
uttered,2
smell,2
roll,2
rolling,2
disorganization,2
breadth,2
whoever,2
avalanche,2
jointless,2
methodically,2
stays,2
tear,2
sigh,2
gnawed,2
ratio,2
anchoring,2
logical,2
loving,2
originally,2
s_,2
solarians,2
solitary,2
decreased,2
remainder,2
disguised,2
raying,2
ridiculous,2
slashed,2
future,2
instructed,2
note,2
towers,2
syllable,2
remarks,2
bade,2
trembled,2
bright,2
imagined,2
tears,2
representatives,2
refreshed,2
faded,2
thickly,2
twin,2
unconsciousness,2
stretch,2
mounting,2
vials,2
_is_,2
inaudible,2
rover,2
contesting,2
stranger,2
clad,2
grouping,2
thinks,2
belched,2
searing,2
corrosive,2
scientific,2
sprung,2
lofty,2
rags,2
awry,2
pedestal,2
incomprehensible,2
waving,2
mask,2
hunting,2
tail,2
puzzled,2
joined,2
displays,2
whirled,2
leaping,2
vomiting,2
concluding,2
tested,2
civilizations,2
impacts,2
stated,2
information,2
respective,2
plant,2
fundamental,2
distortion,2
motley,2
skipper,2
bluer,2
research,2
imagine,2
devoid,2
gazed,2
slipped,2
ethereal,2
jet,2
stairs,2
navigators,2
odors,2
self,2
silvery,2
brace,2
riven,2
potent,2
coincidence,2
agents,2
sammy,2
devil,2
formless,2
uncertain,2
backing,2
countered,2
beautifully,2
vanish,2
voraciously,2
flooded,2
levels,2
concrete,2
salvo,2
chest,2
quest,2
spring,2
pall,2
pale,2
odor,2
concealed,2
tidal,2
considerably,2
jacks,2
relaxed,2
atom,2
posted,2
saluted,2
sx7,2
expressionless,2
code,2
gossip,2
resources,2
stocked,2
quadrupled,2
soluble,2
incidentally,2
odd,2
apparatus,2
titanic,2
survey,2
cheered,2
eleven,2
rich,2
bend,2
process,2
beckoned,2
animal,2
yellowish,2
element,2
produced,2
communication,2
designs,2
insistent,2
bat,2
cage,2
truth,2
tracer,2
society,2
valve,2
traversed,2
shortest,2
detectable,2
stomach,2
stars,2
breathable,2
punctured,2
steer,2
vengeful,2
gently,2
gentle,2
hungrily,2
fervent,2
stronger,2
jaw,2
jam,2
tape,2
exchanged,2
h,2
exerted,2
yawning,2
packed,2
figured,2
ramp,2
adjusted,2
ripe,2
infinity,2
arrest,2
checking,2
loaded,2
stage,2
gained,2
bullets,2
screamed,2
funnel,2
count,2
fundamentally,2
rule,2
lift,2
magnetic,2
desirable,2
edward,2
blanket,2
glance,2
pierced,2
blocking,2
refusing,2
indicated,2
impassive,2
affected,2
exhaling,2
laconically,2
superheated,2
l,2
medicine,2
standard,2
recovering,2
plentiful,2
observations,2
solely,2
laden,2
phase,2
respectfully,2
personality,2
tracers,2
dx,2
headlong,2
covering,2
stead,2
squadron,2
afloat,2
overgrown,2
tough,2
sheerest,2
duties,2
concerning,2
abrupt,2
_could_,2
independent,2
rain,2
sullenly,2
goggled,2
photographed,2
cooled,2
pausing,2
sizzling,2
wan,2
suffice,2
lowest,2
invincible,2
promised,2
dimly,2
dying,2
reality,2
test,2
balloon,2
dance,2
flask,2
terror,2
brown,2
feeble,2
gun,2
plummet,2
discover,2
assistance,2
uniform,2
supporting,2
bluffing,2
fingered,2
clothing,2
lounge,2
gaping,2
goal,2
thinner,2
birds,2
directing,2
avoided,2
shown,2
hastily,2
opener,2
rebuilding,2
british,2
support,2
frame,2
fraction,2
brains,2
expanse,2
distorted,2
recover,2
veteran,2
online,2
objective,2
begin,2
flawlessly,2
attempting,2
fletcher,2
tonnage,2
title,2
inventions,2
girdled,2
blame,2
aura,2
wheels,2
learning,2
rebuild,2
investigated,2
passing,2
battleship,2
sweeping,2
civilized,2
specimen,2
rear,2
ruled,2
fortune,2
miracle,2
oblivion,2
duration,2
sixth,2
chop,2
journey,2
elmer,2
pitched,2
momentarily,2
scanned,2
rodenbush,2
thither,2
fools,2
suited,2
embracing,2
cores,2
detonating,2
pointing,2
dreadful,2
streets,2
pulverize,2
takes,2
micrometer,2
impulse,2
history,2
pushed,2
communicating,2
systems,2
fool,2
nestled,2
permissible,2
towering,2
_want_,2
desperately,2
undetectable,2
jaws,2
specials,2
inert,2
housed,2
diffused,2
terribly,2
undergo,2
mist,2
blindly,2
_fearless_,2
promenade,2
dynes,2
fiercest,2
perfume,2
seventeen,2
wow,2
unmoving,2
described,2
partly,2
guide,2
loop,2
overlooked,2
sentences,2
concentration,2
temporary,2
uses,2
older,2
canisters,2
transformation,2
game,2
wings,2
strife,2
unflinchingly,2
civilization,2
eating,2
rolls,2
consultation,2
fishy,2
skull,2
circuits,2
accustomed,2
electrical,2
recognition,2
draw,2
crouching,2
potentialities,2
ignorant,2
nose,2
friendly,2
murderous,2
nausea,2
exits,2
positions,2
inspection,2
jump,2
conning,2
believed,2
win,2
strapped,2
remains,2
mythical,2
ride,2
infinitesimal,2
escaped,2
chiefs,2
rations,2
belongings,2
brittle,2
blake,2
front,2
quivered,2
corrosion,2
precaution,2
lances,2
incarnate,2
prone,2
dyne,2
be_,2
staking,2
enforced,2
unchanged,2
torment,2
microphone,2
pursued,2
issuing,2
connected,2
radiating,2
affair,2
emerging,2
hopeful,2
brighter,2
employed,2
assistants,2
tossed,2
contain,2
computed,2
computer,2
horribly,2
importance,2
hurrying,2
efficiency,2
admit,2
supreme,2
addition,2
controlled,2
piloting,2
experimented,2
prodigiously,2
density,2
headed,2
ample,2
crushed,2
gangsters,2
_should_,2
broad,2
instinct,2
sinister,2
compatible,2
tongue,2
pistols,2
noticed,2
north,2
triangular,2
neutral,2
display,2
mechanics,2
kissed,2
rumors,2
kilograms,2
chemist,2
_man_,2
recalled,2
unfeeling,2
gamut,2
cruising,2
affect,2
greenish,2
orchestra,2
lights,2
seventh,2
active,2
tapes,2
fantastic,2
guests,2
wars,2
unmarked,2
advancing,2
_they_,2
operate,2
combination,2
caterpillar,2
operatives,2
forgot,2
navy,2
content,2
bulkheads,2
loud,2
features,2
floors,2
inferno,2
wielded,2
modern,2
mine,2
seek,2
horde,2
regular,2
visitor,2
attempts,2
liberty,2
bag,2
decided,2
voyage,2
scrap,2
lowly,2
paralyze,2
futility,2
tank,2
defeated,2
grown,2
unfortunate,2
weakly,2
chronometer,2
qualities,2
agile,2
regarded,2
neptunians,2
shoulder,2
www,2
deaf,2
somehow,2
undisturbed,2
collect,2
islands,2
nerve,2
formulae,2
armada,2
lurid,2
savage,2
platoons,2
happening,2
assume,2
customary,2
father,2
uneventful,2
item,2
talked,2
measurable,2
unknowing,2
suggestion,2
conveniently,2
hither,2
lessened,2
agent,2
pink,2
chemical,2
blooded,2
unwonted,2
thank,2
spasmodic,2
careless,2
liberating,2
abnormal,2
morning,2
emerged,2
fleeing,2
discharges,2
discharged,2
interchange,2
murky,2
fiery,2
untried,2
voices,2
spectacle,2
voiced,2
interior,2
sheets,2
pair,2
especially,2
gracefully,2
treasure,2
ranking,2
secondary,2
busiest,2
yield,2
seas,2
checks,2
whispered,2
stretched,2
unusual,2
dangerous,2
wake,2
volatilized,2
awakened,2
sleeping,2
pressing,2
doctor,2
deserting,2
drain,2
bottle,2
money,2
dipped,2
pile,2
poison,2
undiminished,2
file,2
drivers,2
remote,2
husky,2
suns,2
children,2
returning,2
unsuspected,2
zero,2
component,2
splash,2
aperture,2
diamond,2
staggering,2
goblets,2
town,2
strain,2
escorted,2
gravely,2
share,2
narrowly,2
comfort,2
sacred,2
response,2
mystery,2
pigeon,2
flowed,2
enforcing,2
failing,2
backed,2
copper,2
disregarded,2
amplifiers,2
organism,2
scattered,2
nervous,2
distributed,2
spiked,2
devils,2
individual,2
reverse,2
smote,2
screened,2
meeting,2
chatter,2
raw,2
shape,2
alternative,2
hated,2
passionless,2
matters,2
scuttled,2
contacts,2
inimical,2
moored,2
blanketing,2
curt,2
constant,2
scarlet,2
teemed,2
bracket,2
valves,2
fluids,2
exercise,2
honor,2
disgust,2
tunnel,2
closing,2
admiralty,2
bones,2
lamp,2
collection,2
bluff,2
lines,2
looping,2
horny,2
bridges,2
labor,2
willing,2
resistless,2
stud,2
ruins,2
retain,2
reaches,2
improvements,2
ferocity,2
visiplate,2
preliminary,2
frederick,2
absorbing,2
supported,2
scuttling,2
bracing,2
exultant,2
wringing,2
swim,2
citadel,2
bulk,2
angles,2
bulb,2
multi,2
cubic,2
sets,2
tone,2
lake,2
mathematically,2
add,2
raved,2
tests,2
displaced,2
audible,2
host,2
shooting,2
pit,2
dressed,2
bundle,2
shrank,2
yell,2
limited,2
hate,2
assembled,2
feeding,2
softened,2
encounter,2
school,2
venus,2
surrounding,2
hide,2
beaten,2
supplies,2
donning,2
murkily,2
changer,2
visibly,2
breathe,2
billowing,2
liquefied,2
kilowatt,2
delicacy,2
burly,2
aloud,2
untold,2
explode,2
eternal,2
unbroken,2
murder,2
inarticulate,2
ram,2
unaffected,2
isolated,2
shutting,2
licking,2
farther,2
wrest,2
propulsion,2
confusion,2
protect,2
faces,2
comprehension,2
containers,2
containing,2
pyrotechnics,2
complex,2
inventory,2
greeted,2
unyielding,2
portal,2
insisted,2
greatest,2
departed,2
bands,2
advanced,2
establish,2
core,2
presence,2
crews,2
medium,2
nodded,2
cylinders,2
born,2
ruined,2
setting,2
soundly,2
propelling,2
impression,2
focus,2
charge,2
advantage,2
unfamiliar,2
annihilated,2
propellant,2
meteorites,2
dissipated,2
supplying,2
automaton,2
eardrums,2
paralyzed,2
drunkenly,2
squadrons,2
cases,2
spun,2
venerian,2
secured,2
eloquent,2
unbelievable,2
outlandish,2
furnished,2
apex,2
limply,2
synchronize,2
individually,2
menagerie,2
begun,2
hulk,2
unfriendly,2
flyer,2
flare,2
cheerfully,2
terrifying,2
gives,2
humans,2
milton,2
pre,2
commonplace,2
shooter,2
hungry,2
heap,2
cautioned,2
grayness,2
picnic,2
floundering,2
quiet,2
lithely,2
engine,2
shaft,2
mount,2
fiercer,2
helmet,2
profanely,2
canister,2
changing,2
model,2
captured,2
blot,2
_so_,2
engulfed,2
scheduled,2
confined,2
tower,2
reduced,2
discussed,2
creeping,2
intra,2
rubber,2
requested,2
midair,2
brass,2
curve,2
platter,2
tanned,2
lack,2
subsided,2
depending,2
design,2
crush,2
toes,2
directions,2
v,2
explains,2
acknowledging,2
departure,2
inch,2
sighed,2
inherent,2
needless,2
loops,2
mountainously,2
traveled,2
notify,2
leading,2
rails,2
store,2
relieved,2
luckily,2
rifle,2
convinced,2
doubly,2
vanes,2
suspicious,2
vaned,2
electric,2
obediently,2
lying,2
gruesome,2
carnage,2
fastest,2
insensible,2
bars,2
berserk,2
bronze,2
automatics,2
assault,2
distress,2
smith,2
apprehensively,2
precision,2
shove,2
wriggled,2
ecstasy,2
peopled,2
analysis,2
systematically,2
commanders,2
streaming,2
hurriedly,2
prow,2
beleaguered,2
raider,2
vivid,2
impermeable,2
analyze,2
sections,2
dazzlingly,2
anandrusung,2
grouped,2
problems,2
buffalo,2
gang,2
gold,2
languages,2
breach,2
wishes,2
poisonous,2
curtly,2
concisely,2
desires,2
scales,2
scaled,2
ape,2
examination,2
sit,2
buoyant,2
straps,2
crawling,2
necklace,2
devising,2
doubled,2
despairing,2
obscurity,2
boil,2
limiting,2
_love_,2
angle,2
class,2
appallingly,2
ensued,2
purely,2
feat,2
nearer,2
gouging,2
studded,2
closer,2
imprecation,2
_must_,2
joy,2
job,2
probing,2
withdrawn,2
charts,2
sufficient,2
abandoned,2
largest,2
units,2
difficult,2
english,2
gyrations,2
contractile,2
happiness,2
disturbance,2
dimensional,2
loses,2
mines,2
instantaneous,2
urges,2
fired,2
transfer,2
spiral,2
meaningless,2
gnawing,2
frustrate,2
volumes,2
hordes,1
spiders,1
hanging,1
clanked,1
lord,1
sinking,1
tantalizing,1
disturb,1
internally,1
prize,1
piling,1
glassy,1
maneuver,1
charted,1
loathing,1
thunder,1
cooking,1
contributed,1
hostile,1
intellects,1
sunbeams,1
atoms,1
elaborate,1
_would_,1
projection,1
classification,1
precincts,1
lengthen,1
flotsam,1
panoply,1
music,1
wontedly,1
holy,1
hurl,1
circumstances,1
tastefully,1
pursue,1
plunger,1
chasm,1
caution,1
_me_,1
ebonite,1
gargantuan,1
stilettoes,1
types,1
choking,1
wins,1
fleetingly,1
wink,1
reshielded,1
wind,1
vary,1
wrought,1
_why_,1
survivors,1
narrowest,1
slate,1
sixteen,1
structural,1
averse,1
blushed,1
_anything_,1
fortnight,1
smelters,1
_rhea_,1
ra,1
unarmored,1
wavered,1
fugitive,1
encountering,1
tinkled,1
estimate,1
ate,1
eared,1
eavesdroppers,1
ups,1
bated,1
channels,1
clarity,1
173,1
bakelite,1
xii,1
rummaged,1
collapse,1
_the,1
positively,1
peril,1
exultation,1
tree,1
nations,1
idle,1
groaning,1
brawny,1
affairs,1
absorber,1
person,1
causing,1
committing,1
limitless,1
diminishing,1
wells,1
disjointed,1
conceded,1
drought,1
cops,1
padded,1
cousins,1
salvos,1
foremost,1
tenaciously,1
droning,1
pluckily,1
prayerful,1
respond,1
radius,1
conductive,1
cubby,1
claws,1
_possibly_,1
extend,1
smelled,1
twinkling,1
carbon,1
pity,1
triggers,1
gleaming,1
blonde,1
superhuman,1
dots,1
worker,1
kids,1
child,1
jams,1
employ,1
viii,1
wonted,1
flooding,1
played,1
eighteen,1
split,1
electro,1
corruption,1
supper,1
tune,1
_always_,1
previous,1
thickening,1
hay,1
unequivocally,1
clustered,1
shadow,1
unique,1
tolerable,1
psychological,1
pavement,1
grotesquely,1
truncated,1
deflection,1
insistence,1
animate,1
enemies,1
goggling,1
summoned,1
pondered,1
pinched,1
rooked,1
citizens,1
depopulated,1
valleys,1
despised,1
fabric,1
width,1
resulted,1
halls,1
fascination,1
forming,1
conclusively,1
otter,1
congratulations,1
rippling,1
devices,1
torturing,1
smashed,1
151,1
ambitious,1
comely,1
intent,1
cleaver,1
beamed,1
shrieking,1
chain,1
crater,1
tenacious,1
jerk,1
cataclysmic,1
mourn,1
_like_,1
settle,1
team,1
minion,1
prediction,1
crescent,1
current,1
understanding,1
akin,1
studies,1
nowhere,1
logically,1
fake,1
turret,1
angry,1
cherished,1
apparent,1
visual,1
easiest,1
falsework,1
detached,1
offense,1
buttered,1
immune,1
divides,1
explorer,1
blasting,1
convincingly,1
misshapen,1
date,1
brainless,1
stress,1
puller,1
sp,1
darkened,1
unmasked,1
devilfish,1
flagships,1
experiments,1
maneuvered,1
limbs,1
disconnect,1
napping,1
troubled,1
apron,1
records,1
overpowering,1
twilight,1
shouted,1
quarter,1
repaired,1
stalling,1
bursting,1
crushing,1
interferometer,1
container,1
squared,1
investigation,1
suggesting,1
inhaled,1
inwardly,1
seventy,1
thunderclaps,1
wanderers,1
misused,1
puny,1
symmetry,1
holsters,1
wrath,1
bite,1
indicate,1
2,1
draft,1
bits,1
lingering,1
starfish,1
sentinels,1
surges,1
snatch,1
creosote,1
specialists,1
inventor,1
overtaken,1
folly,1
cowed,1
addressing,1
rained,1
buried,1
horsepower,1
bewilderingly,1
convulsive,1
knee,1
pages,1
unpronounceable,1
jittery,1
laws,1
drumhead,1
clawing,1
guarded,1
rejoiced,1
resenting,1
clang,1
cursing,1
outlet,1
worried,1
uncover,1
morose,1
sheathed,1
motionlessness,1
dived,1
spaceworthy,1
wielding,1
jumped,1
vertical,1
rapacious,1
gratefully,1
concentrate,1
jets,1
circumference,1
puerile,1
majestically,1
buoyancy,1
considers,1
sprays,1
waveless,1
locally,1
vacation,1
reflex,1
enable,1
coughing,1
straighten,1
conveyance,1
overcome,1
endured,1
girth,1
engaged,1
fame,1
ingrained,1
edges,1
unmanageable,1
recapture,1
_isn,1
vacant,1
tentacle,1
engulfing,1
truculent,1
slime,1
snarled,1
summed,1
jarred,1
allotrope,1
overthrow,1
skies,1
sportsmanship,1
vacuus,1
traffic,1
darn,1
vague,1
tremulous,1
discarded,1
superiority,1
satisfactory,1
supplementary,1
dimensions,1
strewn,1
exit,1
restoring,1
retraced,1
chivalry,1
ineffable,1
homeless,1
parties,1
purplish,1
rumbled,1
philadelphia,1
detachments,1
hen,1
longings,1
fastidious,1
destinies,1
antiquated,1
rage,1
mopping,1
site,1
trips,1
darker,1
detailed,1
carved,1
amused,1
slant,1
tricks,1
kilogram,1
t_,1
externally,1
consider,1
caused,1
asteroids,1
conscienced,1
obscuring,1
smile,1
baton,1
hooking,1
housings,1
handicapped,1
dispassionately,1
whiff,1
undecided,1
method,1
contrast,1
escaping,1
installations,1
obtruded,1
shops,1
sender,1
vaporized,1
spurlos,1
vii,1
whimsically,1
beheld,1
select,1
objectives,1
unrecognizable,1
helps,1
substances,1
company,1
corrected,1
emission,1
foundations,1
objections,1
doom,1
installing,1
male,1
prompt,1
_am_,1
transcendent,1
implacably,1
speedboat,1
dismissed,1
countryside,1
volatilize,1
pleaded,1
malevolent,1
helplessly,1
passages,1
locking,1
questioningly,1
all_,1
smiling,1
roots,1
_chicago,1
laced,1
plotters,1
tentatively,1
barefaced,1
reassured,1
hereafter,1
nauseous,1
strangling,1
piping,1
disorganized,1
lantern,1
reactions,1
reduce,1
twitched,1
embattled,1
missed,1
armaments,1
darling,1
plowing,1
reared,1
sensations,1
major,1
thereafter,1
brutally,1
fuller,1
introduction,1
cradles,1
pgdp,1
lavished,1
immediate,1
appreciation,1
focusing,1
charges,1
heterodyned,1
_knew_,1
commotion,1
equaled,1
frail,1
departmental,1
exulted,1
unused,1
seize,1
heaps,1
blended,1
defended,1
occupation,1
factor,1
giants,1
downpour,1
dependent,1
impregnable,1
compass,1
rived,1
surrendering,1
river,1
rivet,1
insane,1
shrillest,1
knees,1
hatcheries,1
monsters,1
untouched,1
incident,1
amoeba,1
lizards,1
intricacies,1
patrolled,1
treatment,1
raced,1
silences,1
overloading,1
racer,1
presses,1
handling,1
switchboards,1
admire,1
error,1
cages,1
hoping,1
triple,1
shorted,1
barnes,1
severest,1
resulting,1
waddled,1
leaps,1
nickname,1
expend,1
loathsome,1
construct,1
crackled,1
helmeted,1
readers,1
sheared,1
victims,1
demands,1
emanating,1
suffering,1
formal,1
individuals,1
spins,1
pertaining,1
irresistibly,1
greeting,1
palm,1
curious,1
momentary,1
reenforcement,1
miscalculated,1
behave,1
crooks,1
dictates,1
agreement,1
br,1
vitals,1
dictated,1
wrinkled,1
repair,1
awaited,1
primarily,1
gases,1
custom,1
lithe,1
prowling,1
redoubled,1
considerable,1
uh,1
apiece,1
defined,1
likewise,1
deadliest,1
consigned,1
surveying,1
graceful,1
hail,1
intrepid,1
freighted,1
freighter,1
sumptuously,1
tedium,1
wrongly,1
sided,1
lashing,1
faintly,1
holes,1
consumes,1
summit,1
fresh,1
partial,1
dawning,1
existing,1
amiss,1
shrugged,1
centers,1
uploaded,1
transmission,1
experiencing,1
marry,1
integrating,1
fewer,1
ascribed,1
imply,1
expressed,1
indestructible,1
scenery,1
eminently,1
delivering,1
deduced,1
technical,1
involved,1
opinion,1
assemble,1
recalling,1
illegal,1
duplicate,1
feelingly,1
doubling,1
stolidly,1
carrying,1
unopposed,1
retreated,1
rampant,1
challenge,1
pour,1
thin,1
_them,1
plug,1
penobscot,1
weaker,1
purposes,1
transpired,1
streamer,1
slip,1
docking,1
manacles,1
clasping,1
ties,1
hawk,1
napoleons,1
knotting,1
doubtful,1
dispose,1
degrees,1
snaky,1
innermost,1
snake,1
kiss,1
thirteen,1
jagged,1
witness,1
ascension,1
omnipotent,1
microscope,1
inhaling,1
loomed,1
disintegrating,1
steering,1
spill,1
scars,1
assumed,1
receding,1
distinguish,1
scare,1
touring,1
owner,1
_ultra,1
pined,1
iota,1
evacuated,1
enforcement,1
reacted,1
shatterable,1
listeners,1
steep,1
torrent,1
false,1
defending,1
outfought,1
amphibious,1
mills,1
vise,1
device,1
thanksgiving,1
ampere,1
maddeningly,1
jar,1
buttons,1
listened,1
muttering,1
listener,1
meter,1
exchanges,1
defenseless,1
smash,1
rapped,1
coils,1
cloudless,1
ends,1
advisability,1
restrictions,1
drum,1
unflinching,1
quitted,1
winning,1
lambent,1
swarmed,1
lecherous,1
runway,1
groin,1
vi,1
retarding,1
ravenously,1
glared,1
flasks,1
digging,1
lengthening,1
drink,1
dust,1
pleasantly,1
idiot,1
bedrock,1
audio,1
drawing,1
newest,1
moments,1
roomy,1
stairways,1
combing,1
crack,1
increased,1
government,1
thicker,1
password,1
crisp,1
sandpapery,1
chairs,1
ransomed,1
accelerating,1
nerves,1
immortal,1
daylight,1
transport,1
hallways,1
avoid,1
schedule,1
drumming,1
blackness,1
luna,1
erect,1
roads,1
afoot,1
privates,1
terminated,1
splintered,1
spots,1
stamina,1
naturally,1
forthwith,1
thalleron,1
lowered,1
complacence,1
compute,1
gravitational,1
official,1
triumphant,1
excitement,1
intangible,1
distribution,1
recognize,1
contribute,1
plunderer,1
effected,1
compared,1
lately,1
_educated_,1
outlines,1
vein,1
droplet,1
lasted,1
silica,1
unspeakable,1
crimsonly,1
suicidal,1
oldest,1
daze,1
amorous,1
flushing,1
exaggerate,1
pinch,1
triumph,1
machines,1
established,1
deliberate,1
rockies,1
reconstruction,1
gritted,1
richest,1
pluto,1
obtained,1
fireballs,1
daughter,1
items,1
foolishness,1
smoke,1
glittering,1
diameter,1
vapors,1
opportunities,1
total,1
inchoate,1
theories,1
mechanic,1
piers,1
radiance,1
_ready_,1
heartless,1
acrobatic,1
gaped,1
aerated,1
boats,1
arcs,1
customs,1
millimeter,1
bared,1
arch,1
greek,1
greed,1
freights,1
undetected,1
shear,1
eventually,1
coffee,1
jerking,1
collide,1
stuttering,1
bank,1
bread,1
reasonably,1
feeds,1
network,1
forty,1
colorless,1
tops,1
appointments,1
forcibly,1
detecting,1
rated,1
compromise,1
crunched,1
refraining,1
mercy,1
encase,1
constellations,1
enchanted,1
manner,1
genuine,1
convenient,1
subjects,1
circles,1
maiden,1
rapaciously,1
_dead_,1
nostrils,1
newcomers,1
swamp,1
personage,1
briskly,1
reserve,1
serenely,1
wrung,1
ellipsoid,1
squirmed,1
deepest,1
pursuing,1
df,1
de,1
leisure,1
yielded,1
vividly,1
throckmorton,1
steal,1
_my_,1
rudimentary,1
admiring,1
shortnecked,1
visited,1
kitchen,1
climate,1
ill,1
ilk,1
receiver,1
ingenious,1
spear,1
royal,1
ganymede,1
wider,1
mobilization,1
dozens,1
warmth,1
comfortable,1
physician,1
squawking,1
blackly,1
descent,1
perform,1
swell,1
insulating,1
rasping,1
greedily,1
taint,1
compartments,1
gods,1
transformer,1
occupants,1
passive,1
fusion,1
injuring,1
hairless,1
securities,1
security,1
mazes,1
eyeing,1
congratulate,1
someway,1
beating,1
columbus,1
architectural,1
graduated,1
banked,1
mantle,1
sparing,1
bound,1
rendering,1
balanced,1
compression,1
wailed,1
accordingly,1
sagging,1
sundry,1
needles,1
reset,1
anew,1
coverings,1
unusually,1
inquiring,1
aorta,1
theorizing,1
abstract,1
howling,1
guessed,1
prayer,1
curiosities,1
interested,1
weirdest,1
telescopic,1
loyal,1
switched,1
toothpick,1
watchmen,1
permanently,1
rending,1
kitten,1
skulduggery,1
altering,1
fragile,1
p,1
guy,1
detonated,1
cost,1
curse,1
appear,1
outswim,1
pulsating,1
saluting,1
armlike,1
satisfy,1
lustrous,1
goldfish,1
plotted,1
retired,1
illumination,1
market,1
sighted,1
angels,1
club,1
cluck,1
envelope,1
wafted,1
car,1
indescribably,1
lubricant,1
breeds,1
expanding,1
flank,1
pocus,1
product,1
sacrifice,1
unobtrusive,1
brazen,1
corona,1
accelerated,1
hotly,1
nitrogen,1
reacting,1
nod,1
introduce,1
equidistant,1
wont,1
unauthorized,1
fumes,1
bursts,1
furtive,1
unloaded,1
mould,1
eh,1
ex,1
year,1
accomplish,1
thirst,1
navigating,1
shows,1
marine,1
honest,1
invitation,1
thankfulness,1
sprawling,1
xi,1
mountainside,1
impetuous,1
wintons,1
breed,1
callous,1
monotonously,1
mostly,1
eliminated,1
television,1
transferred,1
gobs,1
magnesium,1
insatiably,1
slay,1
oppressive,1
wreaking,1
schrecklichkeit,1
dream,1
slaves,1
erred,1
sunnily,1
fifth,1
realizing,1
busily,1
duel,1
_continuously_,1
recharged,1
seldom,1
incarcerated,1
fanned,1
flatly,1
staunch,1
hypodermic,1
concern,1
fascinated,1
import,1
whipped,1
prettiest,1
lineament,1
analyzed,1
venomously,1
talented,1
reluctantly,1
nearby,1
foreboding,1
inexplicable,1
_have_,1
ellipsodial,1
exhaustion,1
stems,1
suspected,1
realities,1
accommodating,1
heels,1
hens,1
develop,1
intelligently,1
slighter,1
contortions,1
whiffing,1
enjoyment,1
squatted,1
attributes,1
patchwork,1
immeasurably,1
severe,1
alleviate,1
laboratories,1
slugged,1
transmitting,1
wrecks,1
greetings,1
ounces,1
senseless,1
gloating,1
seams,1
outermost,1
earnest,1
lady,1
twelve,1
dz83,1
passions,1
unlocked,1
assembly,1
balked,1
sixty,1
willies,1
comparison,1
friendship,1
boldly,1
are_,1
shrinking,1
intervention,1
log,1
removing,1
retching,1
bromide,1
hellish,1
gunnery,1
curiously,1
recoil,1
seethed,1
cottage,1
attainable,1
tones,1
saturnine,1
merest,1
terminating,1
forcing,1
poor,1
polar,1
whistling,1
peal,1
flattened,1
pool,1
splitting,1
thoughtful,1
religious,1
carpet,1
spearhead,1
parry,1
heaven,1
effluvium,1
ceaseless,1
fusillade,1
somberly,1
colossal,1
nearing,1
abundant,1
nullification,1
answers,1
conviction,1
losses,1
amount,1
shuffle,1
requiring,1
disgusting,1
analyzing,1
globes,1
conventional,1
moistened,1
respected,1
visage,1
pusher,1
lacks,1
firmly,1
stayed,1
foreseen,1
unearthly,1
tries,1
purring,1
gasp,1
horizontal,1
daggers,1
negligible,1
egg,1
hell,1
solving,1
reluctance,1
absence,1
evening,1
curtis,1
groping,1
imprisoned,1
elder,1
trailed,1
disdaining,1
sulked,1
sketched,1
inspections,1
event,1
steered,1
issue,1
earliest,1
brazenly,1
uncertainly,1
expecting,1
knots,1
reflected,1
ursae,1
mightly,1
station,1
merciless,1
squirts,1
norma,1
inconsequential,1
pitted,1
signaling,1
kindly,1
greg,1
urgently,1
juice,1
substantial,1
cumbersome,1
ultra_,1
retracted,1
patterns,1
honeycomb,1
caliber,1
approved,1
mobile,1
windowless,1
stalked,1
_one,1
giggled,1
justice,1
flesh,1
flights,1
feels,1
docile,1
interminable,1
catches,1
x,1
howled,1
manning,1
protecting,1
constellation,1
probable,1
horrid,1
conditions,1
uncanny,1
stagnation,1
missing,1
anchorages,1
jawed,1
anon,1
unfolded,1
unaided,1
collected,1
instructing,1
spirals,1
packs,1
pack,1
erupting,1
requisitioned,1
loosened,1
grand,1
modification,1
hallway,1
000,1
plugs,1
luminescence,1
grind,1
coup,1
cave,1
cocky,1
pyrotechnic,1
elect,1
guaranteed,1
weightlessness,1
applauded,1
march,1
enthusiastically,1
_through,1
translucent,1
defied,1
versenkt,1
submission,1
popular,1
softness,1
brakes,1
braked,1
delivered,1
describing,1
venturesome,1
_stations,1
pushers,1
step,1
abroad,1
tracing,1
perished,1
shipshape,1
anteroom,1
unimpaired,1
sprawled,1
smells,1
placing,1
registered,1
properly,1
reek,1
warlike,1
malodorous,1
amounts,1
fears,1
department,1
wished,1
spectators,1
resign,1
20782,1
extensile,1
independently,1
humiliated,1
sounded,1
shackles,1
vacuous,1
attackers,1
nourishing,1
comforts,1
nullifiers,1
edifice,1
focused,1
withdrawing,1
hexagon,1
foresee,1
portals,1
foothold,1
addressed,1
vehicle,1
formally,1
missile,1
cabalistic,1
salvaged,1
emptiest,1
servants,1
inviolate,1
bowl,1
fearsome,1
_mouths_,1
sentiments,1
circular,1
scoot,1
executives,1
rebellious,1
combinations,1
including,1
cruise,1
brood,1
thence,1
spellbound,1
billions,1
handy,1
_this_,1
university,1
ordeals,1
prevailing,1
mar,1
exceeded,1
separating,1
gallant,1
parentage,1
attending,1
intruder,1
resumed,1
reeled,1
route,1
timed,1
outrunning,1
housing,1
mankind,1
relations,1
attach,1
lids,1
formalities,1
manipulation,1
photograph,1
culture,1
thrashing,1
yawned,1
bet,1
thwarted,1
_where_,1
grayish,1
ordinarily,1
screw,1
instance,1
floundered,1
passionately,1
nuisance,1
spleen,1
armatures,1
upset,1
scrambled,1
inertly,1
soldiers,1
abdomen,1
based,1
unfinished,1
bases,1
infernal,1
banditry,1
wishing,1
124,1
evolution,1
trucks,1
numerous,1
tuned,1
gram,1
grab,1
burying,1
shrouded,1
obliterating,1
reinforcements,1
operated,1
nightmare,1
tend,1
correctly,1
tyro,1
outsiders,1
ken,1
sole,1
interfere,1
merry,1
approval,1
hits,1
writhed,1
icily,1
betrayed,1
attraction,1
wills,1
cent,1
releasing,1
expenditure,1
riddles,1
encircled,1
examined,1
swinging,1
capture,1
calamitous,1
underground,1
party,1
http,1
reactionary,1
absorb,1
weld,1
reflection,1
obstacles,1
enormously,1
marauding,1
overhauling,1
skill,1
spells,1
deposits,1
minoris,1
intimated,1
disappearance,1
devised,1
propelled,1
fleas,1
renegade,1
reckless,1
glare,1
phenomena,1
hush,1
liking,1
_keep,1
_him_,1
delicacies,1
previously,1
washington,1
articulate,1
treads,1
museum,1
figuratively,1
gain,1
hm,1
derelicts,1
signed,1
dismounting,1
leathery,1
tissues,1
utensils,1
superlatively,1
contest,1
doggedly,1
grunted,1
shunt,1
theretofore,1
penetrator,1
unsteadily,1
indirectly,1
simpson,1
dissolution,1
dynamic,1
perverted,1
calculate,1
contained,1
emotionlessly,1
courageous,1
snowflakes,1
skills,1
cactus,1
integrity,1
haze,1
net,1
weirdly,1
interpret,1
spokane,1
buckled,1
rests,1
mobility,1
sliced,1
moral,1
drowned,1
composite,1
warn,1
flotilla,1
aligned,1
flora,1
roof,1
twitching,1
multitude,1
curiosity,1
speculatively,1
purchase,1
buffeting,1
stalemate,1
confidently,1
weakness,1
bluish,1
sleepless,1
centrals,1
_those,1
ventilation,1
mounts,1
gunny,1
sluggish,1
grease,1
resume,1
abate,1
entrap,1
cosmic,1
trunnions,1
enraged,1
radiate,1
assortment,1
compunction,1
escort,1
silly,1
_try_,1
modulating,1
tells,1
impotently,1
fitting,1
dog,1
breathed,1
annoyed,1
selected,1
ending,1
deftly,1
thirds,1
resisting,1
stabbing,1
patter,1
perceive,1
earl,1
earn,1
bay,1
bah,1
humanly,1
unworthy,1
testing,1
spattered,1
tightest,1
narrated,1
disprove,1
sorts,1
tolerance,1
lazy,1
weary,1
harvard,1
resistant,1
estimable,1
und,1
height,1
awesomely,1
springs,1
accustom,1
immobile,1
regenerate,1
trigger,1
basic,1
lovely,1
studs,1
greyhound,1
shattering,1
personally,1
deepen,1
sheridan,1
balance,1
anchor,1
ix,1
settles,1
iv,1
ii,1
shame,1
seattle,1
mouse,1
waging,1
bottles,1
belle,1
belly,1
bells,1
speakers,1
kit,1
delight,1
undaunted,1
stiffened,1
warded,1
smokes,1
intervals,1
smoked,1
versed,1
assigned,1
facts,1
character,1
contestant,1
boasted,1
involuntary,1
outright,1
whichever,1
dreams,1
performing,1
deal,1
platters,1
maneuvering,1
daytime,1
conquering,1
airships,1
meanings,1
bolt,1
wept,1
denuded,1
yelling,1
beta,1
magazine,1
wardrooms,1
cascaded,1
bowels,1
frightened,1
vehemence,1
standishes,1
fireworks,1
ford,1
powerfully,1
milligrams,1
bounds,1
low_,1
originating,1
fractions,1
strengthening,1
toss,1
sticky,1
fashioned,1
levelly,1
agreeing,1
generally,1
jitters,1
handed,1
molested,1
transfers,1
aware,1
pseudo,1
daily,1
decelerate,1
precise,1
maiming,1
bomber,1
resourceful,1
suicide,1
marks,1
string,1
stiffen,1
dig,1
accidentally,1
travels,1
dip,1
bipeds,1
suspect,1
dwarf,1
unobserved,1
lsv3,1
tusked,1
wearily,1
_will_,1
simultaneous,1
redoubling,1
tolerantly,1
priceless,1
slackened,1
useful,1
careworn,1
merely,1
ungainly,1
wealth,1
acceptable,1
plantations,1
capturing,1
walled,1
deformed,1
growing,1
arrive,1
thicknesses,1
outline,1
confused,1
redness,1
emotionless,1
swore,1
militia,1
pathway,1
designer,1
swayed,1
maw,1
dankly,1
tornadoes,1
guys,1
scrambling,1
waist,1
jail,1
unleash,1
tall,1
shaky,1
seizing,1
cuts,1
brained,1
interesting,1
metaled,1
sensitized,1
impulses,1
killer,1
shatter,1
developments,1
cyclonic,1
spies,1
gnashed,1
org,1
orb,1
advance,1
sabot,1
nuff,1
proofreading,1
americans,1
sounds,1
_when_,1
bloodshed,1
11,1
10,1
16,1
browning,1
knives,1
stubby,1
piccolo,1
aroused,1
glassware,1
channel,1
bets,1
roster,1
ordinates,1
billow,1
supremely,1
tugging,1
shop,1
rating,1
upright,1
plume,1
enthusiasm,1
permeated,1
satisfied,1
unimportant,1
unconsciously,1
distinctly,1
sideway,1
timepiece,1
overmatch,1
stupid,1
ruddy,1
silently,1
blurred,1
seam,1
rigidly,1
steadfast,1
reading,1
brokenly,1
condensing,1
nationality,1
signaled,1
_on,1
tour,1
dwellers,1
torrential,1
terse,1
maintained,1
clambered,1
mark,1
lustily,1
amphitheater,1
predicament,1
sobbed,1
promising,1
infusible,1
conferences,1
characteristics,1
sincere,1
everyday,1
samm,1
pan,1
hulls,1
largely,1
roughly,1
gates,1
diffident,1
adjustments,1
multiplex,1
paral,1
meteorite,1
astonishment,1
heavier,1
mop,1
tensed,1
grin,1
acquainted,1
chamber,1
imprisonment,1
potentiometer,1
filling,1
critical,1
knife,1
c4v63l29,1
transpiring,1
squarely,1
fringe,1
drag,1
roam,1
mixed,1
devoting,1
whiter,1
shortening,1
fated,1
shroud,1
wiping,1
arranged,1
powerless,1
fanwise,1
imagination,1
lifetime,1
cables,1
neutralizer,1
recognizable,1
raucously,1
_are_,1
students,1
tackle,1
resembled,1
hugely,1
opportunely,1
starting,1
liar,1
dollar,1
founded,1
unobstructed,1
duplicated,1
limned,1
destroyers,1
hooks,1
puffs,1
straightforward,1
witted,1
difference,1
_live_,1
unexpurgated,1
cackling,1
intricately,1
biological,1
blared,1
neighborhood,1
withheld,1
dial,1
defence,1
sweetly,1
diffusing,1
stool,1
tribute,1
public,1
cohorts,1
dustless,1
ranges,1
cylindrical,1
unheeded,1
torturers,1
lubricants,1
extrapolations,1
deeming,1
blankness,1
tacky,1
formality,1
suffused,1
landed,1
grisly,1
varying,1
nineteen,1
dazed,1
abandon,1
lingered,1
buttress,1
polycyclics,1
_will,1
pyrometers,1
thous,1
uprising,1
questioning,1
hypnotized,1
crowded,1
pleasure,1
rifles,1
industrial,1
suffer,1
pent,1
thrilling,1
bosom,1
crawly,1
messes,1
researches,1
clamor,1
bereft,1
harmed,1
_shut,1
noticing,1
drivings,1
struggling,1
divested,1
habits,1
subjugation,1
repeating,1
everyone,1
house,1
connect,1
fist,1
navigator,1
lovers,1
deft,1
geared,1
extraordinary,1
corkscrew,1
breathers,1
approximately,1
razor,1
revive,1
ravings,1
ganoids,1
draped,1
favorable,1
tacking,1
incision,1
youth,1
unafraid,1
dancing,1
flares,1
k4,1
serene,1
pondering,1
summons,1
branching,1
mammoth,1
fins,1
ruin,1
8,1
merged,1
permission,1
slithered,1
express,1
_roger_,1
spikes,1
remove,1
severing,1
locating,1
feared,1
repairs,1
fans,1
complement,1
indiscriminately,1
foreign,1
cubed,1
geniuses,1
afar,1
consume,1
asserted,1
volunteered,1
ravaged,1
platinum,1
consuming,1
dovetail,1
devouring,1
4,1
assorted,1
chatted,1
_when,1
pierce,1
tiered,1
replaced,1
sobs,1
rancor,1
confining,1
hellishly,1
strips,1
yesterday,1
citadels,1
slithering,1
chemistry,1
spend,1
adventuress,1
profoundly,1
openly,1
circling,1
shrewdly,1
_have,1
malformation,1
discipline,1
localities,1
shouting,1
bridal,1
scowled,1
overhanging,1
adversaries,1
jerked,1
messengers,1
reliable,1
knock,1
improbable,1
glove,1
indication,1
jolted,1
foolish,1
micrometric,1
wreckers,1
magnificent,1
mirror,1
scale,1
connecting,1
epic,1
remembered,1
continuing,1
flanks,1
lookouts,1
auditorium,1
fantods,1
unmeasured,1
framed,1
frames,1
adjusting,1
constitutionally,1
hoped,1
switchboard,1
hopes,1
_got_,1
possession,1
expedition,1
stripped,1
jaspers,1
necks,1
appetizing,1
prevail,1
composing,1
emanated,1
irreplaceable,1
explaining,1
intensified,1
veriest,1
revenges,1
wards,1
cooked,1
2007,1
_white_,1
noon,1
magnetically,1
chewable,1
intricate,1
disintegration,1
appointed,1
blaze,1
mowed,1
undeterred,1
blithely,1
unhurt,1
putting,1
surgeon,1
sacrificial,1
insertion,1
manlike,1
contingent,1
exchange,1
outlying,1
objects,1
sink,1
31,1
climb,1
limp,1
names,1
oval,1
asteroid,1
prized,1
assailed,1
endurable,1
thatch,1
trail,1
iii,1
flinched,1
proportions,1
reconstructed,1
effectively,1
contempt,1
magnificently,1
daring,1
awkwardness,1
aft,1
furnace,1
accorded,1
bothered,1
terrier,1
water_,1
unmoral,1
incandescently,1
symbols,1
charting,1
unquestionable,1
bunch,1
revived,1
relativity,1
image,1
pangs,1
trade,1
radiant,1
blazing,1
sneering,1
gazing,1
jugular,1
burdened,1
slumped,1
license,1
postpone,1
thereupon,1
fourteen,1
yard,1
barriers,1
overshoot,1
hey,1
sockets,1
multilayered,1
monkey,1
laps,1
chased,1
immovably,1
immovable,1
intermediate,1
scant,1
explanation,1
bodyguard,1
lover,1
lurching,1
flashes,1
imaginative,1
eventless,1
wakes,1
tidy,1
curves,1
tide,1
cavern,1
throat,1
demonstration,1
mil,1
mix,1
mooring,1
prisoner,1
cleverest,1
payment,1
profoundest,1
gather,1
artificially,1
occasion,1
normally,1
gasping,1
incorruptible,1
concurred,1
prolong,1
notes,1
emitting,1
inferior,1
equilibrium,1
photography,1
striper,1
perfection,1
organ,1
exists,1
racked,1
national,1
evenest,1
psychical,1
reform,1
nebula,1
purses,1
difficulties,1
deliver,1
asunder,1
agree,1
swallow,1
otherwise,1
manhood,1
composedly,1
seasoned,1
curtain,1
angled,1
foes,1
tenderly,1
partner,1
watchful,1
untoward,1
progressing,1
brightened,1
slammed,1
whirr,1
practice,1
judgment,1
insure,1
exceedingly,1
starboard,1
builded,1
interlocked,1
barking,1
executive,1
underlying,1
books,1
voltage,1
absorption,1
ado,1
resolved,1
worlds,1
elapsed,1
distances,1
chick,1
fruitless,1
scurried,1
holies,1
authority,1
convey,1
proper,1
whined,1
corpse,1
hurricane,1
magnitude,1
masked,1
chains,1
worthy,1
actual,1
withdrew,1
beaked,1
uncaring,1
obliterated,1
demonstrable,1
female,1
luminary,1
condense,1
reigned,1
impassively,1
biggest,1
brand,1
brunt,1
reminds,1
strident,1
partially,1
glory,1
penetrating,1
pin,1
whisper,1
unintelligibly,1
enlargement,1
hats,1
whatsoever,1
risk,1
gratification,1
vastly,1
televisotypes,1
supports,1
humps,1
enjoy,1
parted,1
bicycle,1
consistent,1
estimates,1
meaninglessly,1
electricians,1
street,1
innocuously,1
expressive,1
sulphurous,1
slunk,1
kicked,1
kicker,1
represented,1
distinctness,1
leaves,1
stipulated,1
prints,1
disappearances,1
hospital,1
sobered,1
tremendously,1
tissue,1
fleetest,1
shook,1
hemoglobin,1
motivated,1
orion,1
bunk,1
sitting,1
widespread,1
eyeballs,1
mouths,1
imaginable,1
girders,1
snarling,1
splendid,1
acknowledged,1
funniest,1
ultimate,1
telemagneto,1
sickly,1
oven,1
glances,1
victory,1
cranny,1
dodged,1
railed,1
unexplained,1
truant,1
lugged,1
god,1
washed,1
laid,1
laborer,1
outfits,1
labored,1
rang,1
attractions,1
portable,1
neutralizing,1
fiction,1
ton,1
percentage,1
western,1
injected,1
unsaid,1
reclining,1
mastodonic,1
hemispherical,1
skinless,1
rat,1
relayed,1
explanations,1
rumble,1
commanding,1
parting,1
potency,1
clock,1
marveled,1
random,1
queer,1
relocked,1
excitedly,1
soundless,1
mixture,1
reconstruct,1
beads,1
boring,1
disturbing,1
tersely,1
capacity,1
hopefully,1
devour,1
blasted,1
fault,1
merging,1
threads,1
betting,1
hysterically,1
conference,1
besprinkled,1
confident,1
belongs,1
fleeting,1
glided,1
enterprises,1
sundered,1
lessen,1
n,1
erratically,1
experts,1
suggest,1
dimensionless,1
alarms,1
hearts,1
pitiful,1
breaks,1
judge,1
apart,1
melting,1
band_,1
gift,1
unsuspecting,1
clawed,1
perfected,1
rapidity,1
cooped,1
brawl,1
lamps,1
shriekingly,1
garnished,1
attacks,1
coiled,1
primitive,1
obtaining,1
fern,1
cubicle,1
rely,1
transform,1
_here_,1
satisfactorily,1
luxuriant,1
bargain,1
trim,1
brightly,1
whereas,1
vanquished,1
tie,1
permitting,1
miscellaneous,1
flushed,1
sacks,1
uncovered,1
unchallenged,1
particular,1
essentials,1
weakening,1
pleases,1
frequencies,1
spools,1
cool,1
posts,1
hairs,1
crippled,1
hoarse,1
pearls,1
descended,1
cracklingly,1
newcomer,1
navigation,1
emerge,1
pessimistically,1
peer,1
crisis,1
reenforcements,1
conductor,1
drown,1
shafts,1
local,1
unruly,1
laughter,1
downfall,1
intelligible,1
requirements,1
inclosed,1
plus,1
etched,1
unutterably,1
impartial,1
eighty,1
unutterable,1
compressing,1
glancing,1
exclusive,1
acts,1
midnight,1
fangs,1
supplemented,1
dunnage,1
term,1
equality,1
populated,1
torch,1
catching,1
farewell,1
plans,1
balefully,1
factors,1
_hyperion,1
simile,1
bolts,1
blotted,1
swine,1
_upward_,1
faculty,1
awfully,1
array,1
clanking,1
district,1
wishbone,1
deceleration,1
copy,1
specify,1
unfortunately,1
oath,1
searchers,1
register,1
mates,1
wanderer,1
ideal,1
fracture,1
resembling,1
blunt,1
urge,1
stormed,1
pencils,1
quantity,1
slope,1
spaced,1
painlessly,1
plentifully,1
_real_,1
wood,1
parabolic,1
dreaded,1
lighted,1
viewpoint,1
fatherly,1
allotted,1
lighter,1
installed,1
regarding,1
aluminum,1
floods,1
discussing,1
imposing,1
prowl,1
collects,1
insuring,1
voluntary,1
definite,1
dreadnaughts,1
hiss,1
arrival,1
receivers,1
flow,1
spared,1
propagation,1
railway,1
continuation,1
period,1
62,1
skeletons,1
morseca,1
inclusive,1
peaceful,1
schoolboy,1
cast,1
xiii,1
furthermost,1
shrieks,1
scintillant,1
discrepancy,1
couples,1
recounted,1
resentful,1
author,1
reminded,1
events,1
drives,1
imponderable,1
longing,1
bodied,1
reward,1
person_,1
desolate,1
violent,1
announcement,1
widest,1
hint,1
furniture,1
acute,1
standstill,1
particle,1
aqueous,1
interlock,1
snatched,1
respect,1
severed,1
metropolis,1
inspect,1
communicate,1
slaughter,1
voracious,1
mutually,1
scornful,1
tributary,1
ridges,1
rising,1
determine,1
theoretically,1
cultured,1
unspoken,1
valley,1
cabinet,1
strenuous,1
_now_,1
extermination,1
paces,1
strongly,1
intercept,1
stiflingly,1
taste,1
toiled,1
ponderingly,1
encompass,1
roomed,1
rubbed,1
piracy,1
coruscant,1
narrowing,1
preoccupation,1
winking,1
symbol,1
fetid,1
bounded,1
included,1
visibeam,1
applause,1
calls,1
odds,1
unscathed,1
directors,1
crumpled,1
systemic,1
insensate,1
removal,1
worst,1
prolonged,1
grandfather,1
undone,1
fluent,1
familiarly,1
abstracted,1
hesitation,1
sum,1
overload,1
racing,1
proofreaders,1
layers,1
observing,1
horrified,1
elongated,1
tightness,1
scowling,1
fearfully,1
senders,1
wield,1
quasi,1
operators,1
flag,1
stick,1
hissed,1
berth,1
ineffectual,1
division,1
airplane,1
_must,1
desperation,1
jailers,1
reflect,1
_there,1
indomitable,1
emergencies,1
footed,1
gauges,1
closeness,1
forceps,1
avenue,1
pray,1
fate,1
harmless,1
boneless,1
sucking,1
bigger,1
mastered,1
dustheimer,1
appearances,1
hailing,1
differ,1
seeming,1
radical,1
fancy,1
enlarged,1
bland,1
breathless,1
soundlessly,1
pump,1
outrageous,1
stall,1
rasped,1
tongues,1
uniforms,1
skyscrapers,1
strengthen,1
nights,1
finding,1
populous,1
added,1
warnings,1
eruption,1
rarefied,1
measured,1
soared,1
numberless,1
windows,1
inflexibly,1
inflexible,1
penalty,1
ceremoniously,1
furnaces,1
necked,1
dizziness,1
engraved,1
relentless,1
consciously,1
art,1
bark,1
crunching,1
recording,1
mechanically,1
nailed,1
spectrophotometer,1
recently,1
sold,1
rapid,1
baleful,1
blazes,1
rollers,1
reasons,1
regulated,1
observatories,1
distrusting,1
overlook,1
pg,1
toggles,1
vaguely,1
unresisting,1
surveys,1
stowed,1
stolen,1
insistently,1
deviltries,1
headway,1
anguish,1
shirt,1
assuaged,1
fading,1
peoples,1
paths,1
flown,1
impede,1
cheek,1
spindles,1
dared,1
stating,1
_what_,1
earthward,1
regardless,1
profitable,1
tigress,1
drooped,1
exhibition,1
raving,1
uproar,1
unendurable,1
eluding,1
litter,1
swallowed,1
coned,1
cautious,1
firing,1
repulsion,1
hatred,1
unnoticed,1
drifted,1
stench,1
rows,1
stupefaction,1
impresses,1
files,1
mountains,1
cloth,1
filed,1
tempered,1
hideousness,1
barring,1
fried,1
strands,1
tiniest,1
rally,1
_how_,1
cramped,1
service_,1
misadventures,1
meaning,1
allowing,1
vigil,1
vice,1
departments,1
declination,1
triplanetario,1
knowledges,1
resistance,1
loyalty,1
peering,1
disquieting,1
slickest,1
bounding,1
leveled,1
lightest,1
manipulating,1
blobs,1
capital,1
_us_,1
pushing,1
tarred,1
frilled,1
survivor,1
submerged,1
examinations,1
shoved,1
volt,1
doubtfully,1
fed,1
depicted,1
attribute,1
_one_,1
sort,1
clever,1
sore,1
rabbit,1
panted,1
wildest,1
patrol,1
thirsty,1
spying,1
dripping,1
wampus,1
recklessly,1
struggles,1
swear,1
sin,1
maternal,1
immersed,1
arrow,1
improvised,1
reeling,1
encouraged,1
reptile,1
longitudinal,1
permanent,1
belted,1
campaigner,1
fled,1
viscid,1
articles,1
shearing,1
ebooks,1
obstructions,1
attentively,1
promptly,1
york,1
yore,1
repairing,1
overtake,1
organic,1
musculature,1
navies,1
biting,1
timbers,1
bouquet,1
galley,1
ticklish,1
brawler,1
shelf,1
noses,1
wanly,1
succeeded,1
collectively,1
isolation,1
cogitated,1
gravest,1
violets,1
unremittingly,1
intersecting,1
ringed,1
pupils,1
oozing,1
unbearably,1
_i_,1
enveloped,1
screamingly,1
cracking,1
alarmed,1
refreshing,1
mishaps,1
_in,1
unimpeded,1
seaweed,1
chicken,1
filmed,1
vigor,1
spur,1
acquired,1
turbulent,1
invulnerable,1
favor,1
bought,1
ability,1
rescuers,1
embarrassment,1
_do_,1
waisted,1
safely,1
viands,1
doglike,1
ladles,1
boundless,1
bewildering,1
thrusting,1
overture,1
unlike,1
stunning,1
sunward,1
layer,1
ringing,1
visiphone,1
hocus,1
radiation,1
student,1
collar,1
batteries,1
rocked,1
avidly,1
capabilities,1
discuss,1
attractive,1
earnestly,1
unprecedented,1
branch,1
knot,1
denser,1
press,1
roundly,1
feigned,1
tumble,1
searching,1
growth,1
bricking,1
neglecting,1
scares,1
disrupting,1
leaden,1
lead,1
markers,1
leap,1
analyses,1
incline,1
biscuit,1
urged,1
surge,1
carries,1
gulping,1
wilderness,1
owe,1
travelers,1
brawls,1
promise,1
brush,1
van,1
captains,1
intention,1
mutter,1
record,1
ruling,1
sympathizing,1
percent,1
spatulas,1
incredibly,1
lance,1
_men_,1
inherently,1
pumps,1
geysers,1
