jonny,1540
said,689
conover,347
back,329
like,325
one,249
could,235
man,233
ice,218
zamora,169
would,169
get,163
sumi,160
know,160
easy,159
asked,156
around,154
thought,153
something,152
right,150
time,138
head,137
eyes,135
committee,134
got,132
way,131
away,129
room,128
face,127
groucho,125
took,115
looked,114
little,113
came,111
old,110
see,110
going,108
hand,107
colonel,106
still,101
left,94
knew,93
lord,91
people,91
new,90
felt,90
boy,90
virtue,89
door,89
found,89
behind,89
nimble,89
smuggler,88
think,84
light,84
hands,83
across,83
turned,82
two,82
floor,81
dead,81
small,80
look,79
moved,76
city,75
set,74
go,74
long,74
made,74
air,72
good,72
moving,71
saw,70
place,70
tell,69
money,68
seemed,66
went,66
boys,66
want,65
much,65
open,64
wall,64
let,63
voice,63
shoulder,63
first,63
side,62
moment,62
arm,62
smiled,60
street,60
end,60
come,60
croakers,60
inside,59
virus,59
gun,59
alpha,59
make,59
take,58
heard,58
bar,58
life,57
along,57
pulled,57
body,57
keep,57
rats,57
really,56
car,56
onto,56
fingers,55
half,55
glass,54
told,54
nodded,54
trying,53
put,53
never,52
ricos,52
deal,52
black,52
men,51
last,51
gone,50
another,50
roof,50
sure,50
started,49
meat,49
might,49
us,48
held,48
later,48
nothing,48
years,47
world,47
white,47
night,46
even,46
futukoro,46
skid,46
far,46
feet,46
well,45
someone,45
walls,45
plastic,45
tried,44
cut,44
shook,44
maybe,43
blood,43
ran,43
ray,43
work,42
pushed,42
running,42
part,42
anything,41
shot,41
laughed,41
almost,41
top,41
war,40
picked,40
bed,40
three,40
hard,40
find,40
kind,40
table,40
always,39
walked,39
looking,39
enough,39
move,38
kept,38
toward,38
thing,38
sound,38
random,38
sat,37
dark,37
anarchist,37
arms,37
leaned,37
say,36
fire,36
yeah,36
skull,36
front,36
coming,36
gave,36
hear,36
moon,36
van,36
second,35
sand,35
young,35
next,35
caught,35
death,35
mind,35
metal,35
hit,35
called,35
touched,34
lay,34
fell,34
big,34
mister,34
hot,33
smell,33
working,33
whole,33
high,33
woman,33
wondered,33
hovercar,32
near,32
business,32
seen,32
chest,32
skin,32
reached,32
pit,32
without,32
closed,32
stood,31
rest,31
burning,31
full,31
heavy,31
japanese,31
lights,31
run,31
talking,31
others,31
taking,31
crowd,30
many,30
couple,30
hills,30
together,30
los,30
hell,30
empty,30
used,30
though,30
outside,30
feeling,29
love,29
course,29
great,29
holding,29
low,29
lot,29
help,29
need,29
give,29
water,29
kill,29
feel,29
opened,29
brought,28
things,28
ever,28
hollywood,28
tokyo,28
pain,28
blue,28
already,28
meters,28
fat,28
waiting,28
window,28
doors,27
mean,27
sense,27
link,27
yelled,27
shrugged,27
video,27
else,27
talk,27
lost,27
better,27
yes,27
shit,27
deep,27
understand,27
dozen,26
breath,26
followed,26
began,26
kid,26
forward,26
throat,26
everything,26
passed,26
legs,25
leave,25
gordon,25
slid,25
stuff,25
arab,25
club,25
ground,25
arabs,25
cell,25
lords,25
fuck,25
edge,25
hours,24
sight,24
thin,24
drug,24
drink,24
brain,24
real,24
since,24
beyond,24
bad,24
teeth,24
bottle,24
red,24
days,24
quickly,24
oh,24
wind,23
power,23
replied,23
pressed,23
stomach,23
angeles,23
clear,23
however,23
drugs,23
dropped,23
name,23
boot,23
alone,22
certain,22
sometimes,22
somewhere,22
cold,22
close,22
probably,22
gray,22
shoulders,22
point,22
appeared,22
gangs,22
broken,22
done,22
must,22
wanted,22
finger,22
techs,22
cheap,22
swung,22
lying,22
leaving,22
use,22
getting,22
sweat,22
wrong,21
pocket,21
son,21
watched,21
sell,21
also,21
pale,21
government,21
elevator,21
gonna,21
stopped,21
everybody,21
seeing,21
surface,21
stay,21
jacket,21
finally,21
seat,21
burned,21
driver,21
flat,21
short,21
afraid,21
croaker,20
image,20
realized,20
building,20
lit,20
lips,20
wearing,20
stop,20
mad,20
house,20
least,20
remembered,20
single,20
hundred,20
faces,20
quick,20
turn,20
wood,20
pilot,20
watching,20
hold,19
mouth,19
case,19
ago,19
animal,19
system,19
hope,19
chance,19
green,19
hologram,19
remained,19
thinking,19
clean,19
sorry,19
clothes,19
decided,19
bartender,19
group,19
voices,19
different,19
stepped,19
eye,19
idea,19
liquid,19
somebody,19
past,18
reminded,18
straight,18
beneath,18
staring,18
wore,18
raquin,18
remember,18
soon,18
pretty,18
headed,18
whatever,18
telling,18
slowly,18
home,18
recognized,18
turning,18
alley,18
warehouse,18
sounds,18
corner,18
corridor,18
giving,18
lines,18
billy,18
kicked,18
ceiling,18
colors,18
bodies,18
rose,18
strange,18
art,18
silver,17
best,17
rolling,17
chair,17
slow,17
screen,17
stairs,17
cover,17
gold,17
tonight,17
five,17
screamed,17
smoke,17
thick,17
thanks,17
security,17
silent,17
using,17
taken,17
flesh,17
yet,17
making,17
neck,17
clinic,17
lieutenant,17
every,17
cool,17
level,17
information,17
weapons,17
suddenly,17
known,17
hill,17
stearn,17
dope,17
series,16
mostly,16
rolled,16
worked,16
data,16
tight,16
smile,16
funny,16
surprised,16
line,16
standing,16
steel,16
desk,16
aware,16
crystal,16
space,16
ship,16
streets,16
loose,16
ahead,16
ass,16
structure,16
control,16
times,16
friends,16
becky,16
died,16
pointed,16
stupid,16
whispered,16
knife,16
quietly,16
believe,16
bit,16
mirror,16
desert,16
ancient,16
style,16
observatory,16
gang,16
figure,16
covered,16
fear,16
alive,15
prison,15
steps,15
pirhanas,15
boulevard,15
wants,15
al,15
concrete,15
illusion,15
l,15
revolution,15
friend,15
read,15
entered,15
threw,15
filled,15
box,15
guys,15
killed,15
living,15
please,15
buildings,15
palestine,15
grabbed,15
leprosy,15
presence,15
cops,15
ten,15
cigarette,15
breathing,15
pushing,15
wing,14
wine,14
blind,14
shouted,14
besides,14
carnaby,14
surgery,14
odd,14
makes,14
bent,14
painting,14
eventually,14
safe,14
hall,14
card,14
care,14
ready,14
older,14
game,14
become,14
nose,14
boots,14
closer,14
spotted,14
computer,14
police,14
matter,14
words,14
qawi,14
images,14
playing,14
fine,14
nervous,14
century,14
cutting,14
day,14
gear,14
cop,14
hair,14
gin,14
given,14
key,14
underground,14
became,14
shirt,14
fucking,14
understood,14
fast,14
job,14
walk,14
explained,13
spoke,13
blew,13
smelled,13
call,13
bright,13
hey,13
pull,13
mass,13
waved,13
saint,13
hoping,13
medical,13
age,13
smokefinger,13
jesus,13
stars,13
means,13
smooth,13
mansion,13
bank,13
footsteps,13
tissue,13
rain,13
trouble,13
foot,13
pointing,13
darkness,13
broke,13
reason,13
trees,13
step,13
within,13
crossed,13
cause,13
piece,13
whose,13
twisted,13
tiny,13
handed,13
waited,13
question,13
sudden,13
seconds,13
road,13
fish,13
paint,13
muscles,13
supposed,13
letting,13
staff,13
center,13
snapped,13
sleep,13
christ,13
raids,13
laid,13
earth,13
watch,13
several,13
removed,13
sun,13
rows,13
women,13
six,13
looks,13
asshole,13
pipe,13
spun,13
ones,13
sky,13
lead,13
yellow,12
hole,12
machine,12
metallic,12
chrome,12
raised,12
wondering,12
vision,12
act,12
sealed,12
paper,12
try,12
suit,12
garden,12
continued,12
blown,12
fact,12
bring,12
problem,12
word,12
dogs,12
covering,12
true,12
uniform,12
year,12
fifty,12
base,12
damp,12
pulling,12
exactly,12
state,12
party,12
lose,12
tongue,12
distance,12
dreams,12
nerve,12
children,12
public,12
beginning,12
bones,12
forest,12
shaking,12
glanced,12
free,12
lepers,12
cracked,12
escape,12
heat,12
ruined,12
engine,12
seems,12
barely,12
windows,12
zombie,12
nice,12
guru,12
music,11
support,11
san,11
edges,11
movie,11
sides,11
code,11
tequila,11
truth,11
glasses,11
meant,11
familiar,11
nerves,11
months,11
yakuza,11
dying,11
change,11
impossible,11
anger,11
sunset,11
burst,11
poured,11
evening,11
surrounded,11
ask,11
wet,11
completely,11
wrapped,11
display,11
force,11
seem,11
bottles,11
belly,11
julio,11
human,11
russo,11
shoot,11
thank,11
among,11
protein,11
oil,11
forget,11
town,11
easily,11
simple,11
simply,11
gas,11
nobody,11
crawled,11
soft,11
minutes,11
ubu,11
stared,11
ghosts,11
god,11
mother,11
hung,11
stuck,11
longer,11
local,11
platform,11
motion,11
wide,11
punched,11
stand,11
okay,11
weight,11
anybody,11
backs,11
perhaps,11
carried,11
wooden,10
tired,10
damage,10
hidden,10
enormous,10
service,10
saying,10
bliss,10
slightly,10
happy,10
quite,10
opposite,10
dome,10
vacuum,10
stone,10
tail,10
surprise,10
large,10
section,10
pick,10
keeping,10
slipped,10
heads,10
taussig,10
animals,10
mumbled,10
blocks,10
wire,10
pistol,10
genetic,10
beach,10
guy,10
market,10
entrance,10
size,10
steady,10
leather,10
touch,10
storage,10
colored,10
food,10
sheik,10
anymore,10
similar,10
meet,10
farm,10
anyway,10
kick,10
leper,10
kissed,10
warm,10
cadillac,10
third,10
ears,10
die,10
grinned,10
tall,10
gesture,10
grip,10
chamber,10
either,10
lunar,10
narrow,10
nineteen,10
deserted,10
infected,10
pipes,10
obvious,10
flashed,10
plague,10
settled,10
sitting,10
shadows,10
twice,10
disappeared,10
cowboy,10
picture,10
jammed,10
taste,10
rubbed,10
infirmary,10
guns,10
story,10
leading,10
exploded,10
hotel,10
bare,10
incandescent,10
brick,10
shades,10
four,9
hanging,9
unit,9
hurt,9
silicon,9
plate,9
bottom,9
crates,9
falling,9
following,9
spanish,9
cyrano,9
consider,9
glowing,9
plant,9
smiling,9
guess,9
self,9
insane,9
knees,9
smugglers,9
greenies,9
dressed,9
occurred,9
carrying,9
length,9
gently,9
jaw,9
dust,9
blowing,9
earlier,9
strength,9
engines,9
flash,9
live,9
form,9
stained,9
nearby,9
neon,9
rear,9
strong,9
stayed,9
optic,9
silence,9
vehicle,9
circular,9
able,9
monitor,9
eat,9
army,9
luck,9
dog,9
wait,9
nearly,9
medusa,9
middle,9
pad,9
pile,9
videos,9
shattered,9
hour,9
fist,9
twenty,9
pagoda,9
expensive,9
solid,9
fun,9
cure,9
access,9
capsules,9
la,9
instant,9
tense,9
buy,9
shooting,9
filling,9
faced,9
wound,9
beside,9
complex,9
ocean,9
officer,9
federation,9
port,9
stream,9
happened,9
aluminum,9
ignored,9
direction,9
tiger,9
cast,9
delicate,9
relief,9
song,9
stick,9
double,9
political,9
deals,9
anywhere,9
tension,9
shell,9
knowing,9
abandoned,9
fighting,9
sick,9
screaming,8
absolute,8
fix,8
needed,8
listen,8
blonde,8
corporate,8
sign,8
angry,8
vega,8
spot,8
date,8
prostitutes,8
damned,8
drive,8
walking,8
wires,8
exit,8
carved,8
trade,8
operation,8
missed,8
dragged,8
sea,8
analog,8
connection,8
resting,8
leaning,8
relaxed,8
indicating,8
leg,8
involved,8
balls,8
shut,8
scars,8
frame,8
figures,8
waste,8
bike,8
worth,8
lab,8
break,8
lifted,8
electronic,8
forced,8
circles,8
subtle,8
raid,8
contact,8
board,8
battle,8
explosion,8
sending,8
marked,8
southern,8
em,8
happen,8
german,8
asleep,8
comes,8
madness,8
speed,8
maricon,8
centimeters,8
actually,8
round,8
sisters,8
station,8
muscle,8
grew,8
maintenance,8
plugs,8
holes,8
dull,8
panel,8
attack,8
lightly,8
powder,8
glowed,8
loss,8
cells,8
drew,8
met,8
dry,8
massive,8
weeks,8
mine,8
tunnels,8
breathed,8
tank,8
ribs,8
landing,8
french,8
block,8
main,8
touching,8
girl,8
anyone,8
exoskeleton,8
eyed,8
gotta,8
exteroceptors,8
track,8
pair,8
show,8
reading,8
stretched,8
pay,8
pockets,8
important,8
movement,8
strain,8
numbers,8
late,8
replaced,8
cup,8
tunnel,8
meter,8
eight,8
joke,8
laugh,8
shuttle,8
injured,8
material,8
fucked,8
lake,8
bug,8
wish,8
hide,8
changed,8
lesions,8
badly,8
rat,8
flow,8
swept,8
weak,8
layered,8
ludovico,8
setting,8
bullet,8
none,8
swallowed,8
cases,8
considered,8
quiet,8
cash,8
week,8
blow,8
atropine,8
surgical,8
sony,8
tea,8
sub,8
numb,8
clouds,8
says,8
sweet,8
firing,8
warning,8
russians,8
pants,8
opening,8
painted,8
rapid,8
record,8
kids,7
locked,7
dragons,7
bringing,7
frowned,7
showed,7
released,7
qabbala,7
patch,7
fair,7
split,7
echoed,7
push,7
chain,7
choice,7
mirrors,7
jumped,7
faded,7
situation,7
wired,7
traffic,7
vague,7
bubble,7
handsome,7
dirty,7
returned,7
revealing,7
company,7
beautiful,7
plans,7
waves,7
signs,7
research,7
play,7
drunk,7
hollow,7
names,7
temple,7
led,7
process,7
robot,7
warfare,7
stronger,7
tape,7
handle,7
rooms,7
tossed,7
neat,7
hooked,7
wheel,7
boxes,7
bound,7
mercado,7
layers,7
mounted,7
brown,7
cat,7
chip,7
beat,7
james,7
cars,7
ring,7
equipment,7
trick,7
worry,7
foam,7
early,7
area,7
circuit,7
tracks,7
dream,7
terrible,7
miss,7
selling,7
tunic,7
lie,7
obviously,7
department,7
helped,7
wave,7
heckert,7
endless,7
neither,7
bullshit,7
ought,7
sized,7
washington,7
noticed,7
north,7
ear,7
lives,7
heading,7
overhead,7
lungs,7
answer,7
crew,7
folly,7
loaded,7
trigger,7
melted,7
mexico,7
somehow,7
pavilion,7
growing,7
crazy,7
pure,7
california,7
speaking,7
victorian,7
offered,7
stacked,7
rubbing,7
served,7
field,7
thousand,7
starting,7
difference,7
zero,7
sharp,7
industrial,7
razor,7
park,7
built,7
flared,7
scattered,7
merchandise,7
common,7
flame,7
often,7
sort,7
plugged,7
sewers,7
south,7
apparently,7
gurus,7
finished,7
angles,7
weapon,7
works,7
slight,7
boards,7
driving,7
rang,7
leaking,7
raw,7
games,7
catch,7
clubs,7
constructed,7
younger,7
tanks,7
porn,7
goes,7
tubes,7
memory,7
vyctor,7
satisfaction,7
mining,7
version,7
lighting,7
cross,7
health,7
fallen,7
electric,7
dealers,7
various,7
frozen,7
cheek,7
machinery,7
tables,7
insect,7
orange,7
induction,7
g,7
angle,7
ended,7
layer,7
gets,7
bell,7
junk,7
polished,7
spiral,7
monitors,7
military,6
golden,6
drove,6
bomb,6
rice,6
carbon,6
child,6
pavement,6
exist,6
minute,6
natural,6
conscious,6
decades,6
scarred,6
salt,6
imagined,6
shivered,6
twin,6
ghostly,6
gestured,6
joined,6
learn,6
knocked,6
accept,6
huge,6
mexican,6
number,6
stage,6
jet,6
failed,6
send,6
bird,6
doubt,6
perfect,6
start,6
documents,6
packed,6
figured,6
drank,6
upon,6
less,6
hiding,6
alliance,6
lowered,6
places,6
placed,6
recognize,6
quartz,6
magnetic,6
glittering,6
lap,6
order,6
band,6
forty,6
forth,6
sliding,6
iron,6
manner,6
krupp,6
steam,6
drawn,6
tone,6
mistake,6
hang,6
cooled,6
born,6
purple,6
physical,6
fingered,6
heart,6
staircase,6
displayed,6
non,6
ex,6
es,6
tomorrow,6
checked,6
price,6
america,6
pattern,6
pixels,6
centuries,6
breeze,6
scanner,6
trailer,6
reflected,6
mist,6
useless,6
abruptly,6
liked,6
showing,6
wings,6
wealth,6
watt,6
collapsed,6
russian,6
ordered,6
sounded,6
button,6
popped,6
special,6
may,6
powerful,6
blades,6
connected,6
fiberglass,6
tent,6
kicking,6
releasing,6
smoking,6
swinging,6
effect,6
reflection,6
distant,6
dais,6
peter,6
tips,6
landscape,6
features,6
peculiar,6
softly,6
ugly,6
lizard,6
seven,6
grown,6
programs,6
tattooed,6
visible,6
amantadine,6
dear,6
attached,6
floating,6
billowing,6
sake,6
sour,6
scrambling,6
broadcast,6
sheets,6
secondary,6
forgotten,6
grid,6
frantically,6
goddam,6
u,6
slunk,6
operating,6
armed,6
coat,6
responsibility,6
pleasure,6
extended,6
backed,6
gotten,6
mountain,6
dropping,6
laughing,6
cheeks,6
constant,6
listening,6
tube,6
rusted,6
packing,6
tearing,6
sit,6
horns,6
bunch,6
lunatic,6
slammed,6
position,6
heel,6
corpse,6
noise,6
although,6
lockheed,6
implants,6
mess,6
mesh,6
ultimate,6
vapor,6
bandages,6
fashion,6
shots,6
liquor,6
grandmother,6
news,6
lamps,6
existed,6
check,6
tip,6
focus,6
groups,6
weird,6
piano,6
comfort,6
district,6
detective,6
color,6
hardly,6
careful,6
shaft,6
trip,6
except,6
samples,6
cursed,6
rising,6
faster,6
lack,6
apartment,6
awful,6
faint,6
knows,6
glad,6
occasionally,6
bolts,6
tilted,6
pump,6
vial,6
finding,6
heavily,6
sold,6
stolen,6
cryogenic,6
questions,6
shapes,6
drifted,6
allowing,6
barrel,6
languages,6
smaller,6
shoved,6
instead,6
crawling,6
biting,6
pupils,6
studded,6
chips,6
trailing,6
switchblade,5
sterile,5
crouch,5
holo,5
circumstances,5
blade,5
leaped,5
beauty,5
dreamed,5
fit,5
effects,5
spinning,5
scraped,5
rich,5
release,5
skulls,5
pirate,5
worker,5
commerce,5
previous,5
hat,5
survival,5
shadow,5
desire,5
gauze,5
fabric,5
dealer,5
smelling,5
tear,5
shirts,5
crashing,5
darkened,5
records,5
square,5
bored,5
knee,5
freezing,5
expression,5
formed,5
tightened,5
motioned,5
thinks,5
prepared,5
lacquered,5
project,5
waving,5
restricted,5
original,5
detention,5
action,5
enlightenment,5
sent,5
scan,5
dress,5
broadcasting,5
symptoms,5
piping,5
upstairs,5
drifting,5
grace,5
internal,5
sleeve,5
cry,5
nowhere,5
terrorists,5
exposed,5
atomicos,5
cia,5
occasional,5
babe,5
lock,5
snake,5
scent,5
false,5
device,5
mechanical,5
assholes,5
greenhouse,5
rough,5
listened,5
coils,5
ends,5
doorway,5
demanded,5
patterns,5
drawing,5
moments,5
transparent,5
crack,5
chairs,5
flickering,5
housing,5
startled,5
machines,5
parade,5
elbow,5
clinging,5
fever,5
pemex,5
office,5
zen,5
standard,5
return,5
deeply,5
loved,5
gears,5
dozens,5
warmth,5
families,5
aim,5
photo,5
beating,5
post,5
needles,5
interested,5
test,5
brothers,5
tatami,5
zone,5
cargo,5
usually,5
terminal,5
chin,5
corona,5
fired,5
hurried,5
pills,5
neatly,5
cannot,5
notice,5
shouting,5
heels,5
passing,5
fortune,5
viral,5
hepatitis,5
sixty,5
central,5
poor,5
recruits,5
excuse,5
history,5
percenters,5
trailed,5
vertigo,5
issue,5
labs,5
revolutionary,5
launch,5
american,5
expecting,5
pinned,5
shifted,5
storm,5
usual,5
flicker,5
giggled,5
pictures,5
buzz,5
lived,5
animated,5
pack,5
albino,5
everywhere,5
evenly,5
camera,5
brittle,5
slide,5
armor,5
bitch,5
lamborghini,5
gunned,5
scrambled,5
blinked,5
immense,5
parts,5
tapped,5
grinding,5
artists,5
dolphins,5
rumors,5
star,5
grunted,5
portion,5
extras,5
economics,5
ninety,5
jackets,5
wars,5
attempt,5
personal,5
glazed,5
bone,5
loud,5
wrists,5
points,5
stepping,5
extraterrestrials,5
tiles,5
naginata,5
deeper,5
balance,5
id,5
wanting,5
burn,5
flying,5
offering,5
ride,5
fragments,5
nineties,5
dealing,5
international,5
nylon,5
pink,5
shoes,5
interesting,5
rock,5
emerged,5
funky,5
knives,5
spectacle,5
squat,5
channel,5
normal,5
silently,5
snorted,5
dangerous,5
gripped,5
climbing,5
drain,5
grating,5
abattoir,5
aoki,5
general,5
portable,5
suits,5
landed,5
remain,5
crowded,5
played,5
micro,5
copper,5
doctors,5
idiots,5
breast,5
silk,5
individual,5
itch,5
snow,5
shape,5
scrim,5
contacts,5
anarquista,5
shock,5
objects,5
limp,5
private,5
train,5
symbols,5
willing,5
approached,5
sparks,5
beam,5
fixed,5
gaze,5
curtain,5
claimed,5
neural,5
wreckage,5
griffith,5
rationing,5
guard,5
endorphins,5
outline,5
pig,5
hate,5
school,5
dashboard,5
mr,5
floated,5
awoke,5
brushed,5
freeway,5
fluid,5
despite,5
automatic,5
containers,5
search,5
social,5
apart,5
dinner,5
solar,5
brightly,5
sighed,5
thirty,5
tipped,5
branches,5
drained,5
nodding,5
begun,5
register,5
lighter,5
squatters,5
admit,5
canopy,5
accepted,5
intact,5
energy,5
bullets,5
compressed,5
rather,5
holograms,5
shore,5
developed,5
expect,5
roofs,5
blank,5
retinas,5
stoned,5
unsure,5
flies,5
rim,5
santos,5
shaped,5
parlor,5
karma,5
alien,5
wished,5
acid,5
wrist,5
gaijin,5
crowds,5
crash,5
tray,5
filthy,5
yukiko,5
derringer,5
collar,5
english,5
leader,5
sleeves,5
crotch,4
thunder,4
interferon,4
relax,4
headquarters,4
childhood,4
cigarettes,4
keeps,4
glassy,4
crawl,4
nations,4
huh,4
addict,4
scream,4
padded,4
busy,4
clicked,4
lots,4
claws,4
nature,4
planned,4
east,4
casually,4
possible,4
fog,4
shifting,4
offer,4
forming,4
devices,4
hoverport,4
flood,4
palms,4
activated,4
subway,4
bloody,4
scratched,4
tobacco,4
detached,4
stole,4
elephant,4
blasting,4
swollen,4
drunken,4
tore,4
thumb,4
veins,4
canvas,4
ways,4
priest,4
spark,4
vials,4
photos,4
engineering,4
squeezed,4
shrines,4
rags,4
rust,4
ad,4
tricks,4
dressing,4
buzzing,4
strolling,4
pearl,4
male,4
disturbed,4
lexan,4
sucked,4
nervously,4
porcelain,4
imagine,4
sensations,4
jerked,4
plan,4
beams,4
tumors,4
sex,4
belt,4
synth,4
awake,4
signals,4
spine,4
spring,4
santa,4
un,4
skimming,4
codes,4
sunken,4
definitely,4
faintly,4
indian,4
gathered,4
layout,4
sharply,4
baby,4
pour,4
counter,4
alloy,4
counted,4
blistered,4
static,4
greedy,4
bother,4
mechanism,4
lucky,4
circulation,4
picking,4
laser,4
hardware,4
pleasantly,4
micrograph,4
railing,4
union,4
software,4
frustration,4
count,4
books,4
ghost,4
rule,4
wagons,4
bubbling,4
protection,4
worn,4
arcs,4
greed,4
payback,4
owner,4
licked,4
wasted,4
seated,4
contents,4
genuine,4
forces,4
extending,4
autopsy,4
reproductions,4
pastel,4
cot,4
ill,4
speak,4
ragged,4
orchid,4
humor,4
sizzling,4
prisoners,4
amidst,4
dance,4
rhythm,4
anonymous,4
blast,4
fragile,4
p,4
upper,4
helpless,4
supporting,4
flames,4
bolt,4
extra,4
puffed,4
super,4
futon,4
cap,4
paused,4
birds,4
broadcasts,4
bursts,4
entirely,4
irony,4
person,4
directly,4
slag,4
begin,4
texture,4
shrill,4
whipped,4
blame,4
hurts,4
jeans,4
language,4
charged,4
dancers,4
mirrored,4
struck,4
twelve,4
tones,4
momentarily,4
sniffed,4
forcing,4
flattened,4
heaven,4
emotions,4
learned,4
nine,4
absence,4
systems,4
fool,4
jaws,4
steered,4
fountain,4
aviators,4
withered,4
juice,4
organs,4
lid,4
snapping,4
flicked,4
grafted,4
circle,4
kilos,4
culture,4
missing,4
partly,4
liver,4
brilliant,4
remaining,4
economic,4
pounding,4
pushers,4
eating,4
smells,4
bleached,4
waking,4
jump,4
paintings,4
cloud,4
crap,4
projectors,4
including,4
masters,4
quality,4
dumb,4
tabs,4
cranes,4
fuels,4
parked,4
fuel,4
grab,4
tosas,4
crystalline,4
treat,4
controlled,4
nato,4
ducked,4
immediately,4
candy,4
multinationals,4
signed,4
stories,4
knelt,4
captain,4
segments,4
fists,4
solution,4
criminals,4
calm,4
blackened,4
combination,4
calmly,4
dawn,4
sluggish,4
messages,4
hood,4
bits,4
silly,4
explain,4
architecture,4
targeting,4
interest,4
personally,4
disappear,4
thoughts,4
anarchists,4
changes,4
character,4
popular,4
frightened,4
asses,4
propaganda,4
fashioned,4
savage,4
jacked,4
assume,4
managed,4
unpleasant,4
dim,4
staples,4
wearily,4
bow,4
pere,4
battered,4
till,4
switch,4
african,4
cute,4
killer,4
lunch,4
peered,4
suspended,4
carry,4
seal,4
clung,4
paid,4
curled,4
killing,4
mary,4
wake,4
bmw,4
sleeping,4
movements,4
pal,4
grim,4
raincoat,4
island,4
spreading,4
strip,4
shells,4
sewer,4
liar,4
fall,4
drugged,4
neighborhood,4
tattoos,4
wiped,4
pressing,4
existence,4
fluttered,4
flowed,4
members,4
needle,4
glycerin,4
sector,4
secret,4
strips,4
purpose,4
organization,4
spend,4
absolutely,4
pen,4
scalp,4
patient,4
adjusting,4
hoped,4
utterly,4
implied,4
amplified,4
nervousness,4
huddled,4
putting,4
infrared,4
entire,4
bleeding,4
mid,4
trail,4
curving,4
lined,4
mats,4
electronics,4
que,4
coughed,4
comfortable,4
disease,4
skinny,4
supported,4
knowledge,4
unable,4
routine,4
junkies,4
bulk,4
pixel,4
fucker,4
pickpocket,4
viruses,4
authority,4
happens,4
coke,4
sleek,4
feeding,4
patches,4
merchant,4
rise,4
mouths,4
sickle,4
forehead,4
destroyed,4
swirling,4
rail,4
toy,4
antiques,4
toe,4
hatch,4
habit,4
confusion,4
lenses,4
trust,4
beer,4
craft,4
stopping,4
scattering,4
rumor,4
plug,4
froze,4
rounds,4
sometime,4
hashishin,4
charge,4
secured,4
mainly,4
array,4
molded,4
holder,4
cards,4
driveway,4
rent,4
dining,4
sherman,4
cylinders,4
connections,4
hiss,4
corridors,4
pop,4
bizarre,4
spirit,4
fetuses,4
changing,4
components,4
flashing,4
furniture,4
snatcher,4
pacific,4
mood,4
amber,4
spinal,4
illuminated,4
cabinet,4
lichen,4
politics,4
stumbled,4
idiot,4
rimmed,4
crumpled,4
follow,4
program,4
worse,4
worst,4
directions,4
miniature,4
screens,4
joints,4
breaking,4
sucking,4
pirates,4
alcohol,4
fiber,4
sympathy,4
lobby,4
convinced,4
brains,4
asphalt,4
recording,4
c,4
pc,4
flight,4
lengths,4
kimono,4
illusions,4
antiseptic,4
analogs,4
refused,4
range,4
impressed,4
sections,4
landscapes,4
freak,4
mock,4
helping,4
winds,4
drinking,4
metro,4
duck,4
infection,4
sore,4
sir,4
ships,4
permanent,4
conversation,4
patients,4
sculpture,4
clove,4
view,4
buzzed,4
identification,4
crude,4
wonder,4
wild,4
buddhist,4
gutted,4
danced,4
console,4
feral,4
ripped,4
dangling,4
owe,4
weather,4
volume,4
meaningless,4
inset,4
boom,4
shielding,3
elaborate,3
cocaine,3
dna,3
geisha,3
whirling,3
tying,3
locker,3
travel,3
typed,3
types,3
revolt,3
wrought,3
easier,3
ached,3
sangre,3
sixteen,3
preceded,3
spider,3
foundation,3
sensors,3
ate,3
shelves,3
wash,3
idly,3
object,3
grove,3
menu,3
net,3
spilling,3
flanked,3
peripheral,3
strewn,3
score,3
extend,3
country,3
pits,3
incense,3
armored,3
lift,3
remembering,3
player,3
doorman,3
echoes,3
possibly,3
remind,3
vats,3
syphilis,3
constantly,3
goddamn,3
halls,3
smashed,3
panels,3
roll,3
muslims,3
whoever,3
retrofit,3
team,3
unaware,3
cyclosporin,3
realizing,3
current,3
studied,3
afford,3
tundra,3
originally,3
gunfire,3
allowed,3
truck,3
polypyrrole,3
limbs,3
corroded,3
quarter,3
prisms,3
entering,3
container,3
exploding,3
squares,3
collapsing,3
indicate,3
biohazard,3
wandering,3
buried,3
politicos,3
aside,3
note,3
atop,3
slurred,3
average,3
laws,3
lotus,3
surgically,3
tears,3
equipped,3
clawing,3
artist,3
worried,3
horned,3
concentrated,3
anti,3
west,3
motives,3
stripped,3
rooftops,3
surveillance,3
breakdown,3
edged,3
tracking,3
instrument,3
insist,3
babylonian,3
meaning,3
memories,3
legged,3
newsrags,3
rush,3
rage,3
exhausted,3
wildly,3
hovercars,3
mask,3
caused,3
documentaries,3
yellowed,3
experience,3
alcove,3
scar,3
treatments,3
twisting,3
roshi,3
roots,3
wipe,3
gazed,3
succeeded,3
guest,3
cradled,3
graffiti,3
torus,3
overwhelmed,3
obscura,3
mildew,3
intercept,3
load,3
adjoining,3
suburbs,3
sweetheart,3
expanded,3
rules,3
specimen,3
levels,3
stack,3
rumbling,3
pinball,3
location,3
shading,3
projects,3
palm,3
repair,3
tasting,3
considerable,3
discolored,3
defined,3
squinted,3
phantom,3
land,3
reasoned,3
fresh,3
concerned,3
experiencing,3
flowing,3
fifteen,3
rubberized,3
wedge,3
rode,3
pieces,3
colorful,3
hormones,3
producer,3
produced,3
motorcycle,3
outlined,3
kiss,3
outlines,3
traced,3
sniffing,3
tents,3
jagged,3
venom,3
discs,3
surely,3
thrust,3
scene,3
wilshire,3
sergeant,3
gummy,3
reassuring,3
gentle,3
studying,3
bred,3
wounded,3
rainbows,3
jam,3
styrofoam,3
packet,3
courtyard,3
restrictions,3
powered,3
groin,3
overalls,3
hauled,3
circumlunar,3
arrest,3
clipped,3
checking,3
stooped,3
criss,3
shuddered,3
parasite,3
garage,3
hissing,3
recognition,3
avoid,3
shone,3
gained,3
dilaudid,3
letters,3
naturally,3
function,3
chained,3
bearing,3
deadly,3
oldest,3
samurai,3
horn,3
approximation,3
pursuit,3
items,3
insult,3
theories,3
indicated,3
ordinary,3
ladder,3
japan,3
production,3
bolted,3
oxygen,3
reasonable,3
logo,3
network,3
colorless,3
enlightened,3
crunched,3
spaceship,3
portraits,3
circled,3
de,3
nasty,3
slack,3
runs,3
analytics,3
terms,3
handful,3
stink,3
tugged,3
musical,3
upturned,3
clamped,3
spread,3
plasma,3
phosphenes,3
antique,3
guessed,3
switched,3
terror,3
cost,3
shared,3
prove,3
angels,3
envelope,3
clothing,3
tagged,3
rooftop,3
halt,3
drop,3
directing,3
fires,3
shown,3
diagnostic,3
courier,3
television,3
distorted,3
prick,3
forever,3
kendo,3
discovered,3
televisions,3
analyzer,3
wheels,3
suspected,3
develop,3
finish,3
squatter,3
severe,3
tossing,3
senseless,3
stung,3
uneasy,3
throw,3
barrels,3
pitched,3
suited,3
seatback,3
skeleton,3
throbbing,3
multinational,3
trunk,3
blister,3
hurry,3
producing,3
sneak,3
horizontal,3
dummies,3
towering,3
fairy,3
event,3
visions,3
midsection,3
dirt,3
knocking,3
talked,3
bowed,3
boredom,3
lip,3
experienced,3
eaten,3
paranoia,3
molten,3
throwing,3
sensitive,3
soiled,3
mumbling,3
rope,3
smart,3
canisters,3
sprinted,3
signal,3
translated,3
gobernacion,3
reek,3
paolo,3
cotton,3
goddamit,3
politicians,3
electrical,3
crouching,3
rested,3
practically,3
required,3
tangier,3
cellular,3
stiff,3
click,3
rotten,3
believed,3
paranoid,3
win,3
singing,3
becomes,3
confused,3
arched,3
located,3
peeling,3
swimming,3
auto,3
stimulants,3
acker,3
ultralights,3
overwhelming,3
beg,3
bet,3
border,3
intentions,3
scrambler,3
construction,3
impression,3
based,3
bases,3
crumbling,3
joint,3
trucks,3
desperate,3
limits,3
strains,3
senses,3
sensed,3
harder,3
skittered,3
taller,3
burden,3
doorways,3
gangsters,3
bundle,3
pried,3
neutral,3
pumped,3
slaughterhouse,3
pools,3
swam,3
seriously,3
rescue,3
void,3
vast,3
vector,3
ignoring,3
eyebrows,3
sliced,3
type,3
vodka,3
gunning,3
fela,3
aids,3
merchants,3
velvet,3
starts,3
arrived,3
hook,3
twitched,3
girls,3
somewhat,3
louder,3
mini,3
alarm,3
poison,3
sugar,3
folder,3
coast,3
meditate,3
fields,3
artificial,3
gracias,3
suppose,3
speakers,3
opportunity,3
consciousness,3
background,3
vaulted,3
yelling,3
lied,3
fumes,3
cones,3
weathered,3
panteras,3
fork,3
fireworks,3
blindness,3
sticky,3
generally,3
weekend,3
daily,3
thermographic,3
anesthetic,3
kilometers,3
implanted,3
merely,3
rigid,3
effort,3
fly,3
avoiding,3
soup,3
plaza,3
agent,3
chemical,3
swore,3
map,3
mat,3
fed,3
grow,3
tale,3
unconsciously,3
shake,3
satyr,3
views,3
shatter,3
sooner,3
pentagon,3
miles,3
pumping,3
slept,3
cracks,3
scraping,3
winding,3
occupied,3
efficient,3
registering,3
shop,3
analytic,3
strands,3
tour,3
concentrate,3
shopping,3
restroom,3
harsh,3
doctor,3
loudly,3
grit,3
docks,3
disappointed,3
lightning,3
doll,3
matching,3
outs,3
roar,3
hysterical,3
downstairs,3
turbines,3
imagination,3
file,3
webbed,3
film,3
awkwardly,3
deluxe,3
sunk,3
hooks,3
crimson,3
phage,3
wrecked,3
christi,3
milky,3
distinct,3
diamond,3
nimbus,3
particular,3
guards,3
marble,3
gravely,3
sphere,3
hurting,3
seeking,3
acting,3
print,3
pathetic,3
humiliated,3
youth,3
aged,3
orders,3
rimbaud,3
build,3
serve,3
services,3
goodwill,3
particularly,3
hillside,3
carefully,3
merged,3
remove,3
pissed,3
reverse,3
powers,3
foreign,3
fused,3
4,3
settling,3
fur,3
gestures,3
spent,3
circling,3
snap,3
bio,3
semi,3
foolish,3
connecting,3
piles,3
pounded,3
planes,3
brushing,3
depicting,3
amused,3
rusting,3
sing,3
talent,3
climb,3
oily,3
account,3
unreal,3
closing,3
violence,3
lamp,3
stock,3
addiction,3
bridges,3
mention,3
greenhouses,3
slipping,3
slumped,3
wholly,3
technically,3
apologetically,3
backwards,3
ruins,3
sockets,3
pots,3
pakistani,3
cavern,3
complete,3
gingerly,3
areas,3
crabs,3
eyebrow,3
deliver,3
vent,3
statues,3
blasted,3
angled,3
multi,3
appearance,3
weighed,3
sets,3
ribbed,3
functional,3
knuckles,3
repeated,3
corporation,3
variation,3
leaders,3
shining,3
blur,3
supplies,3
revolved,3
punishment,3
cylinder,3
hospital,3
noting,3
limousine,3
breathe,3
breaths,3
pouch,3
sentries,3
jumble,3
polycarbonate,3
stinking,3
skeletal,3
mahogany,3
washed,3
evil,3
lampreys,3
ritual,3
filter,3
hearing,3
bandaged,3
euphoria,3
urban,3
murder,3
glow,3
radio,3
knuckle,3
disgust,3
gods,3
report,3
frying,3
farther,3
luminescent,3
wear,3
sipped,3
protect,3
merging,3
beef,3
expected,3
pyramid,3
containing,3
satellite,3
insisted,3
possessed,3
bastards,3
bands,3
savagely,3
corn,3
attacks,3
coiled,3
steadily,3
primitive,3
vanished,3
serious,3
planning,3
federales,3
dried,3
comforting,3
twentieth,3
roared,3
clone,3
needs,3
crashed,3
delighted,3
corners,3
intended,3
profit,3
uniformed,3
flare,3
cooling,3
season,3
pre,3
ideas,3
surf,3
urge,3
multiple,3
parabolic,3
lighted,3
bought,3
parking,3
surfaces,3
shiva,3
duty,3
tasteless,3
paying,3
shops,3
helmet,3
kneeling,3
captured,3
pallet,3
reduced,3
ridged,3
overheated,3
provided,3
buddha,3
terrified,3
revolutionaries,3
syringe,3
strictly,3
valley,3
grass,3
pillows,3
calls,3
lace,3
chinese,3
dish,3
synthetic,3
present,3
sons,3
bubbles,3
towers,3
racing,3
toes,3
grafts,3
flag,3
hissed,3
acknowledging,3
footed,3
thrown,3
cawfly,3
geodesic,3
relieved,3
retinal,3
rifle,3
rotting,3
moist,3
reach,3
poupee,3
dump,3
intelligence,3
slapped,3
bronze,3
reasons,3
dug,3
demand,3
frantic,3
rig,3
chauffeur,3
fading,3
cement,3
lower,3
facial,3
workers,3
customers,3
essential,3
gradually,3
drunkenly,3
retro,3
jumpy,3
cloth,3
upright,3
peace,3
breasts,3
clue,3
folds,3
traveling,3
manipulating,3
duct,3
respirator,3
freedom,3
sip,3
masks,3
straps,3
flew,3
trap,3
synthesized,3
surrealists,3
catholic,3
bulging,3
thousands,3
junky,3
muslim,3
futukoros,3
radiation,3
member,3
difficult,3
elbows,3
camel,3
chuckled,3
scared,3
growth,3
lean,3
hovercraft,3
vat,3
squeeze,3
whether,3
clicks,3
raining,2
prices,2
reconstructions,2
satchel,2
fuera,2
specially,2
ornate,2
loathing,2
conjure,2
therefore,2
strike,2
holy,2
intake,2
pompadour,2
currency,2
groaned,2
choking,2
effective,2
manipulators,2
slicing,2
development,2
financial,2
sensory,2
sheet,2
stripe,2
bitter,2
cushions,2
lavender,2
skimmed,2
goya,2
spectrum,2
causing,2
hum,2
thrilled,2
eyeless,2
detectors,2
reactor,2
insects,2
theme,2
cushion,2
altogether,2
pads,2
cloning,2
souvenir,2
argue,2
blending,2
eager,2
spin,2
alkaloid,2
damaged,2
rebellion,2
haphazard,2
european,2
boiled,2
ease,2
awhile,2
articulated,2
nisei,2
guttering,2
fox,2
exposition,2
serpents,2
filaments,2
aboard,2
benches,2
facility,2
dashboards,2
beings,2
wrap,2
panorama,2
passenger,2
oxygenated,2
models,2
explosions,2
banners,2
methodically,2
exact,2
ollie,2
boost,2
yards,2
dusty,2
commonly,2
prefer,2
guardsman,2
apparent,2
visual,2
ignorant,2
riders,2
behalf,2
titanium,2
stetson,2
offense,2
ferdinand,2
immune,2
suck,2
scents,2
unacceptable,2
webs,2
apron,2
reckoning,2
twilight,2
bonsai,2
bursting,2
fluted,2
million,2
possibility,2
complicated,2
crazier,2
inhaler,2
seventy,2
vote,2
ripping,2
holowhores,2
stuffed,2
floppy,2
artifact,2
padding,2
depressed,2
future,2
sam,2
sac,2
jewels,2
sad,2
zoo,2
destroy,2
convulsive,2
butterfly,2
spewing,2
printed,2
pages,2
jittery,2
surplus,2
cursing,2
prime,2
bombs,2
gangster,2
bootleg,2
moons,2
jobs,2
vertical,2
menacing,2
flipped,2
boat,2
cramps,2
vacation,2
technology,2
binary,2
spiraling,2
stiffly,2
nothin,2
slime,2
generator,2
plumed,2
stranger,2
discarded,2
beverly,2
scalpel,2
pickled,2
trouser,2
destroys,2
malfunctioning,2
sprung,2
slender,2
curling,2
rumbled,2
brazilian,2
hookers,2
buying,2
agree,2
detailed,2
laminated,2
admiring,2
sympathetically,2
dented,2
debris,2
causes,2
chewing,2
pulsing,2
sang,2
sane,2
clock,2
method,2
leaping,2
healthier,2
sureness,2
gantries,2
cunning,2
fiercely,2
bonded,2
dismissed,2
refuse,2
oyabun,2
mixing,2
comforted,2
weeds,2
loosely,2
jellied,2
osaka,2
clockwork,2
doses,2
blacks,2
belief,2
owners,2
castle,2
emblazoned,2
molecular,2
delightedly,2
crop,2
polarized,2
basically,2
recognizing,2
nasal,2
accepting,2
impact,2
enemy,2
naginatas,2
obscure,2
river,2
outward,2
avuncular,2
available,2
embargoes,2
untouched,2
thou,2
dumbly,2
phosphorous,2
sink,2
community,2
dimensional,2
filth,2
fevered,2
lizards,2
firm,2
imperials,2
slobs,2
pound,2
backing,2
fibers,2
shorter,2
ugliness,2
flooded,2
rabid,2
recent,2
expend,2
responsible,2
crying,2
emergency,2
suffering,2
realistically,2
imposed,2
continue,2
tribes,2
momentary,2
aureo,2
slopping,2
cranked,2
exaggerated,2
wrinkles,2
hatched,2
hammered,2
unnerving,2
spending,2
purred,2
spat,2
influence,2
palisades,2
surveying,2
graceful,2
scrape,2
actors,2
scraps,2
freighter,2
elements,2
scrub,2
hello,2
ensenada,2
scooped,2
results,2
churned,2
contours,2
panting,2
harbor,2
fewer,2
anxious,2
rack,2
seventies,2
enclosed,2
apparatus,2
twins,2
slabs,2
lee,2
punch,2
opinion,2
panicked,2
moonlighting,2
pencil,2
creaking,2
retreated,2
monica,2
bend,2
rods,2
numerous,2
intelligent,2
plastique,2
waldoes,2
fits,2
ties,2
cabbage,2
racks,2
shuffled,2
boxing,2
thigh,2
chosen,2
thieves,2
delightful,2
bump,2
society,2
matrix,2
steering,2
meals,2
scarf,2
staggered,2
collagen,2
owned,2
tier,2
gatherings,2
sensitivity,2
painful,2
prostitute,2
amerslan,2
result,2
clearly,2
decomposing,2
segment,2
bedroom,2
jar,2
riding,2
membrane,2
faceless,2
notion,2
cs,2
ct,2
meningitis,2
toasting,2
exteroceptor,2
grinning,2
rigged,2
ultra,2
conditioning,2
digging,2
clocks,2
resin,2
footage,2
thief,2
humming,2
passion,2
stairway,2
pressure,2
whistling,2
sister,2
pussy,2
lung,2
roads,2
crusting,2
venezuelan,2
winked,2
official,2
hunkering,2
slowing,2
consumed,2
lately,2
reckless,2
veil,2
blanket,2
undercover,2
deliberate,2
burmese,2
officially,2
simultaneously,2
textured,2
fourteen,2
smoky,2
anchor,2
shun,2
chollo,2
glance,2
coins,2
bundles,2
tolerated,2
genitalia,2
mortar,2
agony,2
nuts,2
law,2
las,2
chilled,2
appreciate,2
greek,2
satisfied,2
frequency,2
mottling,2
embarrassed,2
dumping,2
mangled,2
whining,2
vessels,2
medicine,2
created,2
lousy,2
tijuana,2
thoughtfully,2
sandakan,2
guilt,2
hacking,2
stalls,2
convenient,2
elation,2
subjects,2
neighborhoods,2
musty,2
personality,2
tracers,2
frowning,2
encounters,2
flashes,2
kitchen,2
received,2
gasped,2
wider,2
accentuate,2
relaxing,2
attacked,2
concerning,2
brightening,2
whine,2
dumped,2
synch,2
camps,2
gravity,2
goggles,2
mocked,2
maya,2
rustle,2
cooler,2
eyeing,2
bore,2
reflexively,2
asking,2
denied,2
scarves,2
banked,2
obi,2
fight,2
wax,2
lowest,2
sagging,2
mysterious,2
hotter,2
abstract,2
evidence,2
prayer,2
topped,2
reality,2
unwilling,2
welcome,2
polite,2
reflexes,2
amusement,2
modules,2
antibiotics,2
beds,2
songs,2
impulse,2
certainly,2
permanently,2
protective,2
feeble,2
presented,2
respirators,2
woven,2
regained,2
appear,2
satisfy,2
losing,2
illumination,2
territories,2
hesitated,2
flaking,2
cab,2
chic,2
economy,2
produce,2
ordinance,2
nosed,2
typical,2
indeed,2
showered,2
chattering,2
nod,2
itza,2
en,2
dripped,2
carp,2
tangled,2
domed,2
sprawling,2
flipping,2
pelting,2
expanse,2
recruit,2
optimism,2
terrific,2
egg,2
tooth,2
professional,2
proportion,2
jolt,2
truly,2
keyed,2
losers,2
pituitary,2
concern,2
loudspeaker,2
reluctantly,2
proved,2
cared,2
rembrandt,2
canceled,2
mentally,2
demasu,2
coordinate,2
vomit,2
lads,2
collective,2
ganesh,2
downward,2
whispering,2
bobbed,2
manipulator,2
assembly,2
pylons,2
papered,2
exciting,2
assassin,2
stare,2
assumed,2
groan,2
embedded,2
describe,2
scratching,2
scanned,2
moves,2
torched,2
peak,2
pool,2
vines,2
embracing,2
splitting,2
religious,2
horror,2
rogue,2
avalanche,2
exceptionally,2
sealing,2
aimed,2
toys,2
conventional,2
breezes,2
stinging,2
firmly,2
terribly,2
purring,2
dread,2
crafts,2
banks,2
kusairagama,2
mestizo,2
computers,2
sweeping,2
desperately,2
slicked,2
restless,2
bald,2
scrolled,2
scheme,2
trapped,2
concentration,2
hallucinatory,2
unreasonable,2
booze,2
justice,2
darted,2
cobrotoxin,2
basement,2
gloves,2
scanning,2
horrid,2
wow,2
unconscious,2
spray,2
invisible,2
memorized,2
experimental,2
described,2
damn,2
territory,2
railings,2
restlessly,2
reptilian,2
translucent,2
sofa,2
describing,2
defectives,2
infra,2
tracing,2
gilt,2
sprawled,2
fishy,2
injection,2
stumbling,2
comprende,2
draw,2
drag,2
blend,2
hovered,2
attackers,2
cluttered,2
polymeric,2
flickered,2
sausage,2
poles,2
stance,2
focused,2
gene,2
addressed,2
announced,2
cray,2
preventative,2
asahi,2
lapse,2
escaped,2
wonderful,2
bowl,2
skirt,2
africans,2
poetry,2
scoop,2
bathing,2
mentioned,2
massed,2
sword,2
crossing,2
ankles,2
littered,2
playground,2
galaxies,2
management,2
perfectly,2
chemicals,2
waist,2
mantra,2
amount,2
bastard,2
si,2
gallery,2
radiating,2
emerging,2
soldiers,2
manzanita,2
sipping,2
gust,2
quarantine,2
processed,2
contain,2
tunes,2
pitch,2
inkling,2
tend,2
hurrying,2
merry,2
distribution,2
hits,2
minds,2
roshis,2
solarium,2
cent,2
outlaws,2
gouged,2
orbital,2
speaker,2
modeled,2
flexing,2
ushered,2
battery,2
sonic,2
moonscapes,2
propelled,2
floors,2
refugees,2
glare,2
husk,2
broad,2
tides,2
coated,2
reaching,2
choked,2
puppies,2
pistols,2
delusions,2
recruited,2
faceplate,2
fountains,2
metronome,2
sumimasen,2
utensils,2
fencing,2
asian,2
fronts,2
baking,2
clothed,2
employees,2
likely,2
neo,2
haze,2
screams,2
sputtered,2
recordings,2
permit,2
guests,2
counts,2
ward,2
gasoline,2
twitching,2
legless,2
abdomen,2
blindly,2
president,2
purchase,2
goodbye,2
deco,2
keyboard,2
windshield,2
damascus,2
improvise,2
principles,2
enclosure,2
hushed,2
revolving,2
user,2
reassure,2
warped,2
concussion,2
anxiety,2
spoiled,2
rattle,2
sweating,2
anarquistas,2
compounded,2
convulsed,2
bag,2
rival,2
injections,2
testing,2
midst,2
ventura,2
continent,2
simplest,2
warrior,2
ignorance,2
bronzes,2
ether,2
commission,2
replicate,2
shattering,2
study,2
shimmering,2
waterfall,2
practiced,2
materials,2
qualities,2
smoked,2
yen,2
sporting,2
assigned,2
regarded,2
save,2
vdt,2
nude,2
dense,2
microwave,2
vaginas,2
fraction,2
clinics,2
idealized,2
failure,2
dies,2
authorities,2
happening,2
apology,2
pseudo,2
mild,2
suicide,2
marks,2
dia,2
overlaid,2
involuntarily,2
hummed,2
canadian,2
genuinely,2
teenage,2
hotels,2
troops,2
france,2
soul,2
arrive,2
drawer,2
rays,2
tile,2
staying,2
strokes,2
adhesive,2
texas,2
tonic,2
nonsense,2
fingertips,2
pock,2
correct,2
monster,2
alphas,2
watts,2
carnival,2
corporations,2
gathering,2
portrait,2
answering,2
jungle,2
skinned,2
trace,2
tugging,2
gracefully,2
cornea,2
label,2
radiated,2
spraying,2
threading,2
tug,2
dates,2
dapsone,2
jets,2
considering,2
caricature,2
mark,2
graveyard,2
disconnected,2
cock,2
exhaust,2
zodiacs,2
pissing,2
verwandlungsinhalt,2
gloom,2
mob,2
grin,2
vending,2
identifying,2
obsessions,2
sneaked,2
manufactured,2
drums,2
manufacturer,2
enameled,2
mixed,2
harness,2
hacienda,2
romantic,2
billowed,2
affection,2
examine,2
cables,2
unaccustomed,2
itched,2
brandy,2
readings,2
resembled,2
growling,2
looped,2
vile,2
slung,2
expressions,2
returning,2
mothers,2
saudi,2
hitachi,2
puddles,2
kimonos,2
clapping,2
africa,2
muertos,2
barked,2
plastered,2
blunderbuss,2
controlling,2
aglow,2
recall,2
intercepted,2
specialized,2
share,2
acts,2
milk,2
blacked,2
sauer,2
advice,2
response,2
bleak,2
gravelly,2
bathed,2
dragon,2
rifles,2
sleepily,2
clumsily,2
speech,2
primary,2
compound,2
struggling,2
habits,2
repeating,2
exquisite,2
mental,2
sober,2
wiggling,2
foxed,2
motherfucker,2
pleasant,2
needing,2
conducted,2
trickle,2
indulgent,2
pains,2
mama,2
creased,2
windbreaker,2
dancing,2
flares,2
eggs,2
giggling,2
organism,2
thomas,2
rebels,2
fins,2
ruin,2
chimed,2
matte,2
degree,2
expert,2
folding,2
supply,2
smother,2
gypsy,2
raise,2
meeting,2
bile,2
grainy,2
youthful,2
violently,2
facade,2
subcutaneous,2
injector,2
flags,2
openly,2
jumpsuit,2
source,2
bin,2
jolted,2
bamboo,2
strongest,2
handfuls,2
costumes,2
costumed,2
goods,2
framed,2
dragging,2
streit,2
antennae,2
charming,2
vehicles,2
bulkhead,2
freon,2
optics,2
sharks,2
exchange,2
beasts,2
sins,2
gainsborough,2
proof,2
named,2
seamless,2
newscaster,2
tattered,2
hints,2
rectangle,2
effectively,2
vicious,2
holds,2
furnace,2
collection,2
bothered,2
united,2
chasing,2
trembling,2
furious,2
bartenders,2
poised,2
tickled,2
tubing,2
sexual,2
emp,2
yard,2
abuse,2
puppet,2
swedes,2
discussions,2
dallas,2
reciting,2
unless,2
prisoner,2
absurd,2
doughy,2
rotating,2
bear,2
timing,2
organ,2
ashtray,2
mercedes,2
constructing,2
puddle,2
attempting,2
clearing,2
nudged,2
sorrow,2
swallow,2
teasing,2
pouring,2
copies,2
ai,2
stationed,2
essentially,2
fellow,2
value,2
haunches,2
convection,2
latest,2
seats,2
protecting,2
embossed,2
match,2
gulped,2
ozone,2
italian,2
madrone,2
encouraging,2
dunes,2
hurricane,2
masked,2
assuming,2
chains,2
introduced,2
socks,2
adolescent,2
maze,2
partially,2
wise,2
pin,2
circus,2
tabletop,2
dresser,2
madrones,2
muzzle,2
paris,2
patched,2
halogen,2
pride,2
dollar,2
monkeys,2
daimyo,2
feathery,2
guardedly,2
surrounding,2
emptiness,2
mischievous,2
piranhas,2
bunkers,2
hundreds,2
crossbow,2
digits,2
leaves,2
glinted,2
offs,2
straw,2
feelings,2
naive,2
join,2
ms,2
grenade,2
estate,2
writers,2
acknowledged,2
upside,2
enter,2
oven,2
clapped,2
stifling,2
plaster,2
choir,2
perimeter,2
nuked,2
tucking,2
poncho,2
psychic,2
newly,2
splashed,2
mercury,2
numbly,2
tom,2
gowns,2
tool,2
injected,2
abandoning,2
bridge,2
unaffected,2
thoroughly,2
isolated,2
shallow,2
hearts,2
coin,2
pope,2
peddle,2
beads,2
feinting,2
nun,2
corrupt,2
disturbing,2
muy,2
hopefully,2
boss,2
extracts,2
epidemic,2
bureaucratic,2
warehouses,2
confident,2
procedure,2
handrail,2
brutal,2
pathology,2
greeted,2
characters,2
workings,2
fusion,2
greatest,2
teenager,2
pitiful,2
turquoise,2
casting,2
metaphorical,2
mounds,2
melting,2
gift,2
specific,2
offices,2
mescal,2
puzzle,2
fuselage,2
medium,2
illuminating,2
versions,2
zodiac,2
loosening,2
papers,2
tie,2
realize,2
remarkable,2
affair,2
displaying,2
glittered,2
sloppy,2
cook,2
registered,2
brother,2
slowed,2
drinks,2
stands,2
tarmac,2
hoarse,2
descended,2
variously,2
clicking,2
shafts,2
modified,2
laughter,2
streak,2
nursing,2
sprouting,2
vital,2
purification,2
depending,2
apes,2
feature,2
holographic,2
stabilize,2
eighties,2
gaps,2
frijoles,2
distended,2
infuriated,2
someplace,2
peppering,2
tingling,2
virgin,2
stylized,2
grunt,2
alphanumerics,2
ana,2
ant,2
silhouette,2
tornado,2
betrayal,2
boiling,2
cleared,2
uncle,2
sculpted,2
perch,2
heap,2
spaces,2
gulp,2
believing,2
begging,2
endorphin,2
turbine,2
crooked,2
disinfectants,2
cities,2
adios,2
period,2
skeletons,2
spotlights,2
waisted,2
refinery,2
participant,2
events,2
drives,2
muffled,2
persons,2
model,2
actress,2
hint,2
engulfed,2
towel,2
snort,2
tower,2
snatched,2
shirtless,2
tangling,2
stank,2
instruments,2
toilet,2
tasty,2
deserve,2
rubber,2
roses,2
briefly,2
flower,2
brass,2
odds,2
curve,2
childish,2
proposition,2
disc,2
meditation,2
glimpse,2
removal,2
bubbled,2
treating,2
list,2
tej,2
rate,2
design,2
functioning,2
haag,2
row,2
christian,2
skidded,2
naval,2
flowered,2
horses,2
bumped,2
grabbing,2
sleeveless,2
sentry,2
gothic,2
absently,2
advantage,2
adventure,2
stash,2
shade,2
eluded,2
islam,2
mattress,2
hunted,2
bigger,2
chichen,2
stroked,2
generation,2
loops,2
shipment,2
caucasian,2
blaring,2
forgive,2
feed,2
sailor,2
grime,2
swarm,2
grimy,2
store,2
invaded,2
stall,2
uniforms,2
skyscrapers,2
suspicious,2
alike,2
cleaned,2
added,2
warnings,2
measures,2
79,2
patterned,2
traditional,2
stones,2
fond,2
melody,2
gilded,2
grazed,2
hid,2
noises,2
wrote,2
consciously,2
uses,2
glistening,2
orbiting,2
silicone,2
license,2
roman,2
context,2
finds,2
sweep,2
woke,2
precision,2
rocking,2
plants,2
behavior,2
rip,2
currents,2
higher,2
arrives,2
spaceman,2
cheer,2
loading,2
sharpened,2
plasti,2
collect,2
hollywoodland,2
perpetual,2
rot,2
compressors,2
palmed,2
lifeless,2
fluttering,2
warmed,2
sequence,2
baggy,2
fried,2
sandalwood,2
rainbow,2
tentative,2
tanguy,2
happier,2
vice,2
nasa,2
resistance,2
loyalty,2
xylocaine,2
peering,2
squeezing,2
waiters,2
zijin,2
artery,2
notes,2
melodies,2
someday,2
gripping,2
perched,2
makers,2
scrapped,2
larger,2
scales,2
apply,2
iced,2
torsos,2
bottomless,2
penis,2
performed,2
tap,2
dripping,2
heaving,2
decaying,2
sig,2
panic,2
cuffed,2
steeply,2
stamped,2
choose,2
trimmed,2
doubled,2
sentiment,2
myoelectric,2
echo,2
rigs,2
shelf,2
roadbed,2
clip,2
teenagers,2
sidewalk,2
vegetation,2
combat,2
chicken,2
pleased,2
whooped,2
generations,2
luminous,2
welled,2
frustrated,2
exam,2
joy,2
tiers,2
grain,2
commando,2
grounds,2
thumbed,2
acromegalic,2
restaurant,2
mutant,2
ringing,2
thus,2
draining,2
thud,2
limply,2
prickled,2
whale,2
snatchers,2
chittering,2
banded,2
riveted,2
cried,2
cries,2
rocked,2
discuss,2
knot,2
frosty,2
shabby,2
mosquitoes,2
leaf,2
blubbering,2
mines,2
locate,2
threats,2
column,2
universe,2
crusted,2
el,2
brush,2
snapshots,2
gnawing,2
avoided,2
glint,2
book,2
kinds,2
pumps,2
ranks,2
sash,2
hordes,1
woods,1
spiders,1
centimeter,1
spidery,1
crooned,1
fingernails,1
digit,1
capoeira,1
foul,1
stabbed,1
immunotoxins,1
prize,1
broiled,1
succession,1
commented,1
ornamental,1
irises,1
leisurely,1
shrugging,1
milled,1
dangled,1
cooking,1
bonuses,1
fossil,1
pawed,1
shocks,1
specialist,1
chins,1
splinter,1
gentlyon,1
unfeeling,1
reported,1
china,1
pancreas,1
climbed,1
kidd,1
projection,1
stern,1
neutrino,1
moonsuits,1
benefiting,1
menaced,1
goddammit,1
grimed,1
plunged,1
organized,1
reprove,1
complaining,1
drying,1
retooled,1
significance,1
pimps,1
wins,1
sickening,1
beeping,1
processions,1
rewarded,1
wickedly,1
rejecting,1
undercut,1
premonition,1
glutted,1
bartop,1
volcano,1
whim,1
reputedly,1
allah,1
liquids,1
bowls,1
wednesday,1
depositing,1
cathedral,1
whip,1
mayan,1
freeze,1
angular,1
gringos,1
assured,1
wavered,1
threatened,1
strata,1
exposing,1
newscasts,1
ups,1
leapt,1
wobbling,1
potions,1
brickwork,1
steroids,1
toreador,1
wasp,1
subtlety,1
clarity,1
seizures,1
windmills,1
master,1
blossoms,1
collapse,1
lunged,1
positively,1
trek,1
rusty,1
shower,1
acquisition,1
groaning,1
willingness,1
dozed,1
corny,1
cyrillic,1
soaked,1
grips,1
subliminals,1
amps,1
dummy,1
singer,1
prisons,1
tech,1
meetings,1
unopened,1
tempted,1
parodies,1
liberated,1
cougar,1
heartily,1
irritably,1
petrified,1
samangs,1
societies,1
droning,1
jaguar,1
nicely,1
eyelids,1
lurched,1
atomic,1
unexpectedly,1
bled,1
fail,1
cobra,1
conductive,1
lapping,1
angling,1
roller,1
triggers,1
heating,1
lookin,1
logic,1
obscenity,1
canyon,1
gleaming,1
slay,1
kenko,1
stadium,1
spit,1
eastern,1
athwart,1
cunt,1
employ,1
euclidean,1
ernsts,1
ditching,1
eighteen,1
anticipating,1
conditioner,1
trusted,1
reflectively,1
babies,1
effortlessly,1
communally,1
inadvertently,1
torpedoes,1
marched,1
boiler,1
tuna,1
tune,1
carnitas,1
coldness,1
backhanded,1
luminously,1
plaque,1
sprechen,1
boyhood,1
rotated,1
hipils,1
subdued,1
innocent,1
rocket,1
barnacles,1
clustered,1
unique,1
uncouth,1
tapering,1
spared,1
malnutrition,1
soybean,1
landfall,1
fresnel,1
captive,1
billboard,1
enemies,1
fop,1
plucked,1
probed,1
mildewed,1
memorable,1
manufacturing,1
shaken,1
dollars,1
citizens,1
oneness,1
storeroom,1
lamprey,1
hallucinogenic,1
waits,1
cantilevered,1
grasping,1
authorized,1
alloys,1
fascination,1
tigers,1
canopied,1
hemisphere,1
understandable,1
robertson,1
canopies,1
melanin,1
phoenixes,1
congratulations,1
peso,1
maravillas,1
disgrace,1
crucifixions,1
wetness,1
mrs,1
slurring,1
melanoma,1
dotted,1
glacier,1
overturning,1
brings,1
snick,1
carajoes,1
transported,1
fastened,1
beamed,1
slope,1
polypeptides,1
oss,1
resources,1
theaters,1
uneven,1
veg,1
jetfoil,1
sneakers,1
veterans,1
fatigues,1
downloading,1
icing,1
cooks,1
teat,1
teak,1
settle,1
teal,1
inscribed,1
digitized,1
collage,1
sigh,1
dehumidifiers,1
extraterrestrial,1
necrotic,1
funeral,1
burnett,1
plucking,1
address,1
passengers,1
impacted,1
wherever,1
accomplished,1
sprouted,1
digitizer,1
saints,1
betraying,1
fake,1
raiding,1
tightly,1
imaginations,1
cherished,1
opposed,1
shouldered,1
sonnets,1
loving,1
consoled,1
scratches,1
overloaded,1
mauled,1
locks,1
evidently,1
monitoring,1
winter,1
divided,1
poking,1
revolted,1
indulgently,1
applications,1
explored,1
lids,1
stress,1
varieties,1
puller,1
garlands,1
truce,1
wavelengths,1
innocuous,1
transplants,1
decals,1
experiments,1
counterclockwise,1
deity,1
tendency,1
jim,1
decreases,1
hashish,1
troubled,1
instantly,1
stabilizers,1
thereby,1
civilian,1
smarter,1
nation,1
overpowering,1
arriving,1
forceps,1
runners,1
jellyfish,1
medusas,1
crushing,1
honduran,1
overworked,1
zendo,1
contained,1
formula,1
igniting,1
plotting,1
inwardly,1
training,1
recon,1
datapatch,1
disguises,1
silhouettes,1
conduits,1
routes,1
neglect,1
henry,1
spoken,1
potted,1
monks,1
wrath,1
bite,1
teacher,1
shiver,1
realization,1
structures,1
lingering,1
perflourocarbon,1
snatch,1
ridiculous,1
herds,1
fooled,1
impractical,1
favors,1
crossroads,1
coats,1
addressing,1
illness,1
fragmented,1
baggage,1
warriors,1
blinding,1
polyhedral,1
altered,1
syllable,1
squalor,1
fails,1
inserted,1
guiltily,1
trembled,1
friction,1
lettered,1
qom,1
slot,1
unkind,1
daybreak,1
liberation,1
robe,1
clubfoot,1
graceless,1
guarded,1
windowed,1
assistant,1
etcetera,1
maniacal,1
assimilate,1
hinges,1
absurdly,1
skyline,1
therapies,1
tortilla,1
sirens,1
sheathed,1
banged,1
planet,1
taqueria,1
compounds,1
vaccines,1
kilometer,1
affecting,1
untainted,1
aureros,1
gratefully,1
steroid,1
fretboard,1
undermine,1
sacked,1
riddle,1
ants,1
powerpack,1
aerial,1
extinct,1
twig,1
math,1
underlayed,1
unconsciousness,1
stretch,1
reflective,1
reflex,1
coughing,1
quarantined,1
bravo,1
diffuse,1
tribal,1
sharaska,1
endured,1
brow,1
engaged,1
limping,1
pinks,1
compatriots,1
missiles,1
nail,1
barbed,1
cheers,1
booster,1
driftwood,1
flocks,1
vacant,1
customized,1
trains,1
summer,1
slimy,1
vamp,1
mache,1
afterwards,1
preventing,1
coded,1
unerring,1
60,1
clad,1
wordless,1
souvenirs,1
claw,1
slings,1
pulverized,1
crabbed,1
magma,1
resorts,1
rottweilers,1
borego,1
dimensions,1
scuffed,1
riveting,1
symbiotic,1
transformers,1
thailand,1
ace,1
package,1
favorite,1
videophone,1
gesturing,1
restacked,1
trademark,1
accumulated,1
snakes,1
lounging,1
continents,1
cloned,1
fascists,1
clones,1
unreliable,1
parasites,1
squalling,1
expressionless,1
ruse,1
harpies,1
whiz,1
schoolboy,1
torso,1
ak,1
au,1
fumbling,1
cream,1
beaming,1
puppy,1
terre,1
terra,1
tricky,1
partitioned,1
mast,1
neurosyphilis,1
weariness,1
axled,1
mandala,1
particles,1
etching,1
pornographic,1
garment,1
tu,1
sulfate,1
riots,1
knotted,1
puzzled,1
rifampin,1
scapegoats,1
strand,1
cable,1
housings,1
laying,1
mammal,1
mishima,1
abbreviated,1
pasa,1
pressboard,1
nothingness,1
pass,1
comedown,1
investment,1
hormonal,1
richard,1
forestall,1
undecided,1
nurse,1
scrotal,1
legend,1
squashed,1
bulged,1
whirlwind,1
welded,1
bullhorned,1
struggle,1
pulls,1
gosh,1
select,1
ridding,1
unrecognizable,1
wavering,1
helps,1
abuela,1
corrected,1
lameness,1
foundations,1
krill,1
mall,1
prawns,1
rustled,1
suggestions,1
states,1
gallon,1
recapitulating,1
distastefully,1
oyabuns,1
browns,1
lanky,1
thickened,1
soundtrack,1
resemble,1
imagers,1
siphon,1
hauling,1
patio,1
rottweiler,1
pant,1
florescence,1
brim,1
refried,1
intensifiers,1
laced,1
rapidly,1
kukulcan,1
epileptic,1
blurring,1
individuals,1
ruining,1
skipped,1
gadget,1
pegasus,1
cratered,1
status,1
interrogacion,1
hangers,1
occurs,1
nosegays,1
qualify,1
outfitted,1
producers,1
w,1
bumper,1
lapped,1
corrugated,1
major,1
murmured,1
numbed,1
threatening,1
tradition,1
tinny,1
unselfconscious,1
relationship,1
immediate,1
threaded,1
focusing,1
remembers,1
livers,1
blond,1
odors,1
ballerina,1
scrawled,1
destabilizing,1
analogy,1
brace,1
uplink,1
kneecap,1
swiftly,1
unused,1
yawn,1
darts,1
wisdom,1
arson,1
artistic,1
barren,1
smocks,1
accommodations,1
cruised,1
defender,1
wraps,1
gambler,1
indifference,1
columns,1
giants,1
dependent,1
informants,1
upholstery,1
preparing,1
devising,1
spectrographic,1
banner,1
deductive,1
devoured,1
tanked,1
growled,1
rumored,1
bundling,1
migration,1
sips,1
vitamins,1
unsettling,1
muted,1
fission,1
kneed,1
monsters,1
transmissor,1
endure,1
archduke,1
interface,1
legislature,1
pendulum,1
smashing,1
muddily,1
hitting,1
widening,1
veneer,1
sleeved,1
raced,1
squirrel,1
wheeler,1
representative,1
formless,1
brocades,1
slyly,1
errol,1
admire,1
cagey,1
kissing,1
robin,1
cages,1
owed,1
binding,1
decor,1
shorted,1
maids,1
elevated,1
bloodlines,1
virtually,1
lozenges,1
forgiveness,1
cigar,1
uncoil,1
mussel,1
picks,1
strobe,1
kabuki,1
clearance,1
clasped,1
politely,1
hydroponic,1
observed,1
crackled,1
joder,1
outstrips,1
cuffs,1
surprises,1
advertisements,1
fitting,1
input,1
jutting,1
bureaucrat,1
clutched,1
aerospace,1
sorting,1
facets,1
retrovirus,1
communications,1
canst,1
methods,1
greeting,1
curious,1
battalion,1
mummy,1
oblivion,1
behave,1
welling,1
tankers,1
tidal,1
obscured,1
mnemonics,1
deserved,1
commun,1
chi,1
matting,1
carcano,1
primarily,1
uncertainties,1
grave,1
specifically,1
custom,1
occupy,1
addicting,1
considerably,1
buttery,1
posted,1
bumpers,1
uh,1
ampoules,1
apiece,1
insignia,1
haunt,1
coasting,1
duration,1
gusts,1
concealment,1
fixing,1
hustling,1
tart,1
lashing,1
robots,1
cranking,1
tailored,1
mindlessly,1
pedestrians,1
diffraction,1
incomplete,1
menace,1
rubbish,1
scratch,1
splashing,1
highways,1
broader,1
retched,1
centers,1
trampling,1
carelessly,1
stocked,1
manipulated,1
petitions,1
minerals,1
flailing,1
marry,1
trite,1
visuals,1
conjunctions,1
crook,1
haiku,1
tdo,1
leakage,1
index,1
sweats,1
tonguing,1
sweaty,1
firms,1
slogans,1
squirming,1
receive,1
realizedthat,1
residents,1
assemble,1
tools,1
zip,1
illegal,1
whipping,1
lube,1
zig,1
pelvic,1
rick,1
loco,1
fulfill,1
weaker,1
billboards,1
exports,1
slit,1
slip,1
paws,1
destroying,1
tightrope,1
oz,1
especial,1
preferring,1
hawk,1
antibody,1
element,1
realizes,1
allow,1
houston,1
bitty,1
tableau,1
operative,1
mitsui,1
responsibilities,1
meantime,1
stalled,1
communication,1
derelict,1
sabotaging,1
physicians,1
designs,1
insistent,1
bat,1
dock,1
cage,1
presidential,1
triggering,1
concave,1
merge,1
zeiss,1
accounts,1
tracer,1
francisco,1
profile,1
bums,1
polychrome,1
meta,1
thirteen,1
banal,1
bunched,1
bolos,1
boutique,1
unprepared,1
tempo,1
machismo,1
disintegrating,1
fetal,1
defining,1
dismantled,1
mainland,1
chilly,1
removing,1
receding,1
collaged,1
platonic,1
reflexive,1
straining,1
ponderously,1
goshawks,1
reference,1
fuckers,1
cats,1
lacing,1
argot,1
depressing,1
pressurized,1
opalescent,1
manhole,1
yellowing,1
marquees,1
inscriptions,1
buttocks,1
splayed,1
reproduction,1
steep,1
steer,1
collecting,1
accusing,1
viewer,1
trusting,1
poisons,1
dishes,1
bonanza,1
waffled,1
scooping,1
accuracy,1
embroiled,1
noches,1
petals,1
scabrous,1
carcasses,1
placement,1
thanksgiving,1
ignited,1
perceiving,1
burnished,1
waltzed,1
jap,1
buttons,1
jacqueline,1
muttering,1
vaporlock,1
smash,1
extremists,1
favoring,1
reykjavik,1
shreds,1
embalmed,1
destiny,1
melrose,1
piston,1
astroturf,1
hitch,1
marty,1
baubles,1
invited,1
recorders,1
callthem,1
volley,1
invites,1
splitters,1
adjusted,1
hinterlands,1
modeling,1
winning,1
chromium,1
trajectory,1
aquamarine,1
swarmed,1
eduardo,1
tycho,1
mannequin,1
blackmarket,1
graphics,1
spain,1
greco,1
memorizing,1
discoveries,1
stuffing,1
eyeball,1
whitewashed,1
site,1
serra,1
greater,1
glared,1
terrorist,1
waspish,1
inlaid,1
ball,1
dusk,1
identity,1
disrupted,1
shotgun,1
overcast,1
command,1
newest,1
gulls,1
glue,1
maunderings,1
web,1
stairways,1
undressing,1
bracing,1
toyed,1
advanced,1
pied,1
whispers,1
thrill,1
bigotry,1
lanterns,1
grids,1
shuttling,1
viebecke,1
daylight,1
springs,1
gunsels,1
literally,1
mementos,1
blurry,1
imaginary,1
whistles,1
concession,1
documentary,1
errands,1
erect,1
afoot,1
mere,1
larvae,1
flynn,1
maori,1
sponges,1
overlapping,1
reinforcement,1
excitement,1
honeywagons,1
plundered,1
nursed,1
effected,1
variety,1
popping,1
footprints,1
prying,1
razorwire,1
badass,1
vein,1
exposure,1
stunt,1
tanned,1
tinkling,1
compete,1
searched,1
doubts,1
saved,1
ceases,1
leveled,1
alternating,1
blistering,1
compassion,1
perishable,1
manic,1
smog,1
bewildered,1
furrowed,1
leonine,1
casinos,1
notifying,1
deceptions,1
jamaica,1
phones,1
depraved,1
declassified,1
consequent,1
notions,1
menage,1
metaphorically,1
celebration,1
pinning,1
goddamnit,1
lonesome,1
secure,1
angrily,1
charred,1
highly,1
total,1
youwant,1
fifties,1
negative,1
tryin,1
agonizingly,1
hunkered,1
separated,1
award,1
cured,1
fakes,1
divorced,1
crest,1
worm,1
madonna,1
indifferent,1
gaped,1
recovery,1
provide,1
egyptian,1
bodysheaths,1
methanol,1
morbid,1
gamble,1
customs,1
bared,1
halliburton,1
fan,1
atrocity,1
infested,1
jittered,1
nets,1
salmonella,1
sheaf,1
bespeak,1
vents,1
harmony,1
coffee,1
woken,1
jerking,1
exhaling,1
mercaptoethylamine,1
rocky,1
reasonably,1
alternately,1
rocks,1
alleys,1
logs,1
councils,1
crimes,1
trench,1
gridded,1
barrier,1
tops,1
smacking,1
disputes,1
thirties,1
ticket,1
writhing,1
biologics,1
chopped,1
miscalculation,1
crucifixes,1
drones,1
tangle,1
parting,1
chanted,1
cologne,1
happily,1
ludicrously,1
jingle,1
target,1
scenes,1
merck,1
solely,1
laden,1
latter,1
casual,1
thundering,1
insulated,1
anatomy,1
germans,1
junipero,1
calculated,1
scavenging,1
lasered,1
calmness,1
responded,1
renting,1
subtly,1
doped,1
ofone,1
steadying,1
blotting,1
toast,1
sewn,1
resemblance,1
painfully,1
sentence,1
da,1
haunted,1
du,1
anza,1
rung,1
explanations,1
scrubbed,1
miserably,1
observer,1
condensed,1
mousing,1
bosozukos,1
lacquer,1
scrutinizing,1
co2,1
draws,1
caved,1
overgrown,1
fetishes,1
tainted,1
drawl,1
jawless,1
accord,1
scuse,1
packaged,1
wi,1
phospho,1
paralyzing,1
freshest,1
peacefully,1
freakish,1
royal,1
frenetic,1
petty,1
condemned,1
backwash,1
flexible,1
scarecrow,1
duties,1
droplets,1
madhouse,1
applied,1
physician,1
inhibit,1
launcher,1
applies,1
launched,1
cons,1
beetles,1
sticker,1
exile,1
confirmed,1
grandiose,1
descent,1
jerry,1
plated,1
mycotxins,1
plates,1
lithium,1
independent,1
plating,1
xenograftology,1
swell,1
palpable,1
blamed,1
prescribed,1
hopping,1
wisps,1
huddling,1
centeredness,1
athletic,1
wasps,1
victim,1
swears,1
chinga,1
alchemy,1
gofer,1
intercom,1
caps,1
boxer,1
unification,1
hairless,1
sparse,1
portuguese,1
lashes,1
flatten,1
psychogenic,1
ghats,1
anuses,1
kaleidoscoping,1
louvers,1
flinching,1
lightheaded,1
coral,1
horizon,1
float,1
profession,1
balances,1
gearing,1
stumble,1
guardia,1
shuttles,1
mutates,1
wad,1
sovereign,1
needled,1
pirouette,1
snowy,1
becoming,1
skittering,1
sutras,1
absent,1
emotional,1
moore,1
muscular,1
knowable,1
dimly,1
weaned,1
circulators,1
stake,1
autonomic,1
establish,1
cheated,1
boudoir,1
uprisings,1
paced,1
concept,1
horseback,1
synapses,1
grateful,1
polluted,1
dominated,1
hums,1
thighs,1
oldage,1
compensate,1
southwest,1
seemingly,1
vegas,1
perceived,1
flammable,1
bodysheathed,1
gum,1
kits,1
gut,1
temples,1
thinker,1
penetrated,1
curse,1
oaks,1
appeal,1
peeled,1
roaring,1
hoops,1
appears,1
impatiently,1
vibrating,1
superstructure,1
triad,1
pillow,1
nepalese,1
marker,1
rarely,1
subvert,1
planted,1
sighted,1
plaything,1
commissioned,1
organizations,1
instructional,1
labeled,1
cam,1
stimulating,1
dedicated,1
relaying,1
fortunes,1
cryoprotectants,1
unwavering,1
bonds,1
lounge,1
varnished,1
dominance,1
product,1
whacked,1
lifting,1
whenever,1
crept,1
fireball,1
serving,1
dermatoned,1
tending,1
curly,1
catatoxic,1
shaping,1
forms,1
whackos,1
introduce,1
transmissions,1
adrenaline,1
tails,1
slacks,1
streaks,1
lies,1
uncoiling,1
carving,1
kana,1
goose,1
replay,1
shadowing,1
thirst,1
hastily,1
opener,1
receiving,1
shithead,1
prolactin,1
cart,1
quart,1
iban,1
rescent,1
marine,1
inevitable,1
waxy,1
domes,1
british,1
honest,1
invitation,1
altitude,1
comprised,1
forwarding,1
sheep,1
sheer,1
callous,1
enojado,1
sores,1
prometheus,1
soren,1
flowers,1
appreciated,1
semantics,1
titans,1
gobs,1
vocals,1
fruits,1
gobble,1
svoice,1
slap,1
overnight,1
breakfast,1
slab,1
lumps,1
undercurrent,1
hookah,1
importantly,1
envying,1
bishops,1
garments,1
rambling,1
argyll,1
paperweights,1
busily,1
analyst,1
essence,1
stain,1
pumpkin,1
baghdad,1
cryin,1
celebrate,1
denting,1
appreciatively,1
ritually,1
lasers,1
physically,1
fanned,1
slashed,1
flatly,1
explosive,1
staffed,1
briskly,1
analyzed,1
installation,1
mound,1
learning,1
fruitful,1
cycling,1
rebuild,1
hillsides,1
wheezing,1
exhaustion,1
gland,1
shortages,1
wounds,1
prehistoric,1
pacifiers,1
jointed,1
freely,1
dregs,1
cherub,1
polymer,1
spooned,1
soil,1
embrace,1
commanded,1
implacably,1
roomful,1
medic,1
gentlemen,1
ya,1
inquiry,1
streams,1
noble,1
closest,1
arcology,1
squatted,1
arctic,1
fruit,1
cinder,1
theater,1
joystick,1
heaps,1
uncoiled,1
storming,1
ninja,1
staging,1
improvement,1
treatment,1
momentum,1
propped,1
hover,1
ambitious,1
spectacular,1
vises,1
lady,1
masterboard,1
heightened,1
pounds,1
postcard,1
streamers,1
benefit,1
veering,1
apartments,1
passions,1
perverse,1
slaughtering,1
unlocked,1
recorded,1
recorder,1
hustle,1
throb,1
strained,1
chop,1
underway,1
deranged,1
processor,1
arabic,1
exported,1
earring,1
polyglot,1
heated,1
langenscheidt,1
stark,1
burnings,1
billion,1
drains,1
smuggling,1
curiously,1
narrower,1
whirring,1
appliance,1
oxen,1
beeped,1
stigmata,1
percenter,1
sheath,1
evenings,1
snuffed,1
gambling,1
fools,1
drift,1
peas,1
torches,1
overturned,1
condensation,1
moonlight,1
roasting,1
fleurs,1
month,1
ceased,1
carpet,1
referring,1
icons,1
beedee,1
safety,1
confidential,1
vera,1
balancing,1
minded,1
decide,1
toothless,1
robed,1
marrow,1
vu,1
fence,1
truppen,1
unheard,1
nearing,1
orgasm,1
hamper,1
conscience,1
apologizes,1
witnessed,1
brainpan,1
dribbling,1
thickness,1
modify,1
modular,1
arena,1
darius,1
vamanos,1
mdma,1
inspired,1
losses,1
soldier,1
wedgewood,1
family,1
vasopressin,1
trained,1
ripe,1
amaze,1
revelation,1
lust,1
latching,1
hydroxytoluene,1
offended,1
fronted,1
nautilus,1
pusher,1
cows,1
species,1
chops,1
incisions,1
tattoo,1
curandera,1
derived,1
consequence,1
tries,1
invasion,1
contrived,1
laminate,1
bugs,1
slacking,1
hierarchy,1
committed,1
fanning,1
carpeted,1
prowled,1
factories,1
gobecause,1
groping,1
anticipated,1
moaning,1
fully,1
amoral,1
obligated,1
nein,1
positioned,1
absurdity,1
expansive,1
keening,1
housed,1
dune,1
houses,1
tambien,1
lightshow,1
cheering,1
uncertainly,1
scouts,1
heartbeat,1
miso,1
foundries,1
uninterest,1
equating,1
horse,1
bookmakers,1
shitting,1
sawed,1
overdrive,1
sulfuric,1
malaga,1
assaulted,1
anticipate,1
grey,1
snitches,1
novas,1
substantial,1
vulnerable,1
constructions,1
adrift,1
evasion,1
cave,1
officers,1
swallowing,1
wormed,1
quota,1
sponsored,1
hothouse,1
optical,1
convulse,1
physics,1
hips,1
signaling,1
stalked,1
proofed,1
hyper,1
phenomenon,1
stunned,1
tener,1
hyped,1
pocketed,1
completion,1
northern,1
medicinals,1
flights,1
hardened,1
meanwhile,1
domestic,1
unprotected,1
famous,1
capsule,1
pretending,1
docile,1
catches,1
exhibiting,1
perfume,1
stored,1
x,1
seventeen,1
disapproving,1
lifetimes,1
crackle,1
constellation,1
locals,1
dwarf,1
familiarity,1
conditions,1
piss,1
catalogs,1
generous,1
hubcap,1
substation,1
league,1
mega,1
secrets,1
splice,1
cuts,1
decipher,1
spotting,1
nacional,1
butylated,1
lattice,1
muting,1
threaten,1
instructing,1
packs,1
recalled,1
grills,1
extracted,1
governor,1
fleet,1
guide,1
loop,1
erupting,1
tongued,1
confound,1
rulers,1
bellowed,1
loosened,1
grant,1
undirected,1
madly,1
grand,1
conflict,1
lawyers,1
dime,1
bonus,1
overweight,1
000,1
feds,1
cleaning,1
tufts,1
encircle,1
wedged,1
wedges,1
chord,1
wetdream,1
judgments,1
shivering,1
inlets,1
praying,1
retirement,1
conjured,1
cemetery,1
weightlessness,1
lacking,1
genetically,1
flojo,1
paramilitary,1
inviting,1
submission,1
envisioned,1
manifest,1
eel,1
provoking,1
ingratiating,1
saddled,1
pedicab,1
brakes,1
fathers,1
urgent,1
pathetically,1
accelerating,1
bruising,1
troglodytes,1
delivered,1
thyroxine,1
rub,1
fresco,1
processing,1
rug,1
chickenshit,1
raspberry,1
simulation,1
shins,1
shiny,1
dude,1
anteroom,1
distancing,1
rolls,1
renewal,1
caresses,1
heritage,1
bender,1
frost,1
hail,1
circuits,1
chromed,1
accustomed,1
willed,1
yage,1
dampness,1
gecko,1
kidney,1
sullen,1
amounts,1
nah,1
mantises,1
stagnancy,1
transport,1
calculating,1
kansas,1
pretended,1
william,1
e,1
resolving,1
orbit,1
depth,1
flagwaver,1
afterimages,1
ammonia,1
micrographer,1
wizard,1
friendly,1
scorched,1
infinite,1
logos,1
squeaked,1
slopped,1
exits,1
asparagus,1
positions,1
watered,1
download,1
geometrics,1
opaque,1
marketed,1
vampire,1
experiment,1
rotted,1
appreciator,1
accomplices,1
blimps,1
outers,1
papier,1
chant,1
veered,1
bookkeeper,1
commendable,1
examining,1
inflection,1
impassiveness,1
nearest,1
remains,1
congratulated,1
crab,1
hydro,1
bureaucracy,1
consumerism,1
cabalistic,1
shorting,1
donut,1
arches,1
certainty,1
halloween,1
sought,1
slumming,1
sentiments,1
instinctively,1
filament,1
skated,1
fatigue,1
bloodstream,1
diabolical,1
feels,1
crazed,1
superimposing,1
competing,1
cuestion,1
pancreases,1
strikingly,1
guerrilla,1
walnut,1
stenciled,1
alexander,1
pins,1
gloved,1
grumbling,1
university,1
magnitude,1
mode,1
nationals,1
upward,1
cowered,1
chunk,1
secretly,1
diagonal,1
clenching,1
strap,1
attending,1
drowning,1
myotoxins,1
geometry,1
route,1
projectile,1
timed,1
splintered,1
designed,1
succeeds,1
disembodied,1
precisely,1
revealed,1
tinkering,1
mal,1
attach,1
final,1
paved,1
groggily,1
malibu,1
piloted,1
manipulation,1
fuzzy,1
epidermal,1
girdle,1
claim,1
firework,1
distinguished,1
exhibit,1
rhythmic,1
dowith,1
unchanged,1
carrots,1
grayish,1
recessed,1
cienega,1
beefy,1
pursued,1
battles,1
tactic,1
sufficiency,1
mongrel,1
medals,1
mechanically,1
awe,1
stereo,1
upset,1
prickle,1
clipping,1
splintering,1
crate,1
obsequious,1
florentino,1
shield,1
partners,1
untimely,1
gelatinous,1
rasp,1
sulfur,1
whirred,1
slows,1
bonaventure,1
mgm,1
joins,1
assistants,1
gras,1
tuned,1
computed,1
obliterating,1
luckiest,1
nightmare,1
convince,1
carapace,1
correctly,1
kidneys,1
attention,1
keg,1
joao,1
defense,1
revitalized,1
plankton,1
torn,1
tuesday,1
erased,1
poem,1
bricked,1
relying,1
lucite,1
isolating,1
kicks,1
neuroblast,1
encompassed,1
hesitant,1
intimidate,1
spiderwebs,1
gucci,1
klipsch,1
mythology,1
periods,1
comets,1
examined,1
blazed,1
backslap,1
northwest,1
schematic,1
habitats,1
fanatics,1
eccentric,1
conspiratorially,1
frequently,1
transaction,1
47,1
awning,1
spastic,1
increasingly,1
claiming,1
accurate,1
purifier,1
sources,1
laurel,1
unmoving,1
details,1
ample,1
disappearance,1
crushed,1
livid,1
bottoms,1
glazing,1
rots,1
fingerprints,1
shed,1
marveling,1
belonged,1
warmer,1
helplessness,1
pinpoint,1
graininess,1
appreciative,1
medieval,1
shrilled,1
phantoms,1
shakily,1
refuge,1
staked,1
anchorage,1
madame,1
beige,1
airlock,1
reptile,1
tourists,1
primal,1
additions,1
pointless,1
accused,1
epilogue,1
assisted,1
relegated,1
inner,1
panhandler,1
hazardous,1
hi,1
gain,1
courts,1
radoslav,1
noon,1
garbage,1
projecting,1
leathers,1
leathery,1
mechanics,1
flecked,1
paralizados,1
universal,1
penny,1
urns,1
beats,1
crystals,1
diego,1
functions,1
meteor,1
chemist,1
radially,1
foil,1
pathways,1
doggedly,1
sphinx,1
persistent,1
watercolors,1
unsteadily,1
compromised,1
aided,1
pardon,1
orbiters,1
schmuck,1
buddy,1
tremors,1
trousers,1
teaching,1
dutch,1
vase,1
dynasty,1
companies,1
indefinitely,1
convenience,1
greenish,1
quilt,1
orifices,1
helices,1
pace,1
integrity,1
panama,1
hazy,1
snared,1
med,1
cardboard,1
tapes,1
heeled,1
plea,1
campaign,1
hiya,1
specifics,1
watering,1
survive,1
gilding,1
peeping,1
advance,1
composite,1
expose,1
inhabited,1
whack,1
movies,1
suggestive,1
root,1
unmarked,1
climax,1
honey,1
wrenched,1
cursory,1
aging,1
replacing,1
meridians,1
maintain,1
operations,1
fetus,1
eavesdropping,1
baiting,1
pleasurably,1
differently,1
overcome,1
pleasurable,1
necrophiliacs,1
bankroll,1
marbles,1
ventilation,1
fringes,1
roast,1
milan,1
taught,1
glinting,1
stealing,1
navy,1
jell,1
thoroughfares,1
pussies,1
content,1
pagodas,1
whiff,1
jetfoils,1
ramon,1
flows,1
mistress,1
greasy,1
nietzsche,1
signature,1
fuckin,1
pamphleteers,1
chew,1
grade,1
oracles,1
featured,1
disappearing,1
assortment,1
nastiness,1
clattering,1
gym,1
gambled,1
digs,1
symptom,1
affront,1
enabled,1
bitterness,1
williams,1
hallucination,1
evaporated,1
spotter,1
seep,1
stomping,1
modern,1
deprived,1
ming,1
kamakura,1
dared,1
tells,1
solids,1
chess,1
aguardiente,1
cassettes,1
regular,1
observation,1
annoyed,1
dot,1
selected,1
hunger,1
visitor,1
probe,1
brilliance,1
resisting,1
acne,1
folded,1
cripple,1
judged,1
folks,1
quieres,1
endorse,1
patted,1
earl,1
earn,1
bay,1
mayor,1
decides,1
fascinating,1
hydrocarbon,1
sorta,1
scrap,1
pets,1
sorts,1
tolerance,1
lazy,1
dismembered,1
throaty,1
carnivorous,1
bronzed,1
elastomer,1
amazing,1
ernst,1
contribution,1
uno,1
motioning,1
hygiene,1
lick,1
stubby,1
recut,1
nicer,1
asks,1
mythological,1
patrolling,1
basic,1
exactamente,1
greyhound,1
koto,1
stratosphere,1
diaphragm,1
sushi,1
iv,1
sequined,1
shame,1
cans,1
convulsively,1
drawstring,1
filtered,1
sodden,1
bells,1
sacramento,1
blandly,1
delight,1
renaissance,1
scale,1
vibrated,1
jealous,1
stiffened,1
weakly,1
fashionable,1
drowsily,1
rebellions,1
kinks,1
identify,1
masse,1
buyers,1
infinitely,1
assassination,1
ducts,1
erected,1
dignity,1
performing,1
jars,1
disillusioned,1
zombies,1
notorious,1
flattered,1
fingering,1
straightening,1
tripped,1
ignore,1
tracked,1
carts,1
electromagnetic,1
newscasters,1
bolo,1
sift,1
confrontation,1
bury,1
wept,1
assault,1
magazine,1
afternoon,1
mixture,1
indians,1
chippie,1
muchto,1
annoyance,1
vacated,1
surrender,1
atrocities,1
especially,1
lilies,1
tack,1
streaming,1
whiskey,1
stages,1
musk,1
sticks,1
classic,1
covers,1
thunk,1
tarnished,1
graft,1
marking,1
digital,1
ribbons,1
bauble,1
utilities,1
diet,1
enhancers,1
topanga,1
restored,1
overdue,1
limbless,1
souls,1
cougars,1
bomber,1
hijacked,1
breathy,1
technique,1
answered,1
reptiles,1
string,1
advised,1
din,1
dig,1
vamonos,1
pedicabs,1
shoe,1
unexpected,1
copy,1
estos,1
suspect,1
install,1
frosting,1
cuckoo,1
shift,1
bruises,1
spheres,1
diagnosed,1
suggestion,1
finer,1
bruised,1
absorbers,1
enorme,1
histories,1
sympathetic,1
visit,1
terrarium,1
sharpen,1
acceptable,1
olive,1
metallically,1
ponchos,1
scramblers,1
concocted,1
pleated,1
sample,1
cladding,1
anabolic,1
tilt,1
pint,1
rivaled,1
maw,1
max,1
mao,1
borrowing,1
lsd,1
shaky,1
wishing,1
entity,1
stability,1
lyric,1
argued,1
ytizing,1
gato,1
policy,1
deducting,1
sterility,1
finance,1
tucked,1
axons,1
markings,1
patter,1
arrows,1
careless,1
hijack,1
liberating,1
latin,1
morning,1
dioxide,1
nudes,1
assurance,1
sideways,1
mechanisms,1
sparkled,1
waiter,1
desultory,1
exotic,1
cheese,1
damocles,1
mirthlessly,1
americans,1
crip,1
singling,1
arch,1
tuxes,1
gaudy,1
streaked,1
accurately,1
blurred,1
10,1
goddesses,1
hunch,1
16,1
camouflaged,1
seam,1
conspiracy,1
onnogata,1
foreigner,1
shocked,1
potential,1
interior,1
performance,1
sameness,1
cooing,1
bets,1
teflon,1
insanity,1
beta,1
massacred,1
surprising,1
napkin,1
scowl,1
voodoo,1
safetybelt,1
cravat,1
orientalized,1
jordanian,1
drawings,1
takin,1
teeny,1
dice,1
disconcerting,1
pegged,1
awareness,1
ranking,1
hostage,1
gee,1
sisyphus,1
nouveau,1
bearings,1
farmacia,1
ruptured,1
worrying,1
transdermal,1
seas,1
relative,1
declares,1
eliminating,1
eyepiece,1
nightscape,1
klieg,1
boundaries,1
permeated,1
diamonds,1
geometric,1
oversized,1
condensing,1
signaled,1
ja,1
according,1
blasts,1
dated,1
decimals,1
stretches,1
cancer,1
terse,1
refocused,1
arcades,1
associated,1
comprehend,1
unusual,1
ucla,1
workshop,1
acre,1
shakers,1
quack,1
educated,1
squash,1
spills,1
turtled,1
investigating,1
philosophies,1
rammed,1
scavenger,1
everyday,1
bags,1
pepe,1
lava,1
locusts,1
extender,1
geishas,1
totally,1
weave,1
hispanics,1
doves,1
roughly,1
bumping,1
amazed,1
lumbered,1
crossbars,1
adjustments,1
sights,1
bowie,1
forgo,1
exhaled,1
shapeless,1
dissected,1
admitting,1
tensed,1
railroad,1
aiming,1
vertically,1
spigot,1
serves,1
audience,1
escalators,1
goldleaf,1
jews,1
titan,1
ascent,1
spasm,1
booming,1
genetics,1
lotta,1
confirm,1
colonial,1
footing,1
ovens,1
caring,1
embankment,1
broker,1
roaming,1
stations,1
fringe,1
generated,1
mounting,1
fallacy,1
beacons,1
whiter,1
blessed,1
pleasantry,1
pharmaceutical,1
downed,1
brute,1
dreaming,1
lions,1
mornings,1
deepened,1
strikes,1
chambered,1
wiping,1
staircases,1
walkway,1
arranged,1
finial,1
jabbing,1
vhf,1
moles,1
rapids,1
deem,1
hound,1
fill,1
assessing,1
lovemaking,1
brando,1
overcame,1
revolve,1
remote,1
haired,1
husky,1
caste,1
suns,1
suburban,1
disassembled,1
worms,1
talks,1
hideout,1
hideous,1
righted,1
subterranean,1
betadine,1
celebrity,1
grubs,1
fivers,1
alms,1
mistaking,1
blared,1
pettiness,1
undulated,1
westerner,1
straighten,1
perspective,1
lawyer,1
affectation,1
ribbon,1
creatures,1
residue,1
centering,1
carcass,1
stool,1
cylindrical,1
sunning,1
christs,1
speeches,1
substance,1
putty,1
splashes,1
emptied,1
zagging,1
noorden,1
error,1
dispatching,1
aperture,1
sincere,1
pawing,1
staggering,1
dez,1
stacking,1
morto,1
reliving,1
siren,1
awkward,1
parenchymatous,1
uprising,1
questioning,1
salaam,1
statuary,1
reappeared,1
trois,1
coax,1
spoon,1
sexless,1
chimeric,1
surrealist,1
perpetually,1
spook,1
surrealism,1
24,1
hundredth,1
pens,1
pests,1
sodium,1
calluses,1
matrices,1
thinning,1
microscopic,1
clamor,1
callused,1
ication,1
toothy,1
detour,1
grubby,1
frigid,1
oki,1
viewers,1
groped,1
ports,1
wrappers,1
harm,1
ripple,1
backpacks,1
insurance,1
lovers,1
pubescent,1
extraordinary,1
terminals,1
senor,1
inhalant,1
benefits,1
embraced,1
copped,1
bloodied,1
plexus,1
procession,1
draped,1
muscled,1
peaked,1
b,1
savagery,1
incision,1
curtains,1
creases,1
pacing,1
showers,1
scrubby,1
couch,1
deepening,1
sonics,1
programmers,1
chart,1
serviced,1
depths,1
charm,1
significant,1
extremely,1
drifts,1
weigh,1
joining,1
commissions,1
hugging,1
chimes,1
giant,1
unhappy,1
massing,1
generators,1
batted,1
notation,1
courage,1
contagious,1
spiked,1
pneumatic,1
cynical,1
fluorescents,1
vine,1
microcapsule,1
tender,1
chose,1
enveloped,1
vascular,1
champagne,1
guernica,1
easels,1
blatant,1
aircraft,1
marilyn,1
floats,1
aloe,1
sterling,1
consume,1
dancer,1
changers,1
openness,1
volunteered,1
ravaged,1
platinum,1
mikey,1
vans,1
whitney,1
gag,1
grains,1
bill,1
cluster,1
tiered,1
withdrawing,1
imperialist,1
confining,1
stubbornly,1
limit,1
monroe,1
revolucion,1
torte,1
powerlessness,1
eels,1
keys,1
leopard,1
infused,1
sandals,1
craved,1
percentages,1
freelancers,1
grunts,1
swiss,1
paneling,1
singlehandedly,1
echoing,1
moldering,1
sandakans,1
distracting,1
humoredly,1
transcriptase,1
hated,1
deliberately,1
cum,1
opals,1
unloading,1
bid,1
valleys,1
glimpsed,1
candle,1
pronounced,1
acquaintance,1
maroon,1
decision,1
manipulate,1
lounged,1
clambered,1
carbide,1
tripping,1
feigning,1
piled,1
beans,1
misplaced,1
jimmy,1
frames,1
lesson,1
jockey,1
chirico,1
macules,1
pharmaceuticals,1
immortality,1
manifested,1
grillwork,1
translate,1
errant,1
unwrapping,1
directed,1
rejection,1
originals,1
casablanca,1
historically,1
clips,1
curt,1
units,1
inferred,1
pincers,1
necks,1
appetizing,1
dimmed,1
assassinate,1
heir,1
smoothly,1
fished,1
lens,1
lent,1
thermoplast,1
freeways,1
mantel,1
overlooking,1
biotics,1
cavity,1
presenting,1
valves,1
washers,1
discards,1
grays,1
disintegration,1
webwork,1
giddily,1
blaze,1
atlas,1
gravel,1
bottomed,1
dessert,1
elektronisches,1
surgeon,1
respectful,1
glicene,1
mottled,1
havens,1
uncomfortably,1
carotid,1
mural,1
today,1
uncomfortable,1
depression,1
buckling,1
chewed,1
splinters,1
kyoto,1
exercise,1
3d,1
chrissake,1
healing,1
extreme,1
remark,1
38,1
rueful,1
principally,1
honor,1
privately,1
oval,1
bested,1
patron,1
asteroid,1
charcoal,1
bungalows,1
prizes,1
harvest,1
f,1
interlukin,1
parquet,1
proportions,1
syrupy,1
fulfillment,1
native,1
daring,1
lame,1
timetables,1
regions,1
aft,1
watery,1
stasis,1
philosophy,1
deliriously,1
bind,1
chief,1
adjust,1
institutional,1
wilds,1
looping,1
circumscribed,1
horny,1
galaxy,1
industries,1
revived,1
le,1
koan,1
acres,1
criminal,1
dad,1
junction,1
pangs,1
toshiba,1
sonata,1
wads,1
straddling,1
stunts,1
frayed,1
radiant,1
speared,1
identified,1
crudely,1
l5,1
gazing,1
bueno,1
apologize,1
programmed,1
junkie,1
burdened,1
calibrate,1
huntington,1
thermoplastic,1
goddess,1
retrieved,1
payroll,1
fractal,1
bleed,1
skateboard,1
sorrowful,1
braced,1
sack,1
sloped,1
microscopes,1
sadly,1
elizabethan,1
vishnu,1
immovable,1
vagina,1
rippled,1
nut,1
cabin,1
scans,1
sixteenth,1
environmental,1
skeptically,1
resist,1
furnishings,1
shrapnel,1
tenements,1
loves,1
visited,1
passports,1
tidy,1
tide,1
mil,1
concerns,1
parka,1
firefly,1
payment,1
gullet,1
stranded,1
irregularity,1
graphs,1
rendezvous,1
cartels,1
planks,1
absorbing,1
brigidio,1
thicket,1
gasping,1
thicker,1
prolong,1
unfortunates,1
scuttling,1
fumbled,1
regularly,1
lobe,1
stripes,1
perfection,1
striped,1
superstructures,1
substrate,1
calling,1
tightening,1
exists,1
groggy,1
taiwanese,1
intensity,1
enhanced,1
progress,1
janes,1
netting,1
horizontally,1
firmness,1
barretta,1
commenting,1
attributed,1
powerless,1
assure,1
insidious,1
otherwise,1
comment,1
overcoat,1
monstrosity,1
mafia,1
basing,1
technocratic,1
hellish,1
ah,1
copied,1
clusters,1
napoleon,1
holiday,1
atmospheric,1
planetarium,1
plain,1
advisable,1
pheromone,1
yokohama,1
delusion,1
arrangements,1
ax,1
partner,1
tumbled,1
grinder,1
neurotransmitters,1
dali,1
brightened,1
twelfth,1
sauna,1
breech,1
tighter,1
lepromatous,1
disappears,1
coaster,1
barking,1
fingerprint,1
carajo,1
underlying,1
voltage,1
flashlight,1
ads,1
cybernetic,1
tests,1
bewilderment,1
wink,1
displaced,1
incomprehensible,1
success,1
chica,1
funniest,1
awash,1
propel,1
garrets,1
headlights,1
regain,1
pepper,1
worthy,1
periodically,1
noisy,1
retribution,1
actual,1
erratic,1
tailed,1
fleshy,1
tomb,1
ropes,1
rendered,1
obliterated,1
esteem,1
female,1
stainless,1
vegetables,1
1988,1
ivory,1
preparations,1
related,1
embargo,1
genitals,1
hop,1
mists,1
deaths,1
whisper,1
pie,1
crusade,1
oak,1
detail,1
surreal,1
ledge,1
incubating,1
seismic,1
stirred,1
yelp,1
resolution,1
limited,1
hating,1
frostbite,1
tapetums,1
stationery,1
tweed,1
ceramic,1
risk,1
fragmenting,1
jack,1
softened,1
fireplace,1
pooled,1
supports,1
formica,1
relics,1
glued,1
parted,1
banderas,1
almond,1
frosted,1
fixtures,1
ccd,1
organisms,1
beaten,1
gurgling,1
supplied,1
communiqu,1
supplier,1
disney,1
orgies,1
pratt,1
studio,1
ethanol,1
property,1
proportioned,1
mantis,1
museums,1
ridiculed,1
patience,1
punching,1
kusairigama,1
biomorphic,1
fainting,1
mush,1
coffins,1
muse,1
excellent,1
abundance,1
brandishing,1
dizzy,1
dove,1
salvage,1
culpability,1
ingenuity,1
bilaterally,1
walkways,1
attract,1
intruders,1
rhinoceros,1
toxin,1
charging,1
tiredly,1
kalashnikov,1
lump,1
predicated,1
airless,1
salsa,1
girders,1
snarling,1
transcultural,1
complexity,1
executed,1
underside,1
ima,1
cauterized,1
fittings,1
dumpsite,1
destroyer,1
writing,1
leached,1
condition,1
inventory,1
diseases,1
confuse,1
bouts,1
diseased,1
ingested,1
anesthetics,1
cloisonn,1
chuck,1
pastels,1
nitrite,1
celebrating,1
lugged,1
reminding,1
lair,1
fevers,1
desertion,1
associate,1
formation,1
soda,1
recite,1
pyrex,1
fantasy,1
philosophical,1
insulation,1
thefirst,1
discotheque,1
unbroken,1
negotiating,1
sync,1
compressor,1
western,1
pyramidal,1
frankly,1
bloated,1
prong,1
expo,1
arraignment,1
handkerchief,1
pylon,1
nipples,1
traditionally,1
client,1
cigars,1
audition,1
coil,1
explosives,1
treaty,1
orderly,1
enterprise,1
guilted,1
sage,1
solutions,1
queer,1
bail,1
spite,1
studiously,1
announce,1
parlayed,1
dispatchers,1
waltz,1
sunglasses,1
asbestos,1
blinking,1
windblown,1
amazon,1
pouting,1
undressed,1
countries,1
anxiously,1
plush,1
penance,1
eleven,1
steal,1
hourglass,1
combustion,1
approach,1
discovery,1
rims,1
oxidation,1
incarnation,1
nightmares,1
hachimaka,1
coltish,1
irregular,1
fault,1
strobes,1
players,1
mildly,1
strobed,1
expense,1
confidences,1
naku,1
november,1
tornillo,1
coalesced,1
swerved,1
belongs,1
diskettes,1
tensing,1
fleeting,1
pecked,1
glided,1
caduceus,1
reddening,1
ugliest,1
erratically,1
natives,1
undercarriage,1
experts,1
hydroponically,1
niku,1
unbearable,1
unyielding,1
riffs,1
cycle,1
shortly,1
vacuumed,1
bladed,1
incapable,1
alarms,1
snowman,1
bugger,1
newsrag,1
thumbs,1
dopamine,1
monitored,1
sacredness,1
kelp,1
technological,1
transit,1
upwind,1
exxon,1
appearing,1
ditto,1
diving,1
broadcaster,1
willows,1
rustling,1
successfully,1
chests,1
roamed,1
intellect,1
memos,1
companions,1
zoot,1
psilicybe,1
cord,1
toluene,1
shards,1
caulk,1
trustworthy,1
civil,1
puke,1
carafe,1
finely,1
engulf,1
anorexia,1
rely,1
minted,1
comparing,1
omen,1
unfocused,1
fought,1
companeros,1
dichromatic,1
intolerance,1
attempted,1
spam,1
humiliate,1
viva,1
portions,1
muster,1
mannequins,1
clawed,1
latch,1
displeasure,1
fury,1
labia,1
radically,1
commercials,1
tin,1
confusing,1
tic,1
node,1
uniformly,1
trailers,1
buddhists,1
discharge,1
flushed,1
scratchy,1
digested,1
backward,1
stacks,1
neighbors,1
deliveries,1
remarkably,1
discern,1
injure,1
massingfor,1
contemplating,1
environment,1
broadly,1
frequencies,1
unfamiliar,1
artwork,1
penises,1
impressive,1
standards,1
application,1
slower,1
pilfered,1
bake,1
hymn,1
contracted,1
reply,1
witch,1
dissipated,1
cork,1
supplying,1
sleepwalk,1
healthy,1
grounded,1
sixties,1
resonance,1
navigation,1
emerge,1
pirhana,1
inducing,1
ethiopian,1
morale,1
paralyzed,1
bulbs,1
vivid,1
dalis,1
mannlicher,1
handles,1
prey,1
undersea,1
hogtie,1
lawns,1
neglected,1
chocolate,1
equivalents,1
employed,1
impenetrable,1
ferro,1
flagship,1
slightest,1
vertiginous,1
distillation,1
critic,1
counting,1
hydrogen,1
swedish,1
plunging,1
afterlife,1
brand,1
tapestry,1
fourth,1
plus,1
etched,1
clattered,1
eighty,1
birthday,1
dexedrine,1
floral,1
curing,1
otoko,1
amuse,1
glancing,1
representation,1
increase,1
imagining,1
honeywagon,1
furnished,1
inhalers,1
farmed,1
apex,1
handgun,1
decryption,1
nomads,1
radicals,1
feathered,1
wagon,1
receivership,1
muchas,1
cornerstones,1
individually,1
torch,1
phalanx,1
factory,1
attracted,1
overflowing,1
jacking,1
theory,1
booby,1
hull,1
electrified,1
hulk,1
browed,1
shh,1
pancake,1
roofless,1
butterflies,1
unborn,1
motherfuckers,1
ammo,1
spiraled,1
fetched,1
soaring,1
necessarily,1
europe,1
halide,1
terrifying,1
bounty,1
gives,1
releases,1
cope,1
circulated,1
prosthesis,1
akasaka,1
population,1
require,1
officials,1
outcome,1
decoded,1
pro,1
confessed,1
prostitution,1
pry,1
batting,1
gantry,1
chuckling,1
wandered,1
ideal,1
animation,1
resembling,1
dynamited,1
trefoil,1
convolusions,1
icon,1
pencils,1
geographic,1
neuro,1
closet,1
hungry,1
beaded,1
glutton,1
shrieking,1
trod,1
spacer,1
hustler,1
trot,1
woolen,1
multiplexers,1
written,1
shimmer,1
winged,1
viper,1
hovercrafts,1
reveal,1
regarding,1
radar,1
floods,1
naked,1
jokes,1
clowns,1
discussing,1
encourages,1
violated,1
innards,1
bargain,1
turntable,1
encouraged,1
indentured,1
detect,1
commitments,1
inhibitors,1
toying,1
synthetics,1
fiddling,1
reaction,1
efficiency,1
contract,1
berry,1
quien,1
senator,1
weekly,1
sealant,1
shurikens,1
por,1
turkey,1
prosaically,1
rhinestones,1
coupe,1
shuddering,1
peaceful,1
confessions,1
gagarin,1
blessing,1
cupping,1
slippery,1
hunts,1
telephone,1
whimpering,1
rungs,1
fender,1
unrolled,1
locking,1
manila,1
reminder,1
hermit,1
booths,1
nest,1
weed,1
driven,1
limped,1
flaked,1
weakened,1
caressing,1
ranch,1
inability,1
bodhisattva,1
splices,1
guided,1
chador,1
violent,1
spliced,1
kilo,1
polish,1
satin,1
announcement,1
corks,1
samba,1
shrine,1
dully,1
hotdogs,1
carpeting,1
kills,1
mugged,1
schedules,1
correcting,1
implant,1
outlet,1
particle,1
kennedy,1
9354a,1
oddly,1
filigreed,1
leningrad,1
beedees,1
cowboys,1
kadrey,1
slice,1
slick,1
painlessly,1
footsie,1
compulsion,1
desoxyn,1
quit,1
beached,1
beaches,1
haloed,1
od,1
reinforcing,1
datapatches,1
ox,1
bloodless,1
tribe,1
charts,1
theoretically,1
tantric,1
relocation,1
cordite,1
cultures,1
morrison,1
catholics,1
relic,1
vested,1
regard,1
matronly,1
sleaze,1
grasp,1
strongly,1
politico,1
frighten,1
cringed,1
aced,1
britain,1
accusingly,1
aces,1
protruded,1
gram,1
trash,1
babylon,1
contradicted,1
included,1
psychology,1
semicircle,1
tetrahydrocanabinol,1
assassins,1
applause,1
variegated,1
treason,1
transports,1
ladders,1
throated,1
acquaintances,1
boxcars,1
disk,1
vampires,1
lining,1
opportunities,1
soles,1
stimulus,1
grandfather,1
blankly,1
fringing,1
bopper,1
imported,1
anniversary,1
overload,1
frightens,1
scowling,1
prosaic,1
doorframe,1
seeping,1
varnish,1
squatting,1
mayanists,1
observing,1
supplements,1
horrified,1
stiffness,1
gleeful,1
imaging,1
sticking,1
refitting,1
appliances,1
loping,1
proceed,1
seaward,1
bulge,1
darting,1
fossilizing,1
pairs,1
throwers,1
ouija,1
wrestled,1
unblemished,1
toxins,1
equation,1
patchouli,1
shakyamuni,1
palest,1
embarrassing,1
salted,1
feebly,1
sectioned,1
abandonment,1
imitation,1
pond,1
offspring,1
scratchers,1
cleansing,1
buenos,1
goat,1
elective,1
algebra,1
ballsy,1
fungus,1
proclaimed,1
dissolving,1
shady,1
grande,1
encased,1
headlight,1
mission,1
outraged,1
concentric,1
avenue,1
glide,1
susceptible,1
acoustical,1
boneless,1
bout,1
negroid,1
screwing,1
hunter,1
predator,1
huskier,1
nucleus,1
nephews,1
turns,1
hammering,1
friendship,1
nicotine,1
oppressed,1
croaking,1
belgian,1
navigational,1
hilt,1
hydraulic,1
lucifer,1
cookie,1
hots,1
generate,1
thread,1
stampede,1
deja,1
dustings,1
limestone,1
radical,1
churning,1
construct,1
bland,1
corporal,1
passes,1
breathless,1
financed,1
hangs,1
pensioned,1
syrup,1
outcropping,1
attendants,1
amplifiers,1
king,1
throttle,1
outrageous,1
illegals,1
risks,1
dispenser,1
stale,1
restful,1
tongues,1
cleaner,1
vanes,1
hexagonal,1
cropped,1
bacteria,1
architects,1
rarefied,1
storefronts,1
adder,1
seasons,1
doggie,1
dissolved,1
undulations,1
notch,1
reassembled,1
piezoelectric,1
testicles,1
starters,1
betray,1
hip,1
cots,1
ceremoniously,1
furnaces,1
whistle,1
verbalizing,1
necked,1
bars,1
pvc,1
arc,1
reverberations,1
declined,1
mullahs,1
nailed,1
overstuffed,1
corruption,1
obscenities,1
leavings,1
sole,1
prelude,1
inertia,1
movers,1
riddled,1
baseball,1
cynic,1
guts,1
nipping,1
hollowly,1
nettles,1
startling,1
dun,1
due,1
refrigeration,1
armory,1
softest,1
dreamily,1
earnestly,1
batch,1
incognita,1
snicked,1
alpheratz,1
welding,1
blurted,1
misfiring,1
ecstasy,1
lodged,1
rid,1
cavernous,1
cumulus,1
peoples,1
shirk,1
negotiate,1
switchbacks,1
brooding,1
chickens,1
edgy,1
reincarnated,1
prince,1
majority,1
treacle,1
exclusively,1
tuxedo,1
tormented,1
rhinovirus,1
astringent,1
necessary,1
garrote,1
translators,1
ulcers,1
litter,1
uppercut,1
clown,1
humpbacked,1
biodata,1
ampecillin,1
upraised,1
vaccine,1
projector,1
gamma,1
undoing,1
unnoticed,1
johns,1
holster,1
stitches,1
featureless,1
lone,1
creaked,1
absolutamente,1
files,1
plunge,1
skewers,1
refined,1
catwalks,1
searching,1
filed,1
crane,1
junior,1
raising,1
stalking,1
diagrams,1
worthwhile,1
coordinator,1
geosector,1
archbishop,1
teams,1
cojones,1
cinemex,1
muddled,1
problems,1
amphetamine,1
dodging,1
mardi,1
issued,1
leap,1
fences,1
mewing,1
carny,1
electron,1
posture,1
incoherent,1
noted,1
curtly,1
goodies,1
sensation,1
hulked,1
reunion,1
stimulator,1
defenses,1
capital,1
ammunition,1
refilled,1
gaily,1
desires,1
ukraine,1
distressed,1
spines,1
armpit,1
shaded,1
chipped,1
scaled,1
comsat,1
fee,1
germ,1
garbled,1
examination,1
antioxidants,1
ionizers,1
automobile,1
possession,1
inclined,1
musician,1
impress,1
rabbit,1
sculptor,1
slaps,1
civvies,1
ordained,1
thirsty,1
anemone,1
rapt,1
archetypal,1
tan,1
scarring,1
tickling,1
japs,1
sie,1
struggled,1
cupboard,1
unnaturally,1
recognizes,1
sculptures,1
packets,1
budge,1
improvised,1
multiplexer,1
pulsed,1
saturated,1
inforced,1
coolly,1
equally,1
quake,1
superior,1
glee,1
cometary,1
receptacles,1
bye,1
conovers,1
belted,1
practice,1
oxidizing,1
untouchable,1
emerald,1
fled,1
transmitter,1
clippings,1
profound,1
eased,1
transmitted,1
beveled,1
cocoon,1
bills,1
prosel,1
fusing,1
bombay,1
chaos,1
rites,1
york,1
dumpster,1
stupidity,1
musculature,1
bulky,1
tokamak,1
laughingly,1
unknown,1
accent,1
leadfooted,1
boil,1
doomed,1
transistor,1
commodity,1
screeching,1
ringed,1
florid,1
oozing,1
agency,1
alienating,1
fetish,1
patchy,1
damply,1
class,1
photostats,1
balding,1
chances,1
longevity,1
docilely,1
neurotoxin,1
superimposed,1
highest,1
craziness,1
clutching,1
transmits,1
surroundings,1
abutted,1
neared,1
checkpoints,1
tareja,1
mouthful,1
homosexuals,1
moaned,1
acutely,1
avoidable,1
buzzer,1
workbench,1
ebb,1
acquired,1
module,1
distantly,1
violet,1
bacteriophage,1
mexicana,1
musky,1
favor,1
wetting,1
weighing,1
glimmered,1
takeover,1
probing,1
underwear,1
swift,1
stucco,1
acknowledge,1
broadside,1
stirring,1
irezumi,1
clogged,1
shoving,1
environments,1
smoldering,1
missile,1
celebratethe,1
narrowed,1
rimming,1
hunters,1
transformer,1
butchers,1
mike,1
tissues,1
nickel,1
thrusting,1
revivalist,1
painter,1
unlike,1
ribovirin,1
wilt,1
vanilla,1
influential,1
hovering,1
riche,1
malls,1
whore,1
pilgrimages,1
unite,1
inch,1
privileged,1
overpasses,1
octagon,1
beast,1
warming,1
gutter,1
breaker,1
bending,1
wealthy,1
batteries,1
fishing,1
panther,1
attractive,1
stowed,1
identical,1
press,1
variants,1
coincidence,1
incredibly,1
loser,1
loses,1
agents,1
vortices,1
platforms,1
butchered,1
supple,1
staccato,1
ability,1
paste,1
furtive,1
throne,1
rare,1
saddle,1
spacemen,1
shipping,1
sighting,1
fatally,1
cocked,1
crossbows,1
warrants,1
tag,1
dispossessed,1
yanked,1
eh,1
nuke,1
septuagenarians,1
transfer,1
intention,1
dyeddifferent,1
breeding,1
throttled,1
triggered,1
bitches,1
metrophage,1
automated,1
polyvinyl,1
distract,1
catching,1
graphite,1
cottony,1
cake,1
geckos,1
unfolding,1
goodness,1
counteract,1
incredible,1
guitarist,1
smears,1
roars,1
branch,1
ventilating,1
migra,1
illegally,1
shredded,1
hisright,1
kinda,1
alienated,1
dearly,1
jewel,1
intentionally,1
