billy,800
said,324
one,202
war,147
would,145
time,142
like,141
pilgrim,122
goes,109
people,106
weary,102
could,99
two,98
back,98
went,97
going,96
old,92
dresden,87
came,83
told,81
made,76
little,72
trout,71
man,67
american,65
see,62
americans,62
dead,59
know,58
go,57
much,56
way,56
asked,55
night,55
still,55
derby,54
home,54
day,54
got,54
book,54
years,53
never,53
world,52
new,52
things,50
three,50
another,49
father,49
right,48
even,48
though,48
come,48
saw,46
thing,46
get,46
men,45
good,45
lazzaro,45
say,44
many,44
valencia,44
everybody,44
around,43
found,43
poor,43
bed,43
seen,43
looked,43
ilium,42
put,41
rumfoord,41
read,41
first,41
away,40
thought,40
lot,39
eyes,39
big,38
god,38
tralfamadore,37
door,37
really,37
car,37
look,37
ever,37
room,36
make,36
wanted,36
next,35
high,35
think,35
every,35
head,35
knew,34
long,34
hospital,34
without,34
life,33
gone,33
german,33
well,33
shot,33
mother,33
four,32
death,32
boy,32
rosewater,32
end,32
took,32
outside,32
might,32
guards,31
school,31
take,30
air,30
find,30
earth,30
city,29
heard,29
since,29
hare,29
work,28
opened,28
somebody,28
last,27
anything,27
five,27
taken,27
killed,27
woman,27
feet,27
nothing,27
second,26
turned,26
moment,26
nobody,26
blue,26
name,26
inside,25
famous,25
hard,25
supposed,25
white,25
something,25
edgar,24
kilgore,24
course,24
also,24
hundred,24
tell,24
dog,24
died,24
talk,24
sleep,24
gave,24
became,24
anybody,24
called,24
closed,24
babies,23
let,23
face,23
green,23
germans,23
prisoners,23
hands,23
human,23
body,23
top,23
place,23
wife,23
full,22
us,22
books,22
jesus,22
earthling,22
else,22
front,22
tralfamadorians,22
children,22
montana,22
far,22
light,22
want,21
always,21
true,21
year,21
englishman,21
yes,21
somewhere,21
part,21
picture,21
wall,21
later,20
young,20
hand,20
ground,20
boots,20
soldiers,20
began,20
bad,20
roland,20
flying,20
coming,20
days,20
campbell,20
story,20
brought,19
great,19
daughter,19
englishmen,19
tried,19
pretty,19
barbara,19
behind,19
black,19
traveled,19
prison,18
working,18
sometimes,18
fire,18
person,18
making,18
idea,18
twenty,18
given,18
used,18
nice,18
six,18
cross,18
looking,17
doors,17
beautiful,17
lily,17
meant,17
window,17
half,17
stopped,17
scouts,17
000,17
colonel,17
army,17
die,17
train,17
says,17
saucer,17
york,17
alive,16
son,16
along,16
open,16
zoo,16
side,16
baby,16
iron,16
ask,16
sent,16
friends,16
give,16
living,16
stood,16
house,16
times,16
news,16
hear,16
table,16
oh,16
song,16
horses,16
crowd,15
floor,15
small,15
past,15
set,15
earthlings,15
forty,15
kitchen,15
live,15
business,15
history,15
hell,15
food,15
robert,15
left,15
money,15
coat,15
simply,15
either,15
red,15
water,15
least,15
machine,14
tralfamadorian,14
rest,14
gennan,14
gun,14
soon,14
empty,14
russian,14
slaughterhouse,14
lights,14
call,14
girls,14
middle,14
blood,14
ice,14
everything,14
happened,14
written,14
telephone,14
sun,14
english,14
hot,13
silver,13
love,13
dome,13
trying,13
learned,13
close,13
wonderful,13
keep,13
lost,13
whose,13
better,13
musketeers,13
yet,13
among,13
often,13
named,13
eight,13
guard,13
free,13
sort,13
optometry,13
thousands,13
letter,12
beings,12
alone,12
power,12
clock,12
plane,12
standing,12
steel,12
remember,12
space,12
friend,12
held,12
wearing,12
stop,12
nearly,12
enough,12
mary,12
doctor,12
gas,12
boys,12
others,12
except,12
moon,12
shaped,12
waiting,12
covered,12
russians,12
universe,12
hanging,11
chair,11
sat,11
imagine,11
couple,11
move,11
upon,11
moments,11
paul,11
blanket,11
office,11
germany,11
soldier,11
change,11
cold,11
real,11
moved,11
family,11
bag,11
near,11
squad,11
morning,11
across,11
broken,11
laughed,11
planet,11
surgeon,11
must,11
gate,11
onto,11
snow,11
creatures,11
trip,11
naked,11
ten,11
passed,11
syrup,11
lying,11
wrote,11
instead,11
words,11
present,11
carried,11
yellow,10
spoke,10
legs,10
rich,10
child,10
worked,10
happy,10
quartet,10
sang,10
hours,10
movie,10
ago,10
holes,10
word,10
boxcar,10
voice,10
promised,10
dying,10
battle,10
guy,10
airplane,10
write,10
help,10
actually,10
telling,10
eating,10
drunk,10
shed,10
force,10
wars,10
afternoon,10
shit,10
may,10
shoes,10
speaking,10
reading,10
according,10
late,10
done,10
built,10
planes,10
taking,10
street,10
christ,10
writing,10
weak,10
expected,10
wagon,10
sure,10
quiet,10
bodies,10
upstairs,10
teacher,10
crash,10
sick,10
cinderella,10
military,9
golden,9
bomb,9
bottom,9
dollars,9
veterans,9
future,9
thousand,9
optometrists,9
science,9
paper,9
number,9
wildhack,9
law,9
wheel,9
trouble,9
british,9
television,9
forever,9
asleep,9
sixty,9
low,9
seemed,9
quit,9
party,9
clothes,9
third,9
moving,9
mind,9
bar,9
seven,9
bombed,9
talked,9
filled,9
box,9
crazy,9
police,9
sound,9
knife,9
general,9
important,9
secret,9
almost,9
talking,9
fought,9
college,9
fat,9
v,9
electric,9
women,9
watching,9
hobo,9
wild,9
ate,8
listen,8
boston,8
maggie,8
guess,8
enemy,8
line,8
age,8
walked,8
makes,8
fact,8
clocks,8
become,8
yard,8
kept,8
together,8
ring,8
building,8
fairy,8
terrible,8
unstuck,8
liked,8
whatever,8
singing,8
crossed,8
anyway,8
star,8
arms,8
movies,8
cadillac,8
seem,8
shoulder,8
azure,8
teeth,8
french,8
bob,8
main,8
girl,8
eyed,8
miles,8
railroad,8
road,8
shelter,8
diamond,8
hour,8
believe,8
bombers,8
backwards,8
godmother,8
fiction,8
radio,8
wedding,8
public,8
ruins,8
several,8
nk,8
vietnam,8
thirty,8
dropped,8
fourth,8
turn,8
childhood,8
published,8
reminded,8
missed,8
pony,8
corporal,8
windows,8
attention,8
question,8
spoon,8
sir,8
afraid,8
combat,8
ones,8
married,8
owl,8
fingers,7
hole,7
locked,7
locker,7
travel,7
mouth,7
camp,7
played,7
easy,7
believed,7
evidently,7
coats,7
cigarettes,7
bright,7
imagined,7
tears,7
company,7
replied,7
major,7
play,7
writer,7
europe,7
funny,7
hello,7
magic,7
thin,7
staring,7
stage,7
letters,7
worse,7
raid,7
vermont,7
fight,7
caught,7
america,7
fifty,7
nestled,7
theater,7
early,7
twelve,7
pool,7
month,7
fence,7
morphine,7
unconscious,7
guide,7
lips,7
silence,7
started,7
meet,7
muff,7
urn,7
ups,7
answer,7
president,7
enlisted,7
taught,7
loud,7
mine,7
form,7
felt,7
soup,7
firing,7
fuck,7
maybe,7
thank,7
interesting,7
sounds,7
oil,7
running,7
bible,7
eye,7
beginning,7
gluck,7
doctors,7
fine,7
point,7
bill,7
fun,7
absolutely,7
patient,7
remembered,7
chicago,7
stone,7
infantry,7
stories,7
lines,7
prisoner,7
disease,7
overcoat,7
helped,7
lake,7
corpse,7
ivory,7
dressed,7
mr,7
destroyed,7
officer,7
latrine,7
factory,7
optometrist,7
case,7
helmet,7
captured,7
1945,7
arm,7
c,7
understood,7
united,7
flew,7
walk,7
k,6
glass,6
hidden,6
sixteen,6
tree,6
professor,6
pocket,6
canyon,6
marched,6
possibly,6
birth,6
palm,6
leave,6
funeral,6
loving,6
allowed,6
spot,6
pulled,6
civilian,6
million,6
ridiculous,6
slow,6
bombs,6
newspaper,6
dimension,6
burning,6
cream,6
nurse,6
experience,6
knocked,6
states,6
led,6
whole,6
gonna,6
crying,6
inches,6
minerals,6
stand,6
wire,6
less,6
wet,6
government,6
places,6
corpses,6
wore,6
bombing,6
steam,6
thanks,6
cape,6
months,6
chaplain,6
club,6
heart,6
candles,6
ended,6
em,6
drove,6
thinking,6
execution,6
pounds,6
heaven,6
darkness,6
evening,6
heavy,6
drink,6
saucers,6
toward,6
eaten,6
damn,6
anymore,6
parade,6
cotton,6
attack,6
exactly,6
bare,6
merble,6
destruction,6
cruel,6
captain,6
buddy,6
sorry,6
met,6
warm,6
ward,6
meat,6
ditch,6
visitor,6
decided,6
tiny,6
lovely,6
grown,6
pink,6
guys,6
neck,6
tall,6
stupid,6
show,6
jr,6
killing,6
bottle,6
bread,6
deep,6
field,6
narrow,6
particular,6
compound,6
ditched,6
extremely,6
spikes,6
simple,6
atomic,6
hoped,6
honor,6
private,6
collection,6
coughed,6
novels,6
center,6
bum,6
crusade,6
ventilators,6
shook,6
rain,6
1967,6
lenses,6
bathroom,6
containing,6
1944,6
bought,6
pole,6
author,6
week,6
kill,6
hit,6
certainly,6
stick,6
short,6
woke,6
frozen,6
fucking,6
peace,6
traveling,6
sit,6
please,6
knowing,6
opening,6
painted,6
fighting,6
sky,6
whether,6
ranks,6
blade,5
wrong,5
wind,5
truman,5
message,5
shipped,5
shower,5
saying,5
fair,5
rolled,5
kids,5
east,5
guests,5
enemies,5
slightly,5
tear,5
magnetism,5
angry,5
winter,5
quite,5
assistant,5
engaged,5
dark,5
memories,5
rumpus,5
act,5
dirty,5
certain,5
joined,5
regiment,5
glowing,5
candlelight,5
w,5
heads,5
river,5
sex,5
straight,5
cody,5
eve,5
incidentally,5
leg,5
gathered,5
bobbing,5
carrying,5
balls,5
pieces,5
clogs,5
animal,5
realized,5
steering,5
owned,5
stars,5
wounded,5
screamed,5
maori,5
worth,5
smoke,5
lad,5
ladder,5
order,5
coffee,5
safe,5
scene,5
giraffes,5
tons,5
board,5
creek,5
dance,5
berets,5
birds,5
care,5
blind,5
anger,5
lumps,5
dream,5
husband,5
blame,5
comer,5
foot,5
yon,5
moonlight,5
wyoming,5
store,5
described,5
lives,5
grand,5
step,5
seeing,5
within,5
smiled,5
everywhere,5
kidnapped,5
outer,5
powerful,5
able,5
connected,5
cent,5
speaker,5
north,5
barbershop,5
piece,5
gennans,5
downs,5
arrested,5
matter,5
silly,5
subject,5
entered,5
cans,5
dear,5
popular,5
surrender,5
answered,5
finally,5
clerk,5
useful,5
france,5
fly,5
hiroshima,5
sunday,5
waited,5
seat,5
speech,5
nose,5
lions,5
sitting,5
cigars,5
barked,5
town,5
none,5
aged,5
refrigerator,5
burned,5
meeting,5
understand,5
fur,5
cut,5
frames,5
single,5
explaining,5
f,5
reached,5
curves,5
bernard,5
organ,5
calling,5
laugh,5
curtain,5
monograph,5
noise,5
female,5
buy,5
rank,5
watch,5
cufflinks,5
pitiful,5
hung,5
ruined,5
ventilator,5
scrawny,5
stove,5
chocolate,5
sheds,5
ann,5
proud,5
spoons,5
cities,5
color,5
howard,5
nest,5
persons,5
amber,5
valley,5
longer,5
bullets,5
apartment,5
lining,5
known,5
expect,5
feel,5
traveler,5
kind,5
stolen,5
rim,5
mountain,5
arrived,5
questions,5
tables,5
necessary,5
today,5
orange,5
antitank,5
pipe,5
massacre,5
brain,5
job,5
gets,5
scared,5
leader,5
fear,5
woods,4
lord,4
hero,4
music,4
hurt,4
hold,4
wine,4
wisdom,4
best,4
smelled,4
accident,4
spit,4
boiled,4
hat,4
possible,4
sugarbush,4
raised,4
honeymoon,4
smell,4
chain,4
address,4
flatcar,4
structured,4
sam,4
note,4
salt,4
weapons,4
west,4
breath,4
formed,4
former,4
barber,4
summer,4
instrument,4
stranger,4
philadelphia,4
causes,4
smile,4
condition,4
action,4
inquired,4
brace,4
failed,4
insane,4
church,4
pressed,4
pals,4
fresh,4
luxembourg,4
torture,4
animals,4
tied,4
truth,4
glasses,4
scarf,4
staggered,4
gently,4
soap,4
bedroom,4
buttons,4
stuff,4
pistol,4
official,4
total,4
lay,4
eventually,4
bank,4
shrubbery,4
elevator,4
john,4
maiden,4
steak,4
drawn,4
tough,4
speak,4
dozens,4
innocent,4
mistake,4
jerry,4
newspapers,4
bound,4
prayer,4
interested,4
welcome,4
grateful,4
supposedly,4
terror,4
upper,4
usually,4
senile,4
crucifix,4
non,4
fires,4
happen,4
cars,4
pittsburgh,4
wheels,4
worry,4
touch,4
struck,4
lads,4
exciting,4
ceased,4
locomotive,4
stockyards,4
nine,4
yo,4
base,4
beret,4
station,4
lie,4
clear,4
pictures,4
secrets,4
lived,4
chairs,4
run,4
skull,4
ordered,4
stiff,4
strapped,4
control,4
meanwhile,4
basement,4
impresario,4
perfectly,4
tobacco,4
freeze,4
group,4
shoulders,4
boxcars,4
novel,4
fate,4
belonged,4
dug,4
echolalia,4
hm,4
dry,4
aboard,4
mean,4
velvet,4
tales,4
peculiar,4
yonson,4
artificial,4
maneuvers,4
destroy,4
handed,4
jacket,4
wait,4
schenectady,4
mad,4
block,4
cheese,4
pair,4
wonder,4
wake,4
pay,4
department,4
mixed,4
film,4
decorated,4
fall,4
difference,4
ranger,4
operating,4
armed,4
lollipop,4
der,4
mackay,4
playing,4
walls,4
pregnant,4
mental,4
energy,4
pleasant,4
treetops,4
treated,4
dancing,4
courage,4
burner,4
hated,4
source,4
candy,4
flow,4
listening,4
desert,4
sing,4
forest,4
embarrassed,4
supported,4
beat,4
national,4
finished,4
airlock,4
happens,4
rendered,4
hide,4
changed,4
join,4
writers,4
beside,4
potatoes,4
laid,4
denture,4
already,4
murder,4
beard,4
ran,4
1968,4
yank,4
faces,4
pecker,4
wound,4
gift,4
escape,4
christmas,4
heat,4
eternity,4
brother,4
huge,4
belts,4
cleared,4
woolen,4
wool,4
innkeeper,4
weet,4
holding,4
porter,4
england,4
roses,4
brass,4
smoking,4
awful,4
trench,4
tee,4
suddenly,4
glad,4
mattress,4
wondered,4
teach,4
seeming,4
double,4
fonn,4
cripples,4
dumb,4
bronze,4
reasons,4
sweet,4
toga,4
machinery,4
self,4
ignore,4
marmalade,4
fast,4
associated,4
warning,4
mustard,4
gang,4
stable,4
leaving,4
use,4
tag,4
feast,4
tray,4
crashed,4
conversation,4
patients,4
class,4
pleased,4
ear,4
midnight,4
pants,4
education,4
member,4
inch,4
cried,4
1958,4
leak,4
tired,3
climbed,3
explained,3
therefore,3
circumstances,3
locket,3
wann,3
effects,3
squashed,3
enormous,3
service,3
needed,3
master,3
pneumonia,3
feeling,3
busy,3
touched,3
telegrams,3
plate,3
wide,3
radium,3
result,3
lots,3
rings,3
nature,3
twinkling,3
country,3
dots,3
wish,3
contemplated,3
gerhard,3
remembering,3
eighteen,3
fairly,3
echoes,3
magazines,3
rolling,3
soot,3
choice,3
crashing,3
studied,3
melodious,3
crammed,3
theoretical,3
nation,3
quarter,3
square,3
canvas,3
spooning,3
stuffed,3
alley,3
carolina,3
hinged,3
vision,3
bureau,3
screen,3
expression,3
anti,3
situation,3
graceful,3
barbed,3
trains,3
ghostly,3
souvenirs,3
noon,3
favorite,3
image,3
widower,3
lively,3
survived,3
adam,3
dressing,3
harry,3
pass,3
method,3
corps,3
malt,3
learn,3
sense,3
information,3
register,3
trade,3
marriage,3
plan,3
cover,3
gospels,3
golf,3
gold,3
columns,3
preparing,3
cry,3
vitamins,3
incident,3
bell,3
contained,3
silences,3
funf,3
wheeled,3
leaning,3
swim,3
vow,3
canned,3
parents,3
wives,3
spine,3
spring,3
curious,3
fighter,3
partial,3
send,3
bird,3
delivering,3
opinion,3
ninth,3
coffin,3
slit,3
shuffled,3
wallpaper,3
portholes,3
chosen,3
outlined,3
bat,3
delightful,3
society,3
thrust,3
reproduction,3
atmosphere,3
schlachthof,3
tape,3
familiar,3
lucky,3
membrane,3
ends,3
doorway,3
digging,3
infinity,3
drawing,3
hauled,3
peeked,3
warned,3
habitat,3
loaded,3
whistled,3
privates,3
startled,3
placed,3
nominations,3
inn,3
prosperous,3
chance,3
draperies,3
searched,3
flung,3
sweethearts,3
agony,3
ordinary,3
worst,3
bolted,3
european,3
fellows,3
forth,3
muller,3
dogs,3
enchanted,3
de,3
cattle,3
cot,3
cod,3
royal,3
engines,3
scarecrow,3
rail,3
boxes,3
born,3
socks,3
purple,3
dimly,3
brothers,3
brown,3
turns,3
cost,3
uniform,3
flames,3
clothing,3
means,3
gaping,3
whenever,3
displayed,3
cliffs,3
ed,3
yeah,3
size,3
mostly,3
recruit,3
veteran,3
terrific,3
dread,3
discovered,3
fifth,3
cannot,3
elected,3
learning,3
wounds,3
spooned,3
finish,3
taxi,3
operator,3
start,3
fools,3
chords,3
trunk,3
strong,3
ahead,3
aimed,3
excuse,3
broke,3
celine,3
beyond,3
reason,3
miss,3
horse,3
trapped,3
officers,3
tubes,3
booze,3
trees,3
grew,3
pretending,3
throwing,3
ready,3
communal,3
hallway,3
indianapolis,3
praying,3
fiancee,3
questioned,3
march,3
showing,3
housekeeper,3
delivered,3
troops,3
hair,3
corrective,3
nap,3
william,3
rested,3
sounded,3
friendly,3
vibrator,3
button,3
jump,3
following,3
examining,3
cloud,3
camera,3
vehicle,3
swimming,3
till,3
placid,3
university,3
shaking,3
ankles,3
completely,3
route,3
fevre,3
relations,3
wrapped,3
photograph,3
need,3
border,3
tale,3
battles,3
gunner,3
instance,3
gallery,3
upset,3
parked,3
probably,3
state,3
neither,3
buckets,3
kicking,3
sensed,3
chalk,3
parts,3
clown,3
refugees,3
noticed,3
triangular,3
eat,3
stay,3
protest,3
seriously,3
trousers,3
prisons,3
drew,3
gennany,3
survive,3
warp,3
berlin,3
personal,3
weeks,3
leaned,3
meal,3
turning,3
revenge,3
shriveled,3
messages,3
bite,3
sugar,3
shaved,3
und,3
appeared,3
springs,3
threw,3
unpopular,3
neat,3
jiggled,3
belly,3
kit,3
kid,3
butter,3
consciousness,3
character,3
dignity,3
performing,3
somehow,3
subscriptions,3
burn,3
magazine,3
communists,3
daddy,3
fell,3
mile,3
milk,3
disgusting,3
accidentally,3
round,3
dealing,3
international,3
olive,3
soul,3
sour,3
slovik,3
pointed,3
lunch,3
fingertips,3
language,3
carry,3
knives,3
track,3
shop,3
bedside,3
corner,3
whispered,3
undershirt,3
shopping,3
awakened,3
climbing,3
drain,3
audience,3
served,3
practical,3
quietly,3
buggy,3
bookstore,3
downstairs,3
eliot,3
fill,3
crimson,3
publisher,3
sudden,3
dazed,3
share,3
numbers,3
comfort,3
suppose,3
advice,3
rifles,3
print,3
elbe,3
razor,3
paint,3
couch,3
breast,3
gospel,3
champagne,3
danced,3
pamphlet,3
bristly,3
spent,3
cup,3
knock,3
follows,3
foolish,3
eaker,3
tube,3
bleeding,3
giving,3
anywhere,3
sink,3
reserves,3
lined,3
le,3
sexual,3
approached,3
fourteen,3
south,3
palestine,3
cabin,3
visited,3
festooned,3
staff,3
stripes,3
striped,3
areas,3
excreted,3
mercedes,3
fixed,3
attempting,3
progress,3
deliver,3
sexes,3
tremendous,3
bulb,3
locomotives,3
appearance,3
crawled,3
introduced,3
biggest,3
resembled,3
dangerous,3
skating,3
hate,3
rise,3
enjoy,3
bicycle,3
kicked,3
stared,3
hundreds,3
studio,3
represented,3
leaves,3
saber,3
grief,3
shoot,3
mouths,3
iowa,3
victory,3
large,3
driving,3
washed,3
heavenly,3
hang,3
rang,3
insisted,3
frankly,3
flame,3
1964,3
plenty,3
random,3
trust,3
comical,3
beef,3
containers,3
teapot,3
cracked,3
suburb,3
shortly,3
apart,3
election,3
cowboy,3
dinner,3
stuck,3
tarpaper,3
tin,3
bullet,3
reply,3
swallowed,3
piano,3
liquid,3
intercourse,3
motion,3
awfully,3
george,3
millions,3
population,3
nathan,3
clerks,3
contract,3
duty,3
satisfaction,3
poo,3
direction,3
pilot,3
driver,3
pennsylvania,3
model,3
polish,3
blow,3
tower,3
japanese,3
theoretically,3
christianity,3
idiot,3
program,3
fan,3
ticker,3
guns,3
layers,3
cooed,3
wretched,3
problem,3
bumper,3
slipped,3
pray,3
leven,3
wisconsin,3
experimenting,3
thrown,3
fallen,3
leading,3
hotel,3
rifle,3
nights,3
banquet,3
art,3
bellies,3
barn,3
behavior,3
shirt,3
cement,3
lower,3
edge,3
honeymooning,3
frightful,3
range,3
mountains,3
backs,3
issued,3
golliwogs,3
wished,3
drinking,3
posture,3
weeping,3
getting,3
flaring,3
lounge,3
bye,3
practice,3
pitying,3
echo,3
sea,3
violet,3
closes,3
respect,3
decent,3
abandoned,3
ringing,3
thus,3
difficult,3
collar,3
guts,3
drop,3
mattresses,3
mines,3
throne,3
sweat,3
promise,3
powdered,3
volume,3
marching,2
eyehole,2
screaming,2
commented,2
glassy,2
blouse,2
reported,2
unit,2
cocksucker,2
hog,2
imperishable,2
headquarters,2
wing,2
dreamed,2
fix,2
thrones,2
headboard,2
arrow,2
snakes,2
snaked,2
disturbed,2
wash,2
engagement,2
bitter,2
danish,2
showed,2
nations,2
idle,2
dozed,2
dozen,2
shall,2
thrilled,2
lessons,2
touches,2
clicked,2
underpants,2
nicely,2
eyelids,2
skulls,2
carbon,2
pity,2
planned,2
fra,2
hues,2
irving,2
armband,2
luftwaffe,2
supper,2
furlough,2
echoed,2
stamboul,2
battlefield,2
jackets,2
benches,2
despised,2
overhead,2
nicest,2
proved,2
crutches,2
holy,2
dotted,2
roll,2
whoever,2
minute,2
team,2
lazily,2
badge,2
concealed,2
virtue,2
behalf,2
deserved,2
pretend,2
fizzing,2
admired,2
date,2
conscious,2
experiments,2
tore,2
thumb,2
swastika,2
matches,2
beloved,2
siege,2
seventy,2
ostrovsky,2
potted,2
notebook,2
favors,2
siding,2
tastee,2
sad,2
wanting,2
opposite,2
butchered,2
walking,2
guarded,2
fenders,2
sheathed,2
jobs,2
concentrate,2
parapet,2
stretch,2
wires,2
bulletproof,2
sprayed,2
212,2
lowing,2
traffic,2
claw,2
thinks,2
cavity,2
luck,2
legged,2
bristles,2
mindless,2
hem,2
complete,2
mopping,2
gong,2
wartime,2
vork,2
tricks,2
consider,2
caused,2
careful,2
hunting,2
laughing,2
cash,2
civilians,2
sweetness,2
pearl,2
dresdeners,2
keeping,2
male,2
accept,2
freshly,2
creature,2
waves,2
backyard,2
laced,2
tentatively,2
genoa,2
begged,2
operation,2
belief,2
risen,2
daguerre,2
owners,2
anecdote,2
cyanide,2
clump,2
forwards,2
historian,2
glitter,2
introduction,2
relationship,2
fonner,2
guarding,2
sell,2
pajamas,2
freight,2
writes,2
wayne,2
reporters,2
clop,2
outwardly,2
load,2
suburbs,2
rosy,2
sleeves,2
towns,2
mott,2
picks,2
politely,2
eager,2
imposed,2
stylish,2
names,2
mighty,2
pall,2
religion,2
carol,2
straightened,2
suit,2
rabies,2
lufthansa,2
sides,2
lane,2
enrolled,2
dogtag,2
shrugged,2
windowsill,2
garden,2
tri,2
shetland,2
harbor,2
marry,2
race,2
rack,2
spaghetti,2
expressed,2
indian,2
fifteen,2
cheered,2
doubt,2
pencil,2
gladly,2
halted,2
racks,2
monoxide,2
counter,2
robot,2
waltzed,2
warren,2
snake,2
kiss,2
accompanied,2
shut,2
surely,2
chilly,2
length,2
pigs,2
serenity,2
owner,2
system,2
interests,2
stomach,2
seymour,2
warfare,2
tortures,2
gentle,2
studying,2
sinatra,2
toughest,2
showerheads,2
allow,2
mechanical,2
riding,2
hope,2
listened,2
edition,2
packed,2
explosive,2
dartboard,2
invited,2
drank,2
vy,2
ball,2
bald,2
frauenkirche,2
bananas,2
rooms,2
predicts,2
rambler,2
checking,2
thief,2
sister,2
massachusetts,2
roads,2
mere,2
naturally,2
function,2
shrunk,2
smooth,2
kuppel,2
irish,2
nurses,2
saved,2
paperback,2
glaciers,2
kreuzkirche,2
knoll,2
bundled,2
separated,2
inhabitants,2
rationed,2
millimeter,2
clanged,2
affected,2
break,2
repulsive,2
rocky,2
automobile,2
rocks,2
maniacs,2
strangers,2
sliding,2
putty,2
thick,2
hacking,2
manner,2
necktie,2
forces,2
nostrils,2
deeply,2
doped,2
anniversary,2
rectangle,2
rung,2
snoozing,2
received,2
chimneys,2
warmth,2
families,2
cylinder,2
dumped,2
perform,2
sheltered,2
photographer,2
bastards,2
bore,2
pavement,2
asking,2
peed,2
graduated,2
wax,2
umpire,2
flaw,2
polite,2
concept,2
switched,2
devoted,2
charles,2
regret,2
discover,2
appear,2
shared,2
appears,2
impatiently,2
trial,2
bangs,2
ancient,2
pillow,2
montreal,2
marked,2
market,2
entrance,2
clumps,2
cap,2
december,2
armies,2
produce,2
listlessness,2
indeed,2
cola,2
forms,2
halt,2
tuileries,2
entirely,2
el,2
pills,2
increase,2
receiving,2
shows,2
carp,2
cart,2
marine,2
tennis,2
wemer,2
directly,2
zap,2
silent,2
heartburn,2
brains,2
dinky,2
gobs,2
angel,2
remained,2
distorted,2
breakfast,2
begin,2
patronizing,2
burst,2
loudspeaker,2
gazette,2
comes,2
resort,2
fours,2
suspected,2
wealthiest,2
marksman,2
alcoholic,2
commander,2
stickers,2
angered,2
laboratories,2
focals,2
average,2
lady,2
rear,2
ceremonial,2
piety,2
stare,2
starr,2
dorado,2
circulation,2
tones,2
gibberish,2
momentarily,2
flattened,2
souls,2
decide,2
streets,2
colored,2
drawers,2
advertising,2
trained,2
factories,2
offended,2
ledger,2
stayed,2
bugs,2
colonels,2
banks,2
picnicking,2
committed,2
rabble,2
fool,2
bless,2
injured,2
safety,2
7,2
issue,2
dirt,2
houses,2
expecting,2
shave,2
reflected,2
banana,2
selling,2
storm,2
sign,2
lit,2
hired,2
clean,2
heavens,2
circle,2
darwin,2
gloves,2
seventeen,2
bride,2
adored,2
forgotten,2
partly,2
playthings,2
ought,2
grant,2
bombshells,2
dime,2
older,2
poland,2
obviously,2
distances,2
quarters,2
game,2
translucent,2
lucretia,2
swooped,2
sake,2
heel,2
collapsed,2
hail,2
reel,2
ceremonies,2
nestle,2
similar,2
adults,2
murderous,2
click,2
sausage,2
plays,2
insteps,2
rotten,2
danger,2
manage,2
cheeks,2
arches,2
wharf,2
escaped,2
peeling,2
fart,2
mentioned,2
walnut,2
measure,2
gallant,2
entertainment,2
cause,2
diagonal,2
princess,2
reeled,2
confrontations,2
bitch,2
filthy,2
beg,2
bet,2
bastard,2
blades,2
plumber,2
gesture,2
telepathically,2
fuel,2
horribly,2
horrible,2
tent,2
key,2
addition,2
polka,2
slowly,2
treat,2
poet,2
hoisted,2
owns,2
surface,2
swinging,2
capture,2
upside,2
fireman,2
effect,2
glowed,2
spastic,2
kick,2
unseen,2
immediately,2
doorways,2
martin,2
broad,2
delaware,2
freedom,2
museum,2
strawberries,2
highest,2
display,2
balcony,2
cavalry,2
pardon,2
sweetest,2
teaching,2
vast,2
screams,2
automatic,2
luther,2
doorchimes,2
eyebrows,2
bayonet,2
moral,2
gasoline,2
unmarked,2
climax,2
laughs,2
honey,2
amazing,2
ghastly,2
banged,2
crew,2
combination,2
fringed,2
bone,2
customarily,2
steward,2
cellars,2
twisted,2
2,2
febs,2
bouncing,2
somewhat,2
begins,2
distance,2
persuade,2
hallucination,2
mint,2
chest,2
phonograph,2
regular,2
nighttime,2
chartered,2
explain,2
patted,2
reviewed,2
earl,2
earn,2
bay,2
architecture,2
ears,2
crewmen,2
mournfully,2
harvard,2
damned,2
putt,2
asks,2
basic,2
sunshine,2
lionel,2
exception,2
tank,2
ugly,2
complaint,2
mouse,2
vegetable,2
entitled,2
programs,2
materials,2
smoked,2
sentence,2
assigned,2
straw,2
save,2
involuntary,2
dreams,2
pillar,2
deal,2
bury,2
marshal,2
fork,2
sapphire,2
sale,2
generally,2
warehouse,2
dies,2
diet,2
skin,2
gutless,2
suffered,2
lynch,2
ville,2
majors,2
transportation,2
shift,2
growing,2
pine,2
scornfully,2
loaves,2
destructive,2
q,2
switch,2
rabbi,2
terrace,2
rattled,2
sooner,2
correct,2
argument,2
slept,2
anyone,2
cooing,2
paid,2
especially,2
massacres,2
hungarian,2
gee,2
diamonds,2
capable,2
mark,2
regimental,2
coca,2
hmmmm,2
dedicate,2
pressing,2
bags,2
different,2
exhaust,2
companion,2
consisted,2
astonishment,2
mom,2
blankets,2
facing,2
miraculous,2
jews,2
l,2
nazism,2
drenched,2
hysterical,2
imagination,2
planets,2
remote,2
u,2
represent,2
forget,2
dollar,2
slung,2
hooks,2
enjoying,2
hideous,2
scout,2
motor,2
neighborhood,2
dial,2
wrecked,2
stool,2
plush,2
sunning,2
africa,2
sharp,2
copeland,2
needs,2
blacked,2
response,2
crowded,2
paw,2
coal,2
responsibility,2
radiators,2
detected,2
dolls,2
seeking,2
association,2
cell,2
harm,2
acting,2
flowed,2
lawrence,2
backed,2
cups,2
muscles,2
drapes,2
b,2
gotten,2
curtains,2
orders,2
boomingly,2
dayton,2
eggs,2
salmon,2
depths,2
services,2
kn,2
weigh,2
particularly,2
nervous,2
unhappy,2
poles,2
paperweight,2
merchandise,2
pneumatic,2
cozy,2
visiting,2
restaurant,2
optometer,2
volunteered,2
dropping,2
solid,2
grainy,2
horseshoe,2
corridor,2
keys,2
spend,2
echoing,2
discipline,2
bit,2
mirror,2
candle,2
pronounced,2
pea,2
fed,2
unenthusiastic,2
costumed,2
framed,2
exercises,2
downhill,2
groove,2
constant,2
accidental,2
prepared,2
utterly,2
amused,2
pulsing,2
gravel,2
putting,2
resonant,2
shock,2
exercise,2
exchange,2
climb,2
composed,2
privately,2
disgust,2
account,2
zircon,2
closing,2
bones,2
contempt,2
noises,2
lamp,2
furnace,2
stock,2
buildings,2
linen,2
symbols,2
labor,2
heroism,2
criminal,2
dad,2
february,2
jiggling,2
sergeants,2
mate,2
stencil,2
pots,2
explanation,2
mir,2
noontime,2
enthusiastic,2
skinny,2
sparks,2
cicero,2
shelling,2
pattern,2
superior,2
joke,2
passing,2
comment,2
caverns,2
brotherly,2
airplanes,2
bull,2
volunteer,2
homes,2
holiday,2
plain,2
captors,2
slammed,2
tumbler,2
fucked,2
weapon,2
position,2
usual,2
tone,2
flashlight,2
smart,2
flamingo,2
success,2
trimmed,2
slide,2
lieutenant,2
snapped,2
actual,2
withdrew,2
socked,2
knuckles,2
stainless,2
insured,2
minutes,2
whisper,2
pie,2
sandy,2
creekbed,2
limited,2
stink,2
excellent,2
tremendously,2
ms,2
ceremony,2
demanding,2
jumping,2
splendid,2
rouser,2
diseases,2
plaster,2
sears,2
hanged,2
motel,2
formation,2
laborer,2
hearing,2
ton,2
tool,2
serve,2
final,2
bridge,2
1965,2
delousing,2
enterprise,2
entertaining,2
report,2
twice,2
however,2
boss,2
faced,2
jelly,2
games,2
mildly,2
snored,2
quickly,2
beer,2
captives,2
expenses,2
forehead,2
lusty,2
theodore,2
springtime,2
greeted,2
characters,2
jean,2
indoors,2
companions,2
twitch,2
existed,2
sunlight,2
crews,2
attempted,2
differences,2
uncle,2
nodded,2
cylinders,2
whereas,2
setting,2
younger,2
faster,2
serious,2
stacks,2
neighbors,2
tanks,2
cool,2
sighed,2
port,2
crippled,2
doric,2
memory,2
altar,2
figure,2
critic,2
cocktail,2
siren,2
mainly,2
blocked,2
platform,2
continue,2
delighted,2
opera,2
farewell,2
sunrise,2
eagle,2
electrified,2
view,2
convention,2
gives,2
hum,2
copy,2
bertram,2
suspense,2
dining,2
thermometer,2
boiling,2
considered,2
lumbermill,2
genius,2
crime,2
wood,2
radiations,2
jokes,2
connections,2
encouraged,2
sirens,2
guitar,2
bunks,2
merry,2
jammed,2
rhinestones,2
coupe,2
peaceful,2
engine,2
spirit,2
vest,2
crusades,2
events,2
driven,2
weep,2
violent,2
harrison,2
rose,2
blob,2
papers,2
accepted,2
furniture,2
towel,2
kennedy,2
stops,2
baffled,2
ladies,2
rising,2
extermination,2
taste,2
calls,2
curve,2
lack,2
follow,2
sons,2
bubbles,2
peepholes,2
list,2
grandfather,2
rats,2
design,2
brief,2
crush,2
version,2
tragedy,2
1841,2
deedlee,2
screens,2
knows,2
flag,2
stethoscope,2
joints,2
swung,2
adventure,2
magnanimity,2
developed,2
roebuck,2
tilted,2
geodesic,2
blank,2
temperature,2
statement,2
cleaner,2
uniforms,2
added,2
reach,2
saundby,2
stones,2
jellied,2
grotesque,2
hip,2
publicity,2
whistle,2
hid,2
baroque,2
achieved,2
heaped,2
sold,2
outfit,2
roman,2
village,2
affectionate,2
cannonballs,2
daughters,2
cartridge,2
try,2
cheek,2
retired,2
shovels,2
awakes,2
doorbell,2
impassioned,2
gradually,2
anny,2
fragments,2
lose,2
refused,2
plaza,2
rows,2
crane,2
dragger,2
shallower,2
breasts,2
helping,2
languages,2
dealt,2
concluded,2
pushing,2
larger,2
shoved,2
jangled,2
sore,2
halitosis,2
lumber,2
proof,2
tap,2
sidewalks,2
masks,2
straps,2
stamped,2
135,2
interpreter,2
crowds,2
eastward,2
fled,2
profound,2
ballroom,2
timbers,2
listless,2
doomed,2
catholic,2
alarmed,2
agreed,2
chicken,2
cube,2
homosexuals,2
acquired,2
luminous,2
gutters,2
favor,2
canopy,2
safely,2
malls,2
slave,2
student,2
gutter,2
ski,2
hollow,2
leam,2
bombings,2
polished,2
buick,2
vat,2
venetian,2
boot,2
illinois,2
lance,2
awake,2
writings,1
electricity,1
swivel,1
fourragiere,1
wooden,1
coventry,1
ornamental,1
bacon,1
errors,1
thunder,1
cooking,1
contributed,1
reporter,1
error,1
herd,1
conversational,1
yugoslavians,1
reports,1
unanswered,1
relay,1
georgian,1
holt,1
menaced,1
gashed,1
straddle,1
leaped,1
wang,1
beautifully,1
bellyache,1
groaned,1
complaining,1
hoo,1
damage,1
calves,1
helsinki,1
wink,1
keeps,1
repatriated,1
welcomed,1
rewarded,1
lovingly,1
fit,1
bringing,1
survivors,1
fie,1
fim,1
glorify,1
bowls,1
laboratory,1
encourage,1
appomattox,1
stamping,1
assured,1
threatened,1
checked,1
chlorine,1
tempting,1
rabid,1
elmo,1
whorehouse,1
oldl,1
collapse,1
nonnan,1
rusty,1
exclaimed,1
runner,1
shyly,1
soaked,1
haste,1
thieving,1
recommended,1
sores,1
screwing,1
karamazov,1
microsecond,1
bradford,1
dummy,1
drunks,1
1760,1
nominated,1
padded,1
lethal,1
tempted,1
cousins,1
terrors,1
cushion,1
net,1
tawdry,1
patch,1
avenged,1
release,1
hasten,1
unexpectedly,1
erika,1
pricking,1
ira,1
souvenir,1
extent,1
wheelbarrow,1
pits,1
adventures,1
marrying,1
veek,1
gypsies,1
smithereens,1
union,1
suffragette,1
disgracefully,1
stadium,1
incompetent,1
harangued,1
toboggan,1
bin,1
conditioned,1
crusaders,1
split,1
dunkirk,1
leidigen,1
frenchmen,1
treest,1
boiler,1
coldness,1
simulated,1
opinions,1
sleepy,1
portrayed,1
amusingly,1
snout,1
hay,1
duffel,1
casually,1
survival,1
posed,1
tolerable,1
winkings,1
steps,1
malnutrition,1
sebastian,1
attorney,1
creep,1
creative,1
fog,1
dental,1
losing,1
brokerage,1
manufacturing,1
unambiguous,1
support,1
halle,1
offer,1
friederich,1
shrilly,1
impeach,1
paneled,1
silliness,1
devices,1
paprika,1
smashed,1
duet,1
bathrobe,1
exist,1
glacier,1
nestling,1
role,1
hopefulness,1
lollipops,1
palms,1
transported,1
intent,1
explosions,1
sniffed,1
push,1
hinmin,1
flappingly,1
theaters,1
per,1
skiing,1
primeval,1
bicycles,1
bombenfest,1
jerk,1
pranced,1
exact,1
exploratorily,1
sakristan,1
settle,1
inscribed,1
prevent,1
trails,1
steaks,1
adulation,1
catatonic,1
celebrated,1
drafted,1
honour,1
understanding,1
yards,1
passengers,1
irregulars,1
bearable,1
bloody,1
marvelous,1
capsized,1
wondering,1
apparent,1
ignorant,1
originally,1
divided,1
divider,1
laundry,1
fueled,1
explored,1
suck,1
revealed,1
disagreeable,1
natural,1
darkened,1
truck,1
garlands,1
avid,1
records,1
compelled,1
sorted,1
fla,1
aluminum,1
hickory,1
repaired,1
bursting,1
decreed,1
sexually,1
neighbourhood,1
793,1
sniveling,1
boundless,1
bli,1
bla,1
curbs,1
inhaled,1
poems,1
training,1
punk,1
wanderers,1
footwear,1
jumbled,1
saving,1
spoken,1
spanish,1
ons,1
ripping,1
wrath,1
phonetics,1
shiver,1
bits,1
artifact,1
specialists,1
inventor,1
simmering,1
wandering,1
russia,1
addressing,1
illness,1
tasted,1
afternoons,1
rained,1
fictitious,1
cookstove,1
convulsive,1
handing,1
altered,1
printed,1
knee,1
pages,1
lawn,1
pageantry,1
drive,1
ways,1
addled,1
laws,1
cherry,1
mince,1
raptly,1
equipped,1
blinds,1
wilfully,1
psychiatrist,1
cursing,1
awaiting,1
artist,1
borrow,1
worried,1
skyline,1
uncover,1
burrows,1
artistically,1
keyboard,1
impressions,1
fidelity,1
hineingesat,1
bugles,1
paired,1
moons,1
teens,1
spars,1
vertical,1
farts,1
spare,1
baumeisters,1
expended,1
doctoring,1
loveliest,1
extravagantly,1
stereophonic,1
twig,1
airlines,1
almighty,1
motives,1
excreting,1
wants,1
enable,1
lanes,1
beeffield,1
rooftops,1
fliers,1
straighten,1
ivy,1
frumpishly,1
inoffensive,1
potbellied,1
volcanoes,1
nearby,1
steamer,1
resi,1
fateful,1
robins,1
occasional,1
attache,1
starving,1
insist,1
vacuum,1
postal,1
sensational,1
clad,1
glamor,1
satisfactory,1
fives,1
belched,1
dimensions,1
standpoint,1
frenchman,1
executives,1
myriads,1
package,1
slender,1
widowed,1
apologize,1
pivot,1
myths,1
sealed,1
springboard,1
bristled,1
mammals,1
unreliable,1
handsome,1
pull,1
rush,1
rescuing,1
rags,1
trips,1
rust,1
fright,1
ap,1
ar,1
watched,1
appalling,1
beaming,1
2000,1
aromatic,1
tight,1
waving,1
uterus,1
brotherhood,1
anned,1
snagged,1
madrigal,1
mask,1
clowning,1
mass,1
axles,1
tours,1
friendless,1
tinsel,1
ts,1
tail,1
chewing,1
returned,1
floated,1
cunningly,1
laying,1
silvered,1
desertion,1
lecturing,1
194,1
191,1
psychosomatic,1
section,1
scientists,1
whirled,1
contrast,1
portrays,1
hasp,1
shops,1
riviera,1
welded,1
pick,1
negligibility,1
telephoners,1
followed,1
sherbet,1
attendance,1
pears,1
gorgeous,1
straightaways,1
tobruk,1
teen,1
corrected,1
nonviolent,1
lilly,1
farted,1
indicating,1
gallon,1
scar,1
dress,1
lemine,1
waved,1
sprinkle,1
plans,1
treatments,1
haggardly,1
authentic,1
resemble,1
passages,1
radios,1
bowl,1
smiling,1
roots,1
rapidly,1
symptoms,1
isaac,1
skipped,1
sucker,1
susann,1
shitless,1
weeds,1
sucked,1
piping,1
shocking,1
status,1
bends,1
resolute,1
windmilled,1
cambell,1
research,1
darling,1
highway,1
porcelain,1
cockpit,1
reproach,1
retained,1
submarines,1
sicker,1
limerick,1
murmured,1
drainings,1
saint,1
cradled,1
crisscrossed,1
warmly,1
anodized,1
stairs,1
thawing,1
ungrateful,1
vocal,1
dismantling,1
eingeyichtet,1
milky,1
wafs,1
blond,1
doberman,1
vividly,1
knobs,1
hurtle,1
balkanized,1
bowels,1
bustled,1
singled,1
barrel,1
dragged,1
heaps,1
gooey,1
giants,1
beams,1
upholstery,1
closely,1
banner,1
acciden,1
approaching,1
creator,1
jade,1
contour,1
project,1
avuncular,1
untouched,1
incinerated,1
smoldering,1
vesicles,1
messiah,1
loaf,1
majesty,1
celeste,1
coincidence,1
dimensional,1
belt,1
contentedly,1
resting,1
sweetheart,1
infect,1
mildness,1
bitchy,1
presses,1
avalanches,1
expanded,1
admire,1
evaluating,1
kissing,1
hoping,1
von,1
motors,1
chasm,1
vox,1
cribbage,1
maids,1
875,1
shorter,1
rules,1
specimen,1
knitting,1
defeat,1
necessity,1
recent,1
clasped,1
plagues,1
responsible,1
crackled,1
moonlike,1
readers,1
location,1
surprised,1
britches,1
emergency,1
instructors,1
suffering,1
flannel,1
communications,1
individuals,1
kirche,1
bounce,1
sight,1
pale,1
gruel,1
novelty,1
behave,1
convulsions,1
performed,1
bi,1
sante,1
nowhere,1
ambush,1
quatrain,1
repair,1
hometown,1
appropriate,1
repaid,1
custom,1
impudent,1
atop,1
slums,1
atom,1
considerable,1
intestines,1
sleepers,1
maturity,1
medical,1
yelled,1
greased,1
turnoff,1
wove,1
puzzling,1
fixing,1
preventing,1
melodiously,1
definitely,1
riihmte,1
freighter,1
sided,1
robots,1
land,1
valuables,1
pedestrians,1
doves,1
results,1
lowliest,1
guzzled,1
concerned,1
mimeograph,1
resources,1
continued,1
gettin,1
fewer,1
shellbursts,1
sneeringly,1
punch,1
squirming,1
invented,1
receive,1
involved,1
undignified,1
popcorn,1
maker,1
hasps,1
snootful,1
eleven,1
crisscrossing,1
occurred,1
chinamen,1
charity,1
customer,1
challenge,1
drill,1
slid,1
bent,1
process,1
reedy,1
mysteries,1
establishment,1
concentrations,1
nailing,1
marrow,1
nancy,1
thigh,1
mutt,1
perfect,1
shudder,1
degrees,1
mimeographed,1
transparent,1
installment,1
flamethrowers,1
intelligent,1
profile,1
static,1
jagged,1
lynchers,1
rigging,1
valve,1
troop,1
royalton,1
greedy,1
hyannis,1
scars,1
david,1
blown,1
pines,1
touring,1
leica,1
festival,1
detailing,1
sergeant,1
carded,1
gummy,1
quarry,1
opalescent,1
manhole,1
roulette,1
bother,1
haystacks,1
splayed,1
steep,1
collecting,1
trusting,1
deodorant,1
tonight,1
receptionist,1
clearly,1
overthrew,1
carcasses,1
preposterously,1
mustache,1
painting,1
bring,1
rough,1
principal,1
frowsy,1
jaw,1
jam,1
jacqueline,1
bonds,1
gobbling,1
trifocal,1
embedded,1
ohio,1
rapped,1
exerted,1
nuclear,1
scrolls,1
scolds,1
butts,1
streams,1
invites,1
winning,1
lectern,1
powered,1
rhode,1
hateful,1
laser,1
coals,1
agonized,1
concerted,1
whitewashed,1
pennanent,1
hubbard,1
romance,1
overcoats,1
repercussions,1
emotionally,1
thumbscrew,1
dust,1
mosaic,1
patterns,1
oft,1
realize,1
lattice,1
increased,1
fairies,1
desk,1
belgium,1
tick,1
bayonets,1
bulge,1
bigotry,1
shuddered,1
replacement,1
underwent,1
ballot,1
bedding,1
anguished,1
saucepan,1
prussians,1
hoarded,1
stairway,1
voluptuous,1
pressure,1
imaginary,1
homemaker,1
whistles,1
parsley,1
camden,1
erect,1
musculature,1
spots,1
frustration,1
delivery,1
fugaces,1
count,1
cahningly,1
breslau,1
baptism,1
gropingly,1
ing,1
planting,1
bystander,1
tenth,1
forests,1
details,1
illusion,1
clacking,1
repeat,1
tides,1
tinkling,1
lasted,1
rule,1
lift,1
rural,1
gardens,1
desirable,1
oldest,1
pedro,1
fireplaces,1
sellers,1
pinch,1
quaking,1
bubbling,1
horn,1
preacher,1
hors,1
phoned,1
fonnation,1
deliberate,1
zoomed,1
churches,1
simultaneously,1
smoky,1
lonesome,1
diameter,1
spooky,1
cheats,1
devastation,1
plop,1
sweater,1
coins,1
insult,1
indiana,1
aware,1
harnessing,1
supennan,1
foxhole,1
honeymooners,1
elegantly,1
clinging,1
radiance,1
altitudes,1
fever,1
pinschers,1
greek,1
cannonball,1
atrocity,1
scalding,1
dirtiest,1
satisfied,1
hereford,1
schone,1
production,1
fragment,1
band,1
giraffe,1
sodom,1
gallows,1
backgrounds,1
379,1
reasonable,1
lifted,1
logs,1
emeralds,1
mangled,1
crimea,1
burlap,1
hooked,1
medicine,1
fatting,1
standard,1
fastening,1
deutete,1
vety,1
thiriart,1
created,1
lousy,1
licked,1
footsteps,1
crooning,1
electronic,1
plentiful,1
airs,1
rates,1
snags,1
luncheon,1
target,1
guilt,1
powers,1
jazzing,1
constellations,1
contents,1
forced,1
ponder,1
genuine,1
ragbag,1
quieted,1
gravy,1
involving,1
phase,1
briskly,1
fitted,1
reserve,1
dames,1
serenely,1
toast,1
gideon,1
personality,1
da,1
happiest,1
crucifixion,1
explanations,1
secretary,1
miserably,1
lemonade,1
depends,1
draws,1
pasted,1
gentleman,1
rushing,1
loose,1
terms,1
wm,1
handful,1
clues,1
essentially,1
cow,1
excrement,1
sagte,1
disappears,1
spear,1
gratitude,1
petty,1
flexible,1
beastly,1
applied,1
publicly,1
aim,1
applies,1
aid,1
launched,1
sticker,1
dizzy,1
dumper,1
demonstration,1
sailors,1
evil,1
prescribed,1
1976,1
1971,1
camps,1
musical,1
tha,1
traditions,1
quoted,1
newton,1
goggles,1
victim,1
triimmer,1
expelled,1
mocked,1
bucolic,1
antique,1
lashes,1
sends,1
beating,1
peek,1
columbus,1
post,1
grotesquely,1
sizzling,1
thermostat,1
pays,1
float,1
profession,1
device,1
wailed,1
clinical,1
lowest,1
lakonisch,1
overjoyed,1
becoming,1
needles,1
astonished,1
crystal,1
veterinarian,1
unharnessed,1
muscular,1
evidence,1
dostoevsky,1
guessed,1
saltwater,1
stake,1
carpeting,1
test,1
doornail,1
cohesion,1
reception,1
precedent,1
vampires,1
patina,1
silverware,1
switches,1
supplement,1
marseilles,1
quilts,1
seemingly,1
automobiles,1
ferociously,1
blast,1
feeble,1
prophylactic,1
p,1
brave,1
regained,1
wheedled,1
vocalists,1
roaring,1
sending,1
condoms,1
eke,1
regardless,1
extra,1
uphill,1
sincerely,1
puffed,1
prove,1
planted,1
sighted,1
angels,1
commanander,1
cat,1
slumbering,1
cab,1
productive,1
36896415,1
staircase,1
bawl,1
lifting,1
grandson,1
futures,1
crept,1
kurt,1
conquests,1
tagged,1
colt,1
acknowledge,1
willow,1
1839,1
showered,1
1955,1
1957,1
hall,1
january,1
ashtray,1
sobbingly,1
eh,1
challenged,1
avoided,1
irons,1
shown,1
furthermore,1
thirst,1
opener,1
navigating,1
inevitably,1
quart,1
carbolic,1
reflect,1
honest,1
invitation,1
impossible,1
sheep,1
sheet,1
traction,1
tragic,1
flowers,1
platfonn,1
accordance,1
retracing,1
movingly,1
shady,1
twinkled,1
slam,1
sterilized,1
equipment,1
gangrene,1
prick,1
neatly,1
balderdash,1
steady,1
mrs,1
slaves,1
professional,1
abraham,1
washcloth,1
octagonal,1
androgyne,1
title,1
stained,1
enriched,1
inventions,1
golliwog,1
leather,1
seldom,1
attached,1
whitewash,1
unfit,1
firestonn,1
altercation,1
connoisseurs,1
prettiest,1
perceptions,1
mona,1
reluctantly,1
madness,1
sulky,1
characterization,1
disgrace,1
muttered,1
jerky,1
fattened,1
sticky,1
realities,1
editorial,1
return,1
thrills,1
groping,1
develop,1
czechoslovakian,1
intelligently,1
centuries,1
fruit,1
stingingly,1
valuable,1
civilized,1
growled,1
senseless,1
sinuous,1
hover,1
exult,1
spectacular,1
swig,1
calendars,1
stools,1
ramshackle,1
using,1
fortune,1
dislodged,1
postcard,1
cheerily,1
streamers,1
miracle,1
undefended,1
ghostlike,1
eddie,1
gomorrah,1
unlocked,1
recorded,1
recorder,1
wheat,1
pylons,1
francia,1
chefs,1
1932,1
fractured,1
1939,1
throw,1
central,1
stddtische,1
invested,1
protests,1
goethe,1
snooze,1
canteens,1
welcher,1
barca,1
area,1
assumed,1
topknot,1
politeness,1
curiously,1
cottage,1
happening,1
fraud,1
bucket,1
hmmmmmmmmm,1
oxen,1
beamed,1
describe,1
hospitals,1
cemented,1
storage,1
desolation,1
pear,1
peak,1
condensation,1
lipstick,1
christmastime,1
overseas,1
surrounded,1
skeleton,1
ceases,1
religious,1
reproaching,1
referring,1
minded,1
toothless,1
canapes,1
louis,1
manager,1
manages,1
sedation,1
study,1
heaves,1
orgasm,1
casual,1
chuckle,1
conscience,1
witnessed,1
ferocious,1
responded,1
seiten,1
answers,1
tracks,1
dakto,1
musically,1
shuffle,1
huie,1
virgins,1
gunmen,1
conventional,1
ripe,1
ladybugs,1
contains,1
firebombing,1
suction,1
kiister,1
weighed,1
titillated,1
pushed,1
firmly,1
prussian,1
unlucky,1
annpits,1
fe,1
ff,1
telephoned,1
telephones,1
egg,1
lovebirds,1
committee,1
carpeted,1
refonned,1
roadmaster,1
musket,1
nymphs,1
sweeping,1
imprisoned,1
fully,1
enlarged,1
ife,1
thirteenth,1
punitive,1
event,1
vertigo,1
inert,1
housed,1
revolutionary,1
dishwasher,1
cheering,1
knocking,1
liquefied,1
unexpected,1
blossom,1
obedience,1
pinned,1
scheme,1
dashingly,1
flatters,1
cartridges,1
authors,1
raping,1
grocery,1
millipedes,1
kindly,1
lament,1
miseries,1
stu,1
sentenced,1
juicy,1
juice,1
concentration,1
vulnerable,1
retracted,1
useless,1
flibbertigibbet,1
extrapolating,1
quote,1
experiences,1
watt,1
approved,1
puddings,1
sturdy,1
mobile,1
popularity,1
fetal,1
humid,1
registers,1
flicked,1
justice,1
sourer,1
waterproof,1
speckled,1
rodomontades,1
boils,1
blutwurst,1
lightnin,1
sacrifices,1
switzerland,1
howled,1
patriotism,1
schizophrenic,1
assistants,1
piss,1
missing,1
loveplay,1
distinguish,1
zipper,1
league,1
gaunt,1
droolers,1
jeff,1
battery,1
menjou,1
likes,1
stamp,1
collected,1
threaten,1
dame,1
dialogue,1
packs,1
mitchell,1
pack,1
smacked,1
forewords,1
stupors,1
clerical,1
unpromising,1
cleaning,1
wedged,1
uproariously,1
chord,1
alackaday,1
cocky,1
carat,1
exercising,1
throats,1
elves,1
floridly,1
radiator,1
wiser,1
signal,1
translated,1
brakes,1
fathers,1
creation,1
urgent,1
lingers,1
clinking,1
shipwrecks,1
describing,1
providence,1
pounding,1
civilization,1
sympathetic,1
processing,1
lakes,1
stem,1
nelly,1
stew,1
raspberry,1
faith,1
cigarette,1
hinge,1
miracles,1
smelly,1
insides,1
renewal,1
properly,1
dull,1
circuits,1
wicked,1
forge,1
shrug,1
visits,1
afterglow,1
drab,1
e,1
practically,1
required,1
humiliated,1
cheerful,1
gf,1
barbecue,1
epitaph,1
virtuous,1
rebukes,1
wave,1
whirlpools,1
tokyo,1
comforts,1
zo,1
booty,1
waking,1
picked,1
paintings,1
vampire,1
valet,1
rotted,1
stance,1
prescribe,1
fifteenth,1
focused,1
conceited,1
fenceposts,1
paranoid,1
deceased,1
addresses,1
win,1
frame,1
comers,1
metaphor,1
hudson,1
congratulated,1
tangerine,1
unfaithful,1
starter,1
crosses,1
salad,1
ride,1
shrieked,1
infinitesimal,1
servants,1
gethan,1
zwischen,1
sought,1
chevrolet,1
instinctively,1
fare,1
farm,1
advocates,1
enclose,1
costume,1
glatz,1
blake,1
sword,1
shimmeringly,1
masters,1
crossing,1
upward,1
showering,1
soaringly,1
separating,1
stimulants,1
special,1
secretly,1
strokes,1
umbrella,1
drowning,1
keen,1
peckers,1
designed,1
pitied,1
privacy,1
tourists,1
paved,1
groggily,1
punish,1
feind,1
girdle,1
bee,1
buggery,1
nailheads,1
coke,1
medals,1
lecturer,1
fuels,1
vengeance,1
lectured,1
astonishing,1
scrambled,1
affair,1
partners,1
envy,1
brayed,1
bells,1
achieve,1
michigan,1
120,1
123,1
gray,1
contain,1
widow,1
spotted,1
prayers,1
officials,1
operated,1
humana,1
terribly,1
correctly,1
tens,1
importance,1
windbumed,1
blinked,1
pilgrims,1
jersey,1
leipzig,1
invisible,1
johann,1
erased,1
controlled,1
schoolgirls,1
hamburg,1
digger,1
mythology,1
examined,1
sensitive,1
tweedledum,1
experimented,1
canadians,1
discouraged,1
frequently,1
plopped,1
scarcely,1
taller,1
mistaken,1
sources,1
distant,1
advertised,1
riverside,1
wooed,1
devised,1
crushed,1
bottoms,1
intersection,1
loss,1
lincoln,1
uneriiinschten,1
sized,1
dresser,1
page,1
peter,1
steaming,1
grinding,1
cradle,1
medieval,1
imperfectly,1
choked,1
shakily,1
crankcase,1
nacreous,1
celluloid,1
persuaded,1
pistols,1
washington,1
mississippi,1
mufflers,1
palpated,1
delusions,1
golgotha,1
crushing,1
chinning,1
gain,1
courts,1
converted,1
penny,1
gruffly,1
resented,1
kissed,1
coffeepot,1
talkin,1
barometric,1
dripped,1
diagnosis,1
frankfurt,1
similarity,1
andre,1
auf,1
fists,1
void,1
misunderstanding,1
betters,1
baking,1
clothed,1
companies,1
epigraph,1
farmhouse,1
lavender,1
likely,1
tips,1
eves,1
helmets,1
anthropology,1
nanny,1
active,1
103,1
cardboard,1
credit,1
adopting,1
fantastic,1
reagan,1
sliced,1
roethke,1
drowned,1
handlebar,1
criminals,1
lungs,1
loony,1
shelters,1
inhabited,1
roof,1
foods,1
aging,1
stills,1
curiosity,1
attempt,1
owls,1
maintain,1
carve,1
overcome,1
microfilm,1
improvise,1
enthusiasts,1
weightless,1
skins,1
stealing,1
navy,1
dawn,1
merchants,1
content,1
reader,1
resume,1
greasy,1
perforated,1
playwright,1
croesus,1
floors,1
einen,1
goblins,1
girly,1
swaddled,1
dilated,1
villages,1
dilates,1
stocking,1
anxiety,1
knights,1
evaporated,1
sees,1
guggenheim,1
tells,1
chess,1
bandsaw,1
mashed,1
tombstones,1
masher,1
observation,1
consumed,1
points,1
dot,1
ending,1
attempts,1
liberty,1
wolfish,1
folded,1
cripple,1
brimstone,1
folks,1
shivering,1
tiles,1
vunce,1
coast,1
christopher,1
tiled,1
softly,1
yelping,1
reference,1
imitate,1
spattered,1
scrap,1
simplest,1
sorts,1
insinuated,1
crayons,1
vows,1
estimable,1
stoppered,1
gushed,1
cemetery,1
hygiene,1
sah,1
san,1
interest,1
wheedle,1
mushroom,1
quantities,1
marijuana,1
decrepit,1
hollowed,1
melted,1
employees,1
cane,1
sulk,1
defeated,1
fakes,1
lugubrious,1
fabulously,1
disappear,1
fatherless,1
occupied,1
bottled,1
unfortunate,1
grows,1
bearded,1
advocate,1
speakers,1
kin,1
nurtured,1
failing,1
smokes,1
fighters,1
facts,1
tattooed,1
boasted,1
feelings,1
cowardice,1
deaf,1
platters,1
paragraphs,1
theatrical,1
dense,1
carts,1
daytime,1
novelties,1
keeper,1
wept,1
ribs,1
hungrier,1
lies,1
frightened,1
murderers,1
slipshod,1
amazingly,1
editor,1
alplaus,1
starve,1
undergrowth,1
ford,1
failure,1
pavilion,1
staged,1
whiskey,1
dollops,1
propaganda,1
sticks,1
covers,1
fashioned,1
ship,1
infonnation,1
marking,1
savage,1
authorities,1
covetously,1
potato,1
daily,1
trembled,1
parcels,1
relieve,1
invent,1
grandly,1
mild,1
bomber,1
suicide,1
technique,1
unpleasant,1
string,1
congratulating,1
advised,1
keepers,1
hooray,1
anesthetic,1
nineties,1
bombardment,1
ravenous,1
sordid,1
suspect,1
involuntarily,1
waif,1
bon,1
boo,1
hither,1
merely,1
patriots,1
wealth,1
aye,1
visit,1
vineyard,1
swagger,1
downtown,1
fragmentarily,1
swiveled,1
effort,1
capturing,1
armpits,1
avoiding,1
flu,1
9th,1
bites,1
unprotesting,1
nearest,1
winston,1
drawer,1
ping,1
pure,1
sworn,1
pathway,1
chef,1
provide,1
jail,1
argued,1
anagrams,1
listing,1
shatter,1
touching,1
rock,1
scolded,1
treacherous,1
catacombs,1
interference,1
transforming,1
imperative,1
dutch,1
california,1
theatricality,1
underwear,1
ministry,1
headphones,1
contented,1
crib,1
fiery,1
continuous,1
butt,1
10,1
13,1
cracks,1
snoozed,1
stubby,1
lice,1
spectacle,1
nazi,1
clung,1
wetly,1
interior,1
performance,1
channel,1
pain,1
normal,1
sheets,1
bearskin,1
cuban,1
surprising,1
wreathed,1
contemporary,1
shod,1
malted,1
curled,1
coital,1
boundaries,1
plume,1
treasure,1
travesty,1
enthusiasm,1
milkshakes,1
killers,1
median,1
ruddy,1
communicated,1
declared,1
eighteenth,1
japan,1
pebble,1
label,1
whereabouts,1
permeated,1
august,1
foreword,1
crucified,1
potching,1
throughway,1
singers,1
nationality,1
sketchy,1
orchestration,1
delirium,1
stretcher,1
cornered,1
cancer,1
accusation,1
stretched,1
sensible,1
arts,1
armload,1
workshop,1
lustily,1
offered,1
croquet,1
dramatic,1
roguish,1
cannonade,1
forefinger,1
cock,1
movements,1
harsh,1
blackbread,1
stepped,1
assist,1
munch,1
sweatsocks,1
frisked,1
lumbered,1
jazzed,1
diffident,1
dipped,1
elaborately,1
careers,1
grip,1
docks,1
mop,1
grim,1
grin,1
congregatation,1
lightning,1
chamber,1
voluntarily,1
passionate,1
sneaked,1
snoring,1
booming,1
confirm,1
critical,1
inject,1
expressing,1
measuring,1
raincoat,1
seconds,1
notably,1
pretended,1
stations,1
island,1
violence,1
airline,1
lands,1
dreaming,1
telescoping,1
shells,1
mornings,1
gore,1
arranged,1
romantic,1
salzburg,1
strawberry,1
powerless,1
deer,1
drivers,1
roweled,1
obsessed,1
razorblades,1
unpopularity,1
haired,1
starting,1
lapped,1
vile,1
sighing,1
suburban,1
zinc,1
expressions,1
sung,1
shattered,1
elated,1
veined,1
washing,1
mothers,1
windowpane,1
mistaking,1
portable,1
preposterous,1
zero,1
ribbon,1
swamps,1
ordnung,1
cylindrical,1
affectionately,1
slapping,1
search,1
untruth,1
misery,1
cowardly,1
clapping,1
anthill,1
emptied,1
swastikas,1
wiped,1
destination,1
pawing,1
landed,1
des,1
roosevelt,1
pioneered,1
specialized,1
salesmen,1
gravely,1
sphere,1
drained,1
maps,1
commercial,1
bloom,1
bathed,1
dragon,1
deserted,1
clusters,1
pleasure,1
stains,1
existence,1
pens,1
possessions,1
bosom,1
infantrymen,1
hurting,1
noticing,1
scheherezade,1
mystery,1
easily,1
fluttered,1
ashes,1
goofy,1
everyone,1
aufruinen,1
engaging,1
countrymen,1
connect,1
suspecting,1
lovers,1
childish,1
avenge,1
motherfucker,1
extraordinary,1
copper,1
netted,1
bullies,1
embraced,1
construct,1
leash,1
186,1
pains,1
needle,1
park,1
selector,1
draped,1
dentist,1
gruesome,1
howitzers,1
fold,1
youth,1
contrary,1
dreamily,1
illiterate,1
paths,1
thrillingly,1
rafters,1
waist,1
organist,1
organism,1
joining,1
wailing,1
hillside,1
finn,1
perched,1
chimes,1
giant,1
express,1
silk,1
sill,1
motorcycles,1
spiked,1
common,1
witches,1
restaurants,1
scruffy,1
clatteringly,1
individual,1
manly,1
tender,1
fans,1
responses,1
cinders,1
cubes,1
indiscriminately,1
tipping,1
quarrelsome,1
foreign,1
baltimore,1
lugubriously,1
deposit,1
throughout,1
raise,1
create,1
4,1
gay,1
cruelty,1
prices,1
stoves,1
aches,1
hellishly,1
terrestrials,1
development,1
itch,1
praising,1
assignment,1
organization,1
prevention,1
ludicrous,1
1961,1
shape,1
snag,1
wags,1
snap,1
excited,1
ridiculously,1
conformed,1
matters,1
semi,1
bamboo,1
obliged,1
bach,1
backlighting,1
ornaments,1
chemnitz,1
jewelry,1
contacts,1
balmy,1
lark,1
pee,1
peg,1
lounger,1
piles,1
piled,1
factly,1
lesson,1
bores,1
infected,1
grave,1
forward,1
directed,1
possession,1
expedition,1
dragging,1
brushing,1
cellar,1
lend,1
tablespoon,1
mantel,1
vehicles,1
wards,1
ascertained,1
colonial,1
amuses,1
cynthia,1
intricate,1
marveled,1
literary,1
queen,1
startlingly,1
entire,1
announcing,1
busier,1
owlishly,1
nests,1
depression,1
inconvenienced,1
apologetic,1
446,1
conespondent,1
objects,1
looted,1
limp,1
readable,1
hammered,1
oily,1
trail,1
ashamed,1
tunnel,1
edwardian,1
crowbars,1
fringe,1
native,1
daring,1
holds,1
vonnegut,1
watery,1
bothered,1
seashells,1
fray,1
deliriously,1
liner,1
furnish,1
africans,1
despite,1
whimpered,1
horns,1
paperbacks,1
austrian,1
horny,1
bunch,1
industries,1
bridges,1
willing,1
greater,1
copulation,1
das,1
insisting,1
identified,1
blazing,1
federalists,1
winked,1
accumulated,1
slumped,1
popping,1
stub,1
lecture,1
blowouts,1
solicitously,1
frank,1
salami,1
barricades,1
cured,1
wagged,1
steal,1
allied,1
mortal,1
rudely,1
finest,1
improvements,1
monkey,1
tootle,1
ferocity,1
gear,1
loved,1
glamorous,1
furnishings,1
anthropologist,1
tidy,1
comfortable,1
comfortably,1
dictate,1
throat,1
apparently,1
kunst,1
acceleration,1
billiards,1
324,1
meek,1
hankering,1
pausing,1
quotations,1
heartening,1
absurd,1
occasion,1
selection,1
kite,1
pinhead,1
tearful,1
communism,1
controls,1
iodide,1
fatiguing,1
photographs,1
bedenklich,1
bedsprings,1
thennostat,1
untrue,1
racked,1
racket,1
drivin,1
boundary,1
reproduced,1
nightfall,1
equal,1
boulders,1
disarmament,1
beguiled,1
thanked,1
gaze,1
devoting,1
bulk,1
sausages,1
fellow,1
promoted,1
file,1
papyrus,1
prose,1
tumbled,1
whirl,1
grinder,1
landmarks,1
brightened,1
spitting,1
judgment,1
penzance,1
peewee,1
barking,1
domestic,1
stored,1
seats,1
add,1
tremulously,1
resolved,1
dryer,1
admitted,1
soft,1
livelier,1
italian,1
crazily,1
authority,1
ideals,1
recommendation,1
erbaut,1
bustling,1
hysterically,1
slight,1
buttoned,1
retribution,1
gifts,1
napoleonic,1
blessings,1
billions,1
custard,1
elastic,1
rushed,1
outline,1
brand,1
bug,1
wise,1
j,1
doorknobs,1
thorn,1
soliloquized,1
pin,1
shooting,1
45,1
oak,1
detail,1
dresses,1
unintelligibly,1
brainlessly,1
weaponry,1
dogtags,1
christians,1
stirred,1
oral,1
yell,1
baked,1
feeding,1
founder,1
crises,1
patched,1
whatsoever,1
pride,1
louder,1
fishbowl,1
fireplace,1
monkeys,1
ovation,1
glued,1
sniffingly,1
infancy,1
nail,1
fixtures,1
shining,1
solemn,1
poison,1
disney,1
humility,1
museums,1
changes,1
blowtorch,1
grumbled,1
strap,1
swings,1
bonking,1
disanned,1
limousine,1
boomed,1
blather,1
ardently,1
robbing,1
pouch,1
mm,1
entertained,1
fortress,1
loosed,1
attract,1
drummed,1
returning,1
adjacent,1
amoretti,1
widespread,1
badly,1
elizabeth,1
mess,1
acknowledged,1
allison,1
funniest,1
vapor,1
executed,1
london,1
glanced,1
whips,1
tweedledee,1
filling,1
newport,1
lasting,1
clothe,1
newly,1
perception,1
associate,1
lavatories,1
masterpiece,1
heck,1
hopeless,1
gloucester,1
primary,1
insulation,1
scissors,1
mercury,1
methodical,1
tom,1
inconvenient,1
yodeled,1
urban,1
ceiling,1
kindest,1
western,1
brushed,1
reclining,1
seminal,1
rat,1
ohhhh,1
snot,1
1963,1
hatch,1
shallow,1
genital,1
promotions,1
metal,1
reputation,1
pope,1
queer,1
situations,1
zipping,1
enslave,1
borrowed,1
clopping,1
shutting,1
beads,1
countries,1
idiotic,1
palpating,1
farther,1
swept,1
nut,1
swooned,1
capacity,1
unpainted,1
finger,1
listlessly,1
wear,1
improve,1
protect,1
fault,1
biologically,1
hitler,1
ropes,1
rebounded,1
confident,1
enterprises,1
catch,1
cracker,1
n,1
stopping,1
experts,1
social,1
microphone,1
dozing,1
darned,1
lethargical,1
werewolves,1
hearty,1
greatest,1
incapable,1
hearts,1
rubies,1
assembling,1
departed,1
proposed,1
thumbs,1
depart,1
collars,1
furry,1
explanatory,1
humanity,1
bandy,1
judge,1
burnt,1
54,1
57,1
50,1
virginian,1
offices,1
lectures,1
selectivity,1
doorstep,1
ich,1
mystified,1
cooped,1
mosquito,1
casket,1
lamps,1
clownishly,1
permitted,1
eaves,1
blabbed,1
plus,1
steadily,1
trafficker,1
dials,1
unsalted,1
presence,1
civil,1
obtaining,1
cauldron,1
bats,1
sidings,1
steers,1
removed,1
humiliate,1
furt,1
shined,1
sometime,1
shines,1
constructed,1
soundly,1
papery,1
toad,1
spoils,1
eiffel,1
ovaries,1
discharge,1
scratchy,1
australians,1
yacht,1
uncovered,1
coach,1
remarkable,1
rod,1
roe,1
leered,1
1948,1
1942,1
1941,1
passage,1
charge,1
thawed,1
congregation,1
refractive,1
cook,1
penises,1
impressive,1
level,1
posts,1
dried,1
comforting,1
bake,1
substitute,1
stately,1
humorist,1
hairy,1
hairs,1
baseball,1
hospitality,1
frumpish,1
paralyzed,1
peep,1
sports,1
diagrams,1
teased,1
sessions,1
konigstein,1
shafts,1
insights,1
autumn,1
fauns,1
modified,1
laughter,1
millionaires,1
plauen,1
hydrogen,1
meager,1
1,1
recuperating,1
bleary,1
clonk,1
informs,1
belgians,1
eighth,1
lagoon,1
pitiers,1
imagining,1
rye,1
farmer,1
underneath,1
obscene,1
nodding,1
telegraphic,1
torch,1
plant,1
zebra,1
begun,1
hacker,1
putrid,1
absentminded,1
someplace,1
attracted,1
attended,1
waterfalls,1
calcimine,1
flare,1
schnapps,1
swing,1
weakling,1
origin,1
feign,1
clumsy,1
rented,1
clanking,1
necessarily,1
district,1
cooling,1
legally,1
huh,1
released,1
petrified,1
looting,1
computer,1
poisoning,1
marines,1
pre,1
mated,1
pry,1
marathon,1
silhouette,1
wanderer,1
mourners,1
ideas,1
wandered,1
hooves,1
hooved,1
corwin,1
hungry,1
senior,1
shrieking,1
perch,1
touchingly,1
applauding,1
cheap,1
spaces,1
painlessly,1
gulp,1
believing,1
zealanders,1
portions,1
joked,1
obliterate,1
clowns,1
predicted,1
architecturally,1
picnic,1
1922,1
farmers,1
federal,1
review,1
milkmen,1
surfaced,1
20,1
reaction,1
emaciated,1
prompted,1
period,1
pop,1
werner,1
pod,1
subscribed,1
stylishly,1
cords,1
1213,1
tiger,1
ashtrays,1
shaft,1
howling,1
nothingness,1
cast,1
labuntur,1
mound,1
carpentry,1
slippers,1
couplet,1
fender,1
check,1
reminder,1
barefoot,1
decently,1
statue,1
changing,1
implements,1
magical,1
flakes,1
relief,1
deflated,1
modem,1
guided,1
actress,1
cockles,1
satin,1
kneeling,1
announcement,1
airfield,1
lets,1
dully,1
flashing,1
groped,1
buddies,1
leningrad,1
pacific,1
canteen,1
provided,1
nails,1
slaughter,1
polack,1
terrified,1
haloed,1
discussed,1
oz,1
doze,1
instruments,1
spinal,1
ferris,1
relic,1
illuminated,1
regard,1
monks,1
strenuous,1
creeping,1
castles,1
toilet,1
bleakly,1
collared,1
rocketry,1
swords,1
rubber,1
5,1
trash,1
separate,1
uncorked,1
symbol,1
flower,1
feodor,1
stocks,1
applause,1
unmitigated,1
rimmed,1
crumpled,1
lace,1
chinese,1
wakefulness,1
sourness,1
opportunities,1
ratproofed,1
explainers,1
alternatives,1
ticked,1
hatching,1
hems,1
lisa,1
holography,1
tea,1
rate,1
whimper,1
fathoms,1
toes,1
obstetricians,1
stiffness,1
sticking,1
semester,1
snug,1
alsdann,1
1908,1
florence,1
harlequin,1
flowered,1
flat,1
operators,1
charades,1
mellow,1
wrestled,1
absently,1
trackside,1
pong,1
rather,1
occasionally,1
umpires,1
testament,1
numb,1
rinehart,1
cornices,1
barbs,1
climaxes,1
encased,1
pretext,1
inward,1
harmless,1
stephen,1
soccer,1
nach,1
cupola,1
clouds,1
policeman,1
athletics,1
pirates,1
weight,1
generation,1
colder,1
alcohol,1
hilt,1
health,1
hill,1
paradise,1
induced,1
ersatz,1
roofs,1
cremated,1
threat,1
feed,1
sailor,1
passes,1
gurgled,1
rails,1
swarm,1
recovered,1
leafing,1
treasures,1
schon,1
king,1
scabbard,1
architect,1
risks,1
outdoors,1
storytelling,1
gals,1
shrewd,1
machines,1
cleaned,1
bacteria,1
moist,1
finding,1
acrimonious,1
critics,1
warnings,1
rarefied,1
76,1
71,1
measured,1
stands,1
doggie,1
notch,1
institutions,1
unwrapped,1
dutchmen,1
simulating,1
securing,1
billys,1
penalty,1
hatte,1
discuss,1
shepherd,1
multimillionaire,1
longest,1
beards,1
prescribing,1
engraved,1
dums,1
arc,1
cleverly,1
threats,1
libraries,1
various,1
overstuffed,1
lamenting,1
recently,1
succeed,1
license,1
flies,1
startling,1
dum,1
political,1
due,1
reduction,1
refrigeration,1
sopping,1
brick,1
ghost,1
dropout,1
transferring,1
vaguely,1
widely,1
advise,1
higher,1
restraint,1
painless,1
flown,1
birch,1
dared,1
cheer,1
starved,1
competitive,1
continent,1
meanest,1
workers,1
customers,1
fleas,1
clemency,1
plundering,1
collect,1
unstable,1
essential,1
grenades,1
washboards,1
anns,1
anni,1
fraternal,1
jumps,1
aloft,1
consolation,1
suffocatingly,1
peevishly,1
mingled,1
seeped,1
hatred,1
fluttering,1
holster,1
drifted,1
sections,1
vienna,1
files,1
succumbed,1
cloth,1
upright,1
junior,1
raising,1
manfully,1
lemon,1
mock,1
problems,1
meaning,1
fertilizer,1
vice,1
foundry,1
nuremburg,1
weights,1
pervert,1
alien,1
breathing,1
extrasensory,1
bedrooms,1
wishes,1
quintuplets,1
moonscape,1
pussycats,1
smaller,1
goodies,1
carefully,1
reunion,1
abominable,1
acid,1
folk,1
checkers,1
dangling,1
toenails,1
gaily,1
explore,1
lyrically,1
sexy,1
coverlet,1
pajama,1
feverishly,1
apple,1
egypt,1
rackets,1
eagles,1
commiserating,1
clever,1
silesia,1
bittersweet,1
raps,1
tax,1
rapt,1
villain,1
serial,1
memorize,1
struggles,1
tickling,1
slamming,1
typewriter,1
administrator,1
unforgivable,1
faucets,1
eheu,1
honestly,1
necklace,1
compass,1
glee,1
ships,1
permanent,1
choose,1
flour,1
blacktop,1
bills,1
cigar,1
88,1
fuxembourg,1
83,1
unpressed,1
honorable,1
organic,1
g,1
phrases,1
regaining,1
hence,1
firehouse,1
blanketed,1
undid,1
proposing,1
boil,1
shell,1
academy,1
splinters,1
mules,1
july,1
commodity,1
kneecaps,1
teenagers,1
mongolian,1
angle,1
outward,1
savagely,1
martha,1
unbearably,1
vegetation,1
twittering,1
screamingly,1
xerox,1
deny,1
buchenwald,1
bulging,1
craziness,1
neared,1
inhabit,1
fabulous,1
mouthful,1
ghetto,1
employee,1
cleavage,1
sparrows,1
truer,1
humiliation,1
buzzed,1
closer,1
teapots,1
closet,1
landry,1
scathingly,1
copilot,1
rendition,1
joe,1
gloat,1
derringer,1
warps,1
grounds,1
walt,1
subscribe,1
narrowed,1
hunters,1
divinely,1
mike,1
jaded,1
hmm,1
folding,1
whore,1
ivanhoe,1
perhaps,1
privileges,1
headlight,1
waitresses,1
merciful,1
largest,1
parthenon,1
coached,1
beast,1
coaches,1
brigadier,1
wheelbarrows,1
banging,1
wealthy,1
cries,1
opticians,1
elliot,1
attractive,1
jars,1
gute,1
identical,1
myth,1
adolph,1
press,1
doughnut,1
importuned,1
smashin,1
incendiary,1
shabby,1
tumble,1
scares,1
carlsbad,1
lead,1
acronym,1
extension,1
linger,1
column,1
urged,1
owe,1
weather,1
brush,1
fired,1
intention,1
vax,1
mailer,1
beds,1
record,1
ausable,1
ruling,1
tormen,1
meaningless,1
goodness,1
hymns,1
conspired,1
incredible,1
boom,1
branch,1
incredibly,1
clicks,1
junk,1
nourishment,1
margaret,1
airtight,1
shadowing,1
balsa,1
intentionally,1
volumes,1
dominoes,1
irony,1
