robot,361
said,317
powell,277
one,276
donovan,251
robots,223
know,201
would,192
calvin,161
well,146
see,138
two,135
get,133
first,129
lanning,126
brain,120
us,119
back,118
right,116
byerley,114
could,113
dr,112
eyes,111
human,111
time,110
bogert,103
susan,102
like,101
voice,100
think,99
machine,95
want,93
go,92
let,91
robbie,91
going,90
way,87
got,87
gloria,86
tell,84
yes,83
must,81
come,81
man,79
little,79
say,76
wrong,73
face,73
good,72
take,71
nothing,71
never,69
answer,69
something,69
mike,69
looked,68
even,67
away,66
three,66
upon,65
still,64
men,64
make,64
cutie,63
look,63
herbie,63
matter,62
suppose,62
came,60
new,60
oh,58
work,57
half,57
left,57
without,57
made,57
master,56
turned,56
may,56
long,56
head,56
room,55
earth,55
much,54
anything,54
course,54
enough,54
slowly,53
quinn,53
might,53
quite,52
last,52
weston,52
ever,52
speedy,51
far,51
law,50
general,50
mr,50
find,49
world,48
told,48
greg,48
thought,48
sure,48
positronic,47
ship,47
thing,47
hand,46
five,45
order,45
put,45
machines,44
mind,44
old,43
since,43
question,43
another,42
mean,42
felt,42
feet,42
u,41
went,39
place,39
help,38
give,38
almost,38
stephen,38
chair,37
knew,37
really,37
understand,37
everything,37
sir,37
dave,36
yet,36
moment,36
light,36
asked,35
life,35
harm,35
perhaps,35
years,34
silence,34
rather,34
words,34
fact,33
together,33
black,33
hard,33
part,33
point,33
use,33
every,33
days,33
metal,33
case,33
suddenly,33
feel,33
hours,32
ask,32
within,32
spoke,31
station,31
found,31
rule,31
air,31
behind,31
sound,31
rose,31
psychologist,31
listen,30
certain,30
problem,30
heard,30
death,30
hands,30
exactly,30
better,30
field,30
sudden,30
done,30
stared,30
end,30
gone,29
seemed,29
mechanical,29
space,29
humans,29
keep,29
robotics,29
job,29
door,28
orders,28
though,28
humanity,28
fingers,27
brought,27
sat,27
normal,27
energy,27
believe,27
took,27
ten,27
nestor,27
red,26
always,26
next,26
broke,26
mrs,26
else,26
data,26
side,26
simple,26
mercury,26
finger,26
second,25
hurt,25
past,25
paper,25
trying,25
stopped,25
smiled,25
peter,25
10,25
twenty,25
talking,25
care,24
people,24
cold,24
sixty,24
kallner,24
000,24
need,24
began,24
call,24
stop,24
bad,24
please,24
day,24
except,24
sort,24
six,24
things,23
ground,23
naturally,23
taken,23
remember,23
selenium,23
times,23
wait,23
merely,23
either,23
across,23
quietly,23
hair,23
figure,23
dropped,23
region,23
knows,23
leave,22
city,22
followed,22
whole,22
young,22
try,22
great,22
consolidated,22
trouble,22
impossible,22
cannot,22
tried,22
base,22
toward,22
probably,22
danger,22
entered,22
watch,22
weight,22
smile,21
co,21
office,21
anyway,21
maybe,21
gamma,21
talk,21
different,21
shook,21
hear,21
george,21
longer,21
possible,20
sense,20
thin,20
desk,20
caught,20
reason,20
hyper,20
close,20
step,20
arms,20
girl,20
eye,20
idea,20
nodded,20
short,20
arm,20
ashe,20
four,19
worked,19
beings,19
watched,19
society,19
steel,19
chance,19
word,19
speak,19
start,19
ahead,19
control,19
ordinator,19
alfred,19
dead,19
till,19
least,19
others,19
minutes,19
happened,19
given,19
quiet,19
director,19
known,19
called,19
saw,18
small,18
full,18
action,18
sent,18
replied,18
continued,18
remained,18
passed,18
lips,18
lost,18
home,18
thousand,18
hundred,18
modified,18
getting,18
situation,17
rest,17
2,17
set,17
line,17
ago,17
gently,17
explanation,17
certainly,17
prove,17
year,17
thinking,17
used,17
instance,17
corporation,17
immediately,17
eyebrows,17
type,17
seen,17
interest,17
body,17
later,17
radio,17
turn,17
coming,17
white,17
direction,17
waiting,17
eat,17
europe,17
table,17
hold,16
best,16
complicated,16
number,16
high,16
system,16
true,16
test,16
alone,16
hit,16
interstellar,16
stay,16
solution,16
run,16
boy,16
miles,16
waited,16
carefully,16
forward,16
obvious,16
eight,16
beam,16
finished,16
1,16
huge,16
follow,16
became,16
purpose,15
easy,15
inside,15
many,15
single,15
complete,15
large,15
devil,15
low,15
spread,15
months,15
change,15
area,15
heavy,15
jump,15
necessary,15
third,15
explain,15
subject,15
died,15
finally,15
anyone,15
speaking,15
potential,15
deep,15
position,15
perfectly,15
gave,15
wide,15
week,15
attention,15
united,15
person,14
resigned,14
raised,14
models,14
along,14
drive,14
expression,14
hey,14
returned,14
states,14
entire,14
also,14
rules,14
sight,14
makes,14
allow,14
means,14
break,14
sun,14
mamma,14
dilemma,14
paused,14
non,14
brains,14
real,14
hell,14
drew,14
robertson,14
near,14
save,14
economic,14
rays,14
pointed,14
important,14
public,14
response,14
house,14
built,14
bit,14
proper,14
wanted,14
laughed,14
faced,14
backward,14
goes,14
outside,14
seems,14
expect,14
north,14
present,14
radiation,14
tired,13
metallic,13
saying,13
child,13
steps,13
open,13
breath,13
play,13
truth,13
lifted,13
forced,13
silent,13
muttered,13
strong,13
clear,13
force,13
deal,13
aware,13
map,13
interesting,13
running,13
broken,13
hour,13
nose,13
mustache,13
controls,13
catch,13
name,13
engine,13
stand,13
sighed,13
wall,13
whether,13
therefore,12
floor,12
allowed,12
shouted,12
laws,12
around,12
research,12
age,12
walked,12
sharply,12
labor,12
robotic,12
government,12
placed,12
books,12
speed,12
business,12
meant,12
neither,12
parts,12
villafranca,12
tiny,12
seven,12
nestors,12
fell,12
group,12
shot,12
whispered,12
capable,12
seconds,12
none,12
existence,12
walls,12
simply,12
cut,12
giving,12
tunnel,12
regions,12
taking,12
wish,12
mess,12
destroyed,12
already,12
however,12
quickly,12
several,12
sunlight,12
wife,12
mathematician,12
added,12
questions,12
nice,12
capital,12
sit,12
afraid,12
cried,12
ching,11
explained,11
glass,11
pocket,11
demanded,11
gleaming,11
shadow,11
exact,11
stood,11
aside,11
dark,11
power,11
consider,11
information,11
fire,11
uh,11
shrugged,11
concerned,11
stars,11
bring,11
handle,11
gasped,11
hesitated,11
opened,11
3,11
read,11
moved,11
pool,11
answers,11
fool,11
food,11
pretty,11
circle,11
whatever,11
damn,11
dull,11
northern,11
started,11
surface,11
weeks,11
leaned,11
initiative,11
shoulder,11
manager,11
yeast,11
shift,11
seat,11
difference,11
easily,11
beginning,11
b,11
supposed,11
big,11
apparently,11
soft,11
forehead,11
boss,11
particular,11
motion,11
gregory,11
developed,11
fed,11
york,11
watching,11
nature,10
angry,10
pulled,10
square,10
damned,10
slow,10
whirled,10
plant,10
major,10
self,10
funny,10
emergency,10
standing,10
move,10
realize,10
atmosphere,10
hope,10
glance,10
ordinary,10
forty,10
created,10
tone,10
kept,10
war,10
flash,10
entirely,10
sheet,10
fifty,10
comes,10
worry,10
touch,10
using,10
soon,10
grew,10
obviously,10
mathematical,10
physics,10
completely,10
earthman,10
gesture,10
gray,10
minds,10
admit,10
lose,10
whose,10
wars,10
surprise,10
facts,10
mining,10
stretched,10
speech,10
forget,10
sitting,10
sharp,10
fine,10
atomic,10
approached,10
visiplate,10
knowledge,10
fixed,10
repeated,10
top,10
queer,10
election,10
heat,10
model,10
glad,10
story,10
kind,10
c,10
analysis,10
happen,10
silver,9
legs,9
population,9
dots,9
previous,9
million,9
beautiful,9
imagine,9
straight,9
cigar,9
send,9
ngoma,9
doubt,9
etheric,9
figures,9
woman,9
eventually,9
thick,9
dv,9
poor,9
building,9
month,9
actually,9
safety,9
less,9
required,9
telling,9
upward,9
able,9
shoulders,9
pardon,9
warp,9
attempt,9
personal,9
distance,9
chest,9
dog,9
ears,9
weary,9
answered,9
die,9
grinned,9
making,9
thank,9
carry,9
trace,9
sheets,9
show,9
nearly,9
among,9
search,9
corridor,9
monoxide,9
comfortable,9
various,9
hurry,9
tests,9
sleep,9
wildly,9
mother,9
solar,9
serious,9
environment,9
today,9
relief,9
difficult,9
temperature,9
storm,9
robopsychologist,9
thirty,9
acid,9
leaving,9
interrupted,9
qt,9
closed,9
looking,8
travel,8
needed,8
frowned,8
mouth,8
exist,8
minute,8
love,8
working,8
tightly,8
spot,8
instantly,8
possibility,8
seventy,8
ways,8
equipped,8
jumped,8
formed,8
motioned,8
original,8
reasoning,8
curious,8
considerably,8
definitely,8
fifteen,8
lock,8
surely,8
schedule,8
repeat,8
nuts,8
neck,8
interested,8
interval,8
teacher,8
marked,8
live,8
yeah,8
increase,8
history,8
phrase,8
dream,8
lit,8
ready,8
circuits,8
mentioned,8
likely,8
besides,8
campaign,8
twisted,8
softly,8
dear,8
failure,8
mad,8
correct,8
advance,8
morning,8
according,8
pay,8
remain,8
playing,8
prophet,8
create,8
secret,8
motionless,8
excited,8
beans,8
boys,8
asteroid,8
lines,8
reached,8
unless,8
superior,8
usual,8
works,8
whisper,8
direct,8
path,8
badly,8
jumping,8
fashion,8
thoroughly,8
report,8
anxiously,8
swept,8
games,8
beside,8
ns,8
charge,8
says,8
subsidiaries,8
engineer,8
huh,8
reaction,8
5,8
lack,8
problems,8
looks,8
ones,8
ended,8
opening,8
obey,8
cliff,8
unit,7
groaned,7
hot,7
bitter,7
task,7
tree,7
dozen,7
shall,7
touched,7
photoelectric,7
carbon,7
argue,7
attorney,7
vrasayana,7
ridiculous,7
destroy,7
vague,7
act,7
mass,7
pass,7
company,7
attitude,7
gazed,7
guess,7
become,7
grace,7
failed,7
beams,7
cry,7
drunk,7
harroway,7
yelled,7
results,7
involved,7
bent,7
intelligent,7
length,7
false,7
gentle,7
sufficiently,7
hydroponics,7
almaden,7
frustration,7
function,7
details,7
angrily,7
lay,7
somewhere,7
reasonable,7
thoughtfully,7
john,7
seated,7
iron,7
manner,7
received,7
photo,7
gravity,7
shout,7
night,7
born,7
becoming,7
evidence,7
presented,7
indeed,7
directly,7
size,7
husband,7
assembly,7
loose,7
nine,7
banks,7
held,7
miss,7
cave,7
signal,7
civilization,7
calculating,7
sounded,7
michael,7
becomes,7
shaking,7
special,7
powerful,7
state,7
noticed,7
lights,7
calm,7
peculiar,7
principle,7
cripple,7
fields,7
thoughts,7
somehow,7
jupiter,7
skin,7
inaction,7
humanoid,7
pain,7
otherwise,7
corner,7
wonder,7
cautiously,7
reading,7
middle,7
lawyer,7
movement,7
fist,7
build,7
shoved,7
follows,7
chief,7
tropics,7
intensity,7
center,7
ought,7
worlds,7
snapped,7
withdrew,7
hate,7
blue,7
ran,7
ray,7
tientsin,7
weak,7
trust,7
social,7
removed,7
ruined,7
vanished,7
focus,7
reply,7
laughter,7
factors,7
gives,7
milton,7
unfortunately,7
considered,7
check,7
worse,7
strange,7
feed,7
lying,7
demand,7
canal,7
anywhere,7
proof,7
wild,7
member,7
mines,7
regional,6
error,6
k,6
hole,6
hidden,6
series,6
rb,6
millions,6
checked,6
showed,6
feeling,6
responsible,6
struthers,6
eastern,6
crowd,6
slightly,6
mighty,6
intend,6
push,6
choice,6
studied,6
logical,6
thump,6
future,6
bright,6
tears,6
superiority,6
thinks,6
scientific,6
meal,6
glowing,6
rapidly,6
reactions,6
calculations,6
stairs,6
factor,6
connection,6
mine,6
couple,6
suit,6
land,6
involves,6
perfect,6
jagged,6
shut,6
rough,6
waste,6
pressure,6
smooth,6
smoke,6
mayor,6
production,6
l,6
essentially,6
tons,6
humor,6
holding,6
impatiently,6
economy,6
window,6
halt,6
amusement,6
inevitable,6
concern,6
notice,6
return,6
finish,6
downward,6
twelve,6
francis,6
lot,6
horror,6
darkness,6
ego,6
foot,6
conflict,6
sake,6
alive,6
similar,6
friendly,6
cell,6
located,6
front,6
cause,6
final,6
visor,6
strains,6
scarcely,6
impatience,6
cells,6
sorry,6
met,6
rights,6
worth,6
calmly,6
appeared,6
threw,6
infinitely,6
daddy,6
managed,6
mile,6
milk,6
item,6
filled,6
wearily,6
effort,6
nearest,6
shake,6
main,6
living,6
gathering,6
voices,6
mob,6
mankind,6
late,6
difficulty,6
backed,6
paths,6
extremely,6
century,6
absolutely,6
pounded,6
expedition,6
tube,6
nobody,6
beat,6
routine,6
laugh,6
plain,6
appearance,6
executive,6
risk,6
children,6
changed,6
airless,6
free,6
onto,6
despite,6
capacity,6
fault,6
expected,6
vibration,6
advanced,6
officer,6
dinner,6
trip,6
papers,6
picture,6
port,6
water,6
memory,6
factory,6
theory,6
clumsy,6
district,6
hyperatomic,6
grass,6
rubbed,6
included,6
list,6
breaking,6
harmless,6
circuit,6
blank,6
cigarette,6
range,6
stable,6
locate,6
covered,6
savagely,6
cube,6
sufficient,6
gets,6
press,6
electricity,5
tensely,5
shriek,5
holy,5
circumstances,5
fix,5
patch,5
result,5
pity,5
accident,5
country,5
logic,5
team,5
prevent,5
involve,5
pretend,5
seriously,5
training,5
spoken,5
indicate,5
worried,5
jobs,5
wants,5
snarled,5
industry,5
tight,5
section,5
experience,5
tested,5
keeping,5
accept,5
waved,5
mackenzie,5
anxious,5
heads,5
sometimes,5
extreme,5
34,5
relaxed,5
um,5
faded,5
stiffly,5
pair,5
earthmen,5
realized,5
relays,5
detonator,5
mechanism,5
pete,5
device,5
listened,5
stuff,5
staring,5
drink,5
dust,5
recognize,5
variety,5
file,5
satisfied,5
safe,5
muller,5
sunside,5
strength,5
personality,5
drawn,5
mistake,5
bound,5
brown,5
entrance,5
car,5
tomorrow,5
friend,5
anger,5
burst,5
blame,5
growled,5
grimly,5
pushed,5
evening,5
beyond,5
infinite,5
sign,5
useless,5
quote,5
heavens,5
meanwhile,5
x,5
seventeen,5
conditions,5
missing,5
pace,5
ordered,5
e,5
stiff,5
shrieked,5
globe,5
precisely,5
construction,5
based,5
dangerous,5
importance,5
destruction,5
functions,5
grunted,5
fists,5
ore,5
moving,5
somewhat,5
anxiety,5
modern,5
tunnels,5
observation,5
annoyed,5
decided,5
scrap,5
regarded,5
background,5
dim,5
growing,5
sunday,5
pure,5
tall,5
killed,5
sounds,5
paid,5
mark,5
cotton,5
solve,5
sprang,5
secrecy,5
served,5
insosuit,5
manufactured,5
roar,5
cables,5
zero,5
admits,5
formation,5
numbers,5
eats,5
responsibility,5
oxalic,5
statement,5
particularly,5
giant,5
nervous,5
individual,5
patiently,5
spent,5
deliberately,5
foolish,5
per,5
handbook,5
subsidiary,5
private,5
tropic,5
fourteen,5
throat,5
acceleration,5
graphs,5
inferior,5
equilibrium,5
calling,5
passing,5
ah,5
material,5
nevertheless,5
although,5
actual,5
supplied,5
description,5
unsteady,5
glanced,5
joined,5
ceiling,5
twice,5
automatic,5
news,5
mildly,5
insisted,5
shortly,5
judge,5
apart,5
escape,5
plus,5
civil,5
fury,5
fourth,5
comfort,5
term,5
visivox,5
pre,5
horrible,5
period,5
careful,5
roboticist,5
accepted,5
strictly,5
separate,5
directors,5
settled,5
somewheres,5
faint,5
minor,5
flat,5
equation,5
electric,5
reach,5
publicity,5
higher,5
lower,5
abnormality,5
refused,5
cautious,5
dragged,5
steve,5
apple,5
bitterly,5
rabbit,5
tension,5
erratic,5
fear,5
nearer,5
converter,5
ability,5
cross,5
lead,5
cinderella,5
book,5
sick,5
politician,4
absolute,4
project,4
absorbed,4
gauge,4
asia,4
plate,4
fail,4
lots,4
extent,4
split,4
european,4
east,4
psychological,4
prosecutor,4
evidently,4
natural,4
torn,4
quarter,4
average,4
walking,4
arrival,4
teens,4
concentrated,4
loudly,4
engaged,4
breakdown,4
wires,4
edges,4
dare,4
burning,4
pull,4
impossibility,4
condition,4
method,4
dress,4
intended,4
mexican,4
gerald,4
drifting,4
determined,4
seized,4
impressionment,4
delicately,4
knees,4
premises,4
barely,4
uncertain,4
pressed,4
leaning,4
suffering,4
continue,4
spring,4
palm,4
pale,4
guessing,4
opinion,4
confidence,4
pencil,4
occurred,4
purposes,4
produced,4
interests,4
bother,4
clearly,4
stronger,4
pause,4
rooms,4
transparent,4
increased,4
blackness,4
mere,4
count,4
lately,4
neat,4
simultaneously,4
study,4
indicated,4
interview,4
earlier,4
footsteps,4
happily,4
notion,4
gears,4
terms,4
engines,4
wheel,4
swell,4
fight,4
nursemaid,4
maximum,4
unusually,4
physical,4
blast,4
uniform,4
occur,4
eh,4
hastily,4
receiving,4
blind,4
america,4
steady,4
progress,4
struck,4
frown,4
equivalent,4
stare,4
flattened,4
ceased,4
thoughtful,4
decide,4
globes,4
takes,4
citizen,4
gasp,4
desperately,4
occasions,4
perceptible,4
terrible,4
uncertainly,4
obedience,4
lip,4
experienced,4
empty,4
reads,4
technicians,4
popular,4
creation,4
eating,4
faith,4
nonsense,4
manufacture,4
amounts,4
rested,4
requires,4
suits,4
wave,4
mercurian,4
experiment,4
insosuits,4
focused,4
win,4
remains,4
ride,4
humiliating,4
resumed,4
designed,4
privacy,4
photograph,4
claim,4
bet,4
affair,4
desperate,4
addition,4
novel,4
loss,4
broad,4
freedom,4
madame,4
technician,4
highest,4
crystals,4
balcony,4
friends,4
lives,4
heading,4
dry,4
roof,4
curiosity,4
operations,4
forgot,4
struggle,4
loud,4
preparation,4
silly,4
folded,4
suggested,4
basic,4
balance,4
diaphragm,4
stiffened,4
super,4
automatically,4
frightened,4
billion,4
teeth,4
round,4
talked,4
useful,4
happens,4
staying,4
grow,4
switch,4
rock,4
monster,4
language,4
interior,4
enthusiasm,4
silently,4
tour,4
unusual,4
offered,4
photocells,4
harsh,4
oil,4
money,4
grip,4
grim,4
grin,4
impressioned,4
stations,4
hysterical,4
arranged,4
fill,4
represent,4
narrow,4
gravely,4
blood,4
szegeczowska,4
everyone,4
mental,4
needle,4
ruin,4
unhappy,4
responses,4
replaced,4
development,4
fundamentalists,4
letting,4
scowled,4
often,4
decision,4
shock,4
abstractedly,4
account,4
cinnabar,4
curving,4
trembling,4
mention,4
warned,4
math,4
south,4
flashed,4
staff,4
madman,4
exists,4
greece,4
instant,4
assure,4
fellow,4
tumbled,4
crawled,4
admitted,4
authority,4
noise,4
ledge,4
feeding,4
shining,4
interplanetary,4
complexity,4
sarcasm,4
serve,4
flame,4
plenty,4
conference,4
confident,4
runaround,4
parsecs,4
departed,4
corp,4
froze,4
presence,4
annoying,4
flushed,4
remarkable,4
hoarse,4
lenton,4
handled,4
slightest,4
eighty,4
plastic,4
cleared,4
genius,4
radiations,4
detect,4
definite,4
emotional,4
hunched,4
insist,4
mount,4
cast,4
someone,4
shifts,4
actions,4
kill,4
competition,4
snatched,4
respect,4
determine,4
stumbled,4
decisions,4
grandfather,4
deeply,4
directions,4
scientist,4
thread,4
prejudice,4
imperfect,4
double,4
northerners,4
activity,4
vincent,4
bare,4
sold,4
sweep,4
due,4
frozen,4
continent,4
unstable,4
intense,4
meaning,4
vice,4
electron,4
medieval,4
larger,4
motor,4
stream,4
carried,4
serial,4
choose,4
redhead,4
practice,4
articles,4
conflicts,4
shelf,4
angle,4
deny,4
dope,4
closer,4
hypothesis,4
walk,4
repetition,4
thus,4
english,4
sky,4
blueprints,4
smoothly,4
percent,4
yellow,3
railing,3
fingernails,3
sinking,3
wooden,3
specialist,3
china,3
climbed,3
military,3
replace,3
relax,3
successful,3
keeps,3
wind,3
rewarded,3
fit,3
effects,3
telescope,3
laboratory,3
threatened,3
shipped,3
spinning,3
gilbert,3
exclaimed,3
derived,3
eagerly,3
errors,3
organization,3
nominated,3
clicked,3
emphatically,3
blew,3
rolled,3
planned,3
adapted,3
tune,3
golden,3
sleepy,3
birth,3
desire,3
losing,3
statements,3
complications,3
proven,3
humorlessly,3
whoever,3
resources,3
balled,3
settle,3
fingernail,3
current,3
300,3
jury,3
understanding,3
scratched,3
believes,3
divided,3
snaps,3
blasting,3
date,3
tendency,3
tore,3
suspicion,3
records,3
investigation,3
neglect,3
emotion,3
note,3
trembled,3
spare,3
deduction,3
boat,3
vacation,3
costs,3
noon,3
refer,3
favorite,3
walensky,3
torso,3
adam,3
buzzing,3
pick,3
gorgeous,3
science,3
knocked,3
fundamental,3
w,3
clump,3
delicate,3
preservation,3
threatening,3
plan,3
indifference,3
obscure,3
approaching,3
hoarsely,3
frosty,3
raced,3
handling,3
expanded,3
backing,3
necessity,3
recent,3
parents,3
location,3
surprised,3
chorus,3
nationalism,3
tuft,3
elements,3
fresh,3
enclosed,3
led,3
invented,3
receive,3
defeat,3
disobey,3
throw,3
destroying,3
mumbled,3
ponderously,3
degrees,3
overproduction,3
dismantled,3
jar,3
familiar,3
following,3
coils,3
greater,3
drawing,3
checking,3
increases,3
crisp,3
chairs,3
shuddered,3
garage,3
coldly,3
hiding,3
whistled,3
startled,3
lowered,3
tossed,3
official,3
excitement,3
inc,3
compared,3
illusion,3
saved,3
sped,3
furrowed,3
triumph,3
established,3
daughter,3
total,3
wore,3
worn,3
unreadable,3
green,3
worst,3
colorless,3
lousy,3
wasted,3
powers,3
fitted,3
nasty,3
applied,3
board,3
antique,3
post,3
dimly,3
dying,3
mightily,3
datum,3
factories,3
rhythm,3
emergencies,3
regained,3
cost,3
helpless,3
overseers,3
sending,3
extra,3
chin,3
spd,3
fortunately,3
forms,3
chuckled,3
flying,3
mostly,3
equipment,3
begin,3
forever,3
shrill,3
tonelessly,3
physically,3
elected,3
asleep,3
reluctantly,3
monsieur,3
trick,3
soil,3
centuries,3
mentally,3
pounds,3
verbal,3
strained,3
elementary,3
pitched,3
mathematics,3
religious,3
heaven,3
throbbing,3
unheard,3
learned,3
amount,3
injure,3
mysterious,3
injury,3
thumped,3
bugs,3
slammed,3
ye,3
trailed,3
surrounded,3
expecting,3
shifted,3
blindly,3
juice,3
concentration,3
suddenness,3
trees,3
famous,3
howled,3
culture,3
liked,3
headed,3
likes,3
described,3
mitchell,3
belong,3
grand,3
uselessly,3
game,3
urgent,3
delivered,3
rut,3
collapsed,3
dashed,3
resign,3
drag,3
clenched,3
evenly,3
proposition,3
positions,3
volatile,3
neurotic,3
slide,3
attachments,3
attack,3
bed,3
rhythmic,3
lightly,3
spotted,3
horribly,3
convince,3
correctly,3
approval,3
limits,3
disobeyed,3
quit,3
senses,3
sensed,3
effect,3
quavered,3
accurate,3
page,3
quartz,3
choked,3
sinister,3
tongue,3
museum,3
jinx,3
hm,3
stab,3
contained,3
interpret,3
ninety,3
faulty,3
vicious,3
maintain,3
bitterness,3
seem,3
regular,3
dot,3
ending,3
undignified,3
sugar,3
colorful,3
bar,3
artificial,3
supposing,3
weakly,3
unconcerned,3
rome,3
claims,3
consciousness,3
buyers,3
character,3
wanting,3
barbarians,3
nerve,3
complaints,3
pages,3
form,3
handed,3
happening,3
assume,3
skip,3
father,3
insides,3
soul,3
crazy,3
subconsciously,3
chemical,3
resignation,3
peered,3
dioxide,3
gigantic,3
tractor,3
spectacle,3
efficient,3
answering,3
track,3
especially,3
storms,3
stupid,3
insoluble,3
dislocations,3
maintained,3
borders,3
doctor,3
robopsychology,3
companion,3
totally,3
flavor,3
reddened,3
audience,3
strangled,3
spreading,3
deepened,3
strikes,3
imagination,3
planets,3
personnel,3
talks,3
puffs,3
fall,3
creatures,3
shanghai,3
wiped,3
landed,3
specialized,3
synchronized,3
needs,3
struggling,3
acting,3
members,3
golly,3
assumption,3
smoothed,3
gotten,3
recording,3
aged,3
province,3
hopped,3
expert,3
meeting,3
strictest,3
fun,3
urgency,3
openly,3
source,3
snap,3
jerked,3
knock,3
semi,3
scale,3
continuing,3
directed,3
planet,3
prepared,3
blaze,3
putting,3
remark,3
composed,3
mid,3
oily,3
bones,3
contempt,3
buildings,3
bothered,3
trifling,3
hugged,3
galaxy,3
criminal,3
blazing,3
afterward,3
reaches,3
scant,3
coughed,3
gingerly,3
occasion,3
areas,3
conform,3
wear,3
tense,3
value,3
helped,3
novels,3
judgment,3
introduced,3
billions,3
guard,3
quivered,3
misty,3
variations,3
pin,3
detail,3
limited,3
sleek,3
pride,3
emptiness,3
hide,3
property,3
boomed,3
mc,3
gadgets,3
attract,3
aching,3
interpretation,3
writing,3
shadows,3
frantically,3
laid,3
hearing,3
brushed,3
bridge,3
screwy,3
glow,3
solutions,3
blinking,3
thanks,3
sullivan,3
cracked,3
procedure,3
experts,3
complex,3
cycle,3
greatest,3
incapable,3
breaks,3
specific,3
hso,3
stuck,3
constructed,3
faithful,3
tie,3
unbalanced,3
faster,3
passage,3
cool,3
widened,3
twentieth,3
swallowed,3
cases,3
crashed,3
motions,3
maps,3
corners,3
possibilities,3
begun,3
oath,3
tanning,3
straddled,3
emphasis,3
blunt,3
proud,3
spaced,3
ignored,3
weapons,3
contract,3
resentment,3
pilot,3
granted,3
refusal,3
changing,3
hysteria,3
roboticists,3
violent,3
halfway,3
furniture,3
oddly,3
mood,3
legal,3
cursed,3
taste,3
politics,3
idiot,3
calls,3
subsided,3
program,3
westons,3
lin,3
ticked,3
penet,3
awful,3
abstracted,3
sub,3
observing,3
pleasant,3
domination,3
stick,3
feebly,3
joints,3
imitation,3
sandwich,3
supervision,3
lipped,3
somebody,3
units,3
health,3
thrown,3
breathless,3
recovered,3
convinced,3
motivation,3
finding,3
investigate,3
mechanically,3
slapped,3
unions,3
creating,3
political,3
precision,3
vaguely,3
jars,3
plants,3
behavior,3
blurted,3
currents,3
arrived,3
edge,3
intervals,3
skeptical,3
gradually,3
fragments,3
fast,3
endurance,3
peace,3
allowing,3
impatient,3
disposal,3
smaller,3
curtly,3
sensation,3
apply,3
clever,3
universe,3
instead,3
wrist,3
permanent,3
trap,3
interplay,3
coaster,3
class,3
chances,3
agreed,3
purely,3
pleased,3
postulates,3
ear,3
local,3
displayed,3
married,3
view,3
converted,3
safely,3
grounds,3
decent,3
thud,3
timbre,3
bending,3
heavily,3
obtain,3
rapid,3
supply,3
identical,3
loses,3
leap,3
volume,3
record,3
incredible,3
incredibly,3
junk,3
marching,2
dissolution,2
foul,2
bringing,2
hanging,2
contributed,2
reporter,2
reports,2
levver,2
strike,2
brings,2
locked,2
plunged,2
example,2
complaining,2
significance,2
types,2
easier,2
virtually,2
interrupt,2
whir,2
angular,2
adapt,2
enormous,2
service,2
similarly,2
collapse,2
sulphur,2
crawl,2
nations,2
constricted,2
susie,2
stirrup,2
object,2
episode,2
psychiatric,2
altogether,2
eyelids,2
release,2
fair,2
preserve,2
screwball,2
breathlessly,2
privilege,2
spit,2
elaborate,2
remembering,2
played,2
obeying,2
trusted,2
marched,2
possibly,2
vats,2
macabre,2
inhuman,2
caskets,2
shaken,2
dollars,2
fundies,2
sob,2
sol,2
son,2
fabric,2
support,2
humorous,2
authorized,2
happy,2
forming,2
circumstantial,2
devices,2
proved,2
proves,2
relay,2
flood,2
fastened,2
ottawa,2
adult,2
gloomy,2
insignificant,2
falling,2
yards,2
wherever,2
accomplished,2
positive,2
visual,2
ignorant,2
virtue,2
offense,2
optimal,2
conscious,2
bluster,2
sh,2
lighter,2
troubles,2
attraction,2
decades,2
nation,2
instability,2
entering,2
massive,2
submit,2
twenties,2
proving,2
depressed,2
sam,2
afternoons,2
sad,2
buried,2
flatness,2
fashionable,2
convulsive,2
opposite,2
guarded,2
clang,2
physicists,2
vision,2
representatives,2
thickly,2
flipped,2
dislocation,2
dutiful,2
stretch,2
former,2
newspaper,2
wired,2
occasional,2
dryly,2
aspects,2
gestured,2
darn,2
vacuum,2
grouping,2
satisfactory,2
exit,2
prosecution,2
standpoint,2
clouds,2
rumbled,2
gleam,2
sealed,2
bristled,2
survived,2
rush,2
aw,2
2003,2
presenting,2
tricks,2
restricted,2
caused,2
laughing,2
chewing,2
puzzled,2
scientists,2
leaping,2
via,2
vis,2
magnification,2
learn,2
stated,2
fiercely,2
develop,2
ethics,2
refuse,2
daves,2
bowl,2
smiling,2
roots,2
buttercup,2
gadget,2
energetically,2
investigators,2
begged,2
girlish,2
operation,2
psychology,2
nervously,2
murmur,2
slipped,2
glitter,2
syllables,2
cradled,2
vocal,2
remembers,2
sell,2
deviations,2
seize,2
cover,2
timbred,2
banned,2
closely,2
reporters,2
sleeve,2
sea,2
outward,2
viciousness,2
untouched,2
volcanic,2
acted,2
worthless,2
firm,2
awake,2
admire,2
technical,2
hoping,2
concrete,2
condensers,2
clutched,2
bogie,2
disorder,2
methods,2
novelty,2
religion,2
odor,2
dictates,2
appropriate,2
primarily,2
spending,2
specifically,2
spat,2
inches,2
considerable,2
continuously,2
sunken,2
holes,2
scratch,2
garden,2
panting,2
minerals,2
race,2
disheveled,2
expressed,2
leg,2
gathered,2
busy,2
consideration,2
certificate,2
illegal,2
eleven,2
process,2
slim,2
pieces,2
shuffled,2
native,2
jigger,2
communication,2
outlined,2
francisco,2
thrust,2
scene,2
spaceship,2
shorts,2
spelled,2
tonight,2
viewed,2
rouge,2
exchanged,2
strengthened,2
temporarily,2
explosive,2
shapes,2
ramp,2
puff,2
nonmetallic,2
adjusted,2
poured,2
roasting,2
sourly,2
ultra,2
surprisingly,2
optimistic,2
glared,2
ostentatious,2
ball,2
identity,2
command,2
newest,2
flesh,2
madam,2
stagger,2
flickering,2
nerves,2
replacement,2
indications,2
flush,2
passion,2
executives,2
screamed,2
disapproval,2
unresponsive,2
bearing,2
wrenching,2
lasted,2
searched,2
sputtered,2
bewildered,2
pince,2
officially,2
protection,2
obtained,2
items,2
glittering,2
vapors,2
emeritus,2
striving,2
1998,2
cans,2
gamble,2
lap,2
coffee,2
bank,2
oxygen,2
fellows,2
forth,2
barrier,2
campaigns,2
writhing,2
disuse,2
electronic,2
observations,2
offhand,2
guilt,2
lulu,2
latter,2
forces,2
crinkled,2
circles,2
involving,2
grave,2
missed,2
fussy,2
subtly,2
infrared,2
varied,2
domesticated,2
cooperation,2
visited,2
equations,2
dozens,2
warmth,2
harms,2
squawking,2
aim,2
aid,2
tugged,2
rasping,2
discreet,2
farther,2
security,2
ideal,2
purple,2
properties,2
sizzling,2
horizon,2
wasting,2
lowest,2
muscular,2
promised,2
reality,2
welcome,2
reception,2
dance,2
protective,2
ferociously,2
turns,2
upper,2
thinker,2
cargo,2
appear,2
satisfy,2
retired,2
puffed,2
rarely,2
market,2
heart,2
productive,2
discussion,2
lounge,2
sacrifice,2
indifferently,2
perfection,2
trifle,2
dreadfully,2
nod,2
drop,2
er,2
shown,2
shows,2
inevitably,2
hiram,2
honest,2
purring,2
invasion,2
ring,2
drove,2
remotely,2
eliminates,2
angel,2
fifth,2
crackling,2
gleamed,2
flatly,2
receded,2
installation,2
temper,2
wheels,2
external,2
argentina,2
heels,2
gentlemen,2
tradition,2
lawrence,2
rama,2
laboratories,2
charged,2
propped,2
listening,2
lady,2
ruled,2
recorder,2
willies,2
comparison,2
outlook,2
supervising,2
shower,2
groan,2
stentorian,2
tones,2
scanner,2
momentarily,2
describe,2
valid,2
evenings,2
profits,2
macdougal,2
skeleton,2
pointing,2
carpet,2
referring,2
resounding,2
appertaining,2
somberly,2
unblinking,2
witnessed,2
emotions,2
modify,2
family,2
trained,2
conventional,2
parallelepiped,2
weighed,2
offended,2
stayed,2
inconceivable,2
systems,2
finer,2
towering,2
houses,2
automobile,2
reflected,2
wonderful,2
scheme,2
trapped,2
bulged,2
kindly,2
lie,2
quota,2
mobile,2
latest,2
stalked,2
phenomenon,2
completion,2
gloves,2
pictures,2
invisible,2
substation,2
crackpots,2
experimental,2
vessel,2
collected,2
threaten,2
lived,2
determination,2
match,2
madly,2
modification,2
temporary,2
appalled,2
judgments,2
quarters,2
winced,2
elect,2
guaranteed,2
remaining,2
march,2
damage,2
pounding,2
sympathetic,2
stem,2
stew,2
seeing,2
properly,2
skull,2
sullen,2
application,2
department,2
responded,2
practically,2
psycho,2
button,2
inspection,2
booth,2
clangor,2
enterprising,2
patents,2
manage,2
agreeably,2
cheeks,2
crossed,2
meet,2
escaped,2
pulling,2
hesitate,2
defective,2
furiously,2
including,2
stubbled,2
magnitude,2
pools,2
measure,2
ceylon,2
hostile,2
keen,2
quality,2
stroked,2
yawned,2
succinctly,2
defense,2
enforced,2
recesses,2
yielding,2
sardonic,2
thereto,2
border,2
craned,2
hopeful,2
shyster,2
grab,2
overtones,2
interfere,2
kicking,2
key,2
interpretations,2
career,2
crystalline,2
cent,2
license,2
tapped,2
glowed,2
distant,2
warrant,2
canter,2
glare,2
instinct,2
recognized,2
equally,2
brusquely,2
inner,2
ph,2
cruel,2
stories,2
piece,2
display,2
education,2
void,2
clothes,2
nez,2
drs,2
credit,2
drowned,2
counts,2
leaks,2
warn,2
warm,2
aircoaster,2
inhabited,2
president,2
imperturbably,2
differently,2
mounts,2
bone,2
interruption,2
taught,2
trading,2
hushed,2
turning,2
thereof,2
lettuce,2
twitched,2
girls,2
sees,2
seek,2
tells,2
doc,2
points,2
breathed,2
planetary,2
brilliance,2
uneasiness,2
saturn,2
ethical,2
reference,2
testing,2
disprove,2
sorts,2
cleverer,2
picking,2
inquisitive,2
basis,2
trigger,2
mexico,2
unfortunate,2
blandly,2
opportunity,2
stimuli,2
smokes,2
sentence,2
unfair,2
identify,2
nudge,2
candidate,2
highly,2
vaulted,2
burn,2
evitable,2
electrocuting,2
annoyance,2
initial,2
inspected,2
assented,2
attached,2
northerner,2
breathe,2
clings,2
diet,2
jacket,2
marks,2
din,2
visorphone,2
bombardment,2
sunpower,2
french,2
hummed,2
jungles,2
women,2
suggestion,2
verge,2
aimlessly,2
flung,2
fly,2
walled,2
sour,2
confused,2
cowered,2
outline,2
tale,2
shield,2
markings,2
developments,2
dwelling,2
suspended,2
accurately,2
sublevels,2
blurred,2
15,2
17,2
centigrade,2
dash,2
occupied,2
shocked,2
performance,2
plumbing,2
surprising,2
gyro,2
precise,2
rejoinder,2
curled,2
declared,2
snorted,2
august,2
spank,2
accusation,2
mars,2
gripped,2
sleeping,2
dangerously,2
stepped,2
pal,2
intermittent,2
pile,2
4,2
grating,2
gnarled,2
disappointed,2
acquainted,2
matching,2
gross,2
drenched,2
filling,2
lunar,2
moderate,2
knife,2
giggle,2
island,2
practical,2
lifers,2
structure,2
romantic,2
affection,2
grasped,2
lifetime,2
binocular,2
resembled,2
tightened,2
caste,2
liar,2
founder,2
sunk,2
crimson,2
stretching,2
published,2
africa,2
purse,2
nester,2
varying,2
town,2
sulkily,2
maniac,2
guards,2
abandon,2
lingered,2
stubborn,2
share,2
minimum,2
narrowly,2
drained,2
acts,2
stir,2
questioning,2
crowded,2
pleasure,2
industrial,2
clumsily,2
hundredth,2
22,2
obeyed,2
repeating,2
jabbed,2
unreasoning,2
unacquainted,2
compartment,2
mentality,2
percentage,2
savagery,2
depending,2
tool,2
eggs,2
serviced,2
significant,2
contorted,2
generators,2
boulder,2
permission,2
common,2
unmistakable,2
tender,2
reverse,2
expensive,2
astonishment,2
solid,2
violently,2
stubbornly,2
relatively,2
itch,2
leopard,2
appreciable,2
gestures,2
irritably,2
shape,2
alternative,2
consequently,2
translate,2
engineering,2
cure,2
curl,2
lent,2
implied,2
2007,2
restraining,2
fatal,2
dessert,2
implicitly,2
arrange,2
access,2
pleading,2
packing,2
decrease,2
names,2
tap,2
sermon,2
impotence,2
tearing,2
holds,2
fran,2
bluff,2
liner,2
lined,2
alacrity,2
agricultural,2
arrangement,2
headlong,2
willing,2
popping,2
frank,2
embarrassed,2
ancient,2
fahrenheit,2
immovable,2
completed,2
loves,2
curves,2
comfortably,2
preliminary,2
disease,2
bear,2
bead,2
reform,2
pattern,2
pursed,2
sorrow,2
vent,2
tremendous,2
ridden,2
divisions,2
multi,2
delusion,2
13a,2
arrangements,2
tampered,2
bloodless,2
tumbling,2
binoculars,2
exceedingly,2
sets,2
flashlight,2
repetitious,2
mathematically,2
add,2
heel,2
antirobot,2
assuming,2
screwed,2
simpler,2
buy,2
wise,2
glory,2
baked,2
comparatively,2
spec,2
rise,2
fireplace,2
school,2
faintest,2
scribbled,2
louder,2
kicked,2
hundreds,2
morosely,2
changes,2
punishment,2
feelings,2
visible,2
appendage,2
delicacy,2
parallel,2
jungle,2
shadowy,2
nitwit,2
rang,2
ton,2
unbroken,2
centered,2
frankly,2
handkerchief,2
seminar,2
thorough,2
rider,2
marveled,2
random,2
knuckle,2
disgust,2
licking,2
beg,2
nub,2
confusion,2
improve,2
protect,2
faces,2
aback,2
speeches,2
suggest,2
wound,2
possessed,2
unemployment,2
resigning,2
dilemmas,2
57,2
offices,2
precautions,2
intellect,2
permitted,2
efforts,2
dials,2
bath,2
existed,2
differences,2
sponge,2
admiration,2
portions,2
forearm,2
outstretched,2
tip,2
scrambled,2
perfected,2
setting,2
eternity,2
younger,2
neighbors,2
row,2
glittered,2
asking,2
outmoded,2
advantage,2
level,2
quick,2
lever,2
injunction,2
substitute,2
crippled,2
disappeared,2
healthy,2
emerge,2
roared,2
dismal,2
thousands,2
iodine,2
requirements,2
succeeded,2
midnight,2
qualified,2
producing,2
catching,2
exclamation,2
flare,2
unison,2
hum,2
released,2
require,2
r,2
conversion,2
ideas,2
multiple,2
falls,2
heap,2
cheap,2
wood,2
responding,2
naked,2
signs,2
college,2
voluntary,2
crooked,2
corridors,2
harshly,2
fissure,2
efficiency,2
color,2
pot,2
500,2
shaft,2
nothingness,2
vest,2
resentful,2
propose,2
drives,2
muffled,2
luxites,2
bodies,2
blow,2
dully,2
provided,2
moon,2
hmpph,2
compulsion,2
metropolis,2
kilter,2
communicate,2
ok,2
discussed,2
instruments,2
rising,2
strict,2
rubber,2
briefly,2
curve,2
crumpled,2
descartes,2
extraneous,2
removal,2
belonging,2
cadaver,2
rate,2
invention,2
hesitation,2
rascal,2
miniature,2
forcefully,2
absently,2
computers,2
protects,2
swung,2
desperation,2
grande,2
hunted,2
instructions,2
pirates,2
shipment,2
paradise,2
monotony,2
fallen,2
radical,2
sympathy,2
leading,2
outcropping,2
headache,2
relieved,2
uncommonly,2
stall,2
hopelessly,2
measures,2
art,2
arc,2
recently,2
succeed,2
opposition,2
betrayed,2
bronze,2
hesitant,2
blazed,2
reasons,2
incandescent,2
village,2
strategy,2
flight,2
engineers,2
rio,2
rid,2
shirt,2
lengths,2
advise,2
mountain,2
brooding,2
uneasily,2
daren,2
dancing,2
chickens,2
anybody,2
magnified,2
workers,2
systematically,2
message,2
collect,2
essential,2
understood,2
hurriedly,2
ticking,2
drifted,2
conceivable,2
understands,2
upright,2
dismay,2
coordinator,2
helping,2
resistance,2
peering,2
include,2
breathing,2
wished,2
drinking,2
fold,2
ammunition,2
degree,2
youngest,2
doubtfully,2
impress,2
panted,2
readiness,2
mathematicians,2
violating,2
contention,2
flew,2
successor,2
profound,2
transmitted,2
integrated,2
organic,2
conversation,2
unknown,2
july,2
liquid,2
gloomily,2
unbearable,2
pupils,2
agency,2
harmful,2
cracking,2
spacesuit,2
appallingly,2
planning,2
utter,2
monstrous,2
crude,2
pants,2
joy,2
narrowed,2
unhappiness,2
provinces,2
hmp,2
tangible,2
abandoned,2
fearful,2
positrons,2
lightweight,2
largest,2
elbows,2
fighting,2
cries,2
repressed,2
searching,2
lean,2
analyses,2
urged,2
polished,2
fired,2
squeeze,2
broadly,2
glint,2
conclusion,2
vassals,1
fingers_,1
formless,1
outwit,1
lord,1
hormone,1
forties,1
disturb,1
prize,1
broiled,1
persisted,1
succession,1
specially,1
rusts,1
available,1
scraped,1
cooking,1
fossil,1
resilient,1
increasing,1
exclamations,1
hero,1
chins,1
atoms,1
spoon,1
cult,1
natured,1
flatlands,1
appropriately,1
coordinators,1
music,1
pinpoints,1
females,1
whirling,1
blade,1
leaped,1
nitrates,1
unjust,1
organized,1
organizer,1
gargantuan,1
livened,1
hog,1
feature,1
machina,1
preferable,1
beauty,1
typed,1
outlawed,1
destined,1
sentencing,1
effective,1
headquarters,1
baggage,1
specks,1
sarcastically,1
snugly,1
nourished,1
dreamed,1
experimentally,1
soothingly,1
lovingly,1
screaming,1
insubstantial,1
incongruous,1
grievous,1
towered,1
blushed,1
windmill,1
pictographs,1
bowls,1
blinded,1
rd,1
outburst,1
foundation,1
valois,1
faculties,1
knit,1
ate,1
shelves,1
flurry,1
obsolescent,1
disturbed,1
competed,1
thirtyfour,1
wash,1
clamorous,1
geneva,1
wisdom,1
positively,1
bracings,1
coward,1
rusty,1
entail,1
affairs,1
recommended,1
causing,1
amusing,1
disdainfully,1
letter,1
grove,1
camp,1
nineteenth,1
scream,1
incomplete,1
prim,1
sightseer,1
insects,1
meetings,1
clatterfooted,1
lessons,1
apace,1
touches,1
grunt,1
quaint,1
menu,1
rich,1
foolishly,1
stammered,1
nicely,1
_makeshift_,1
pretzel,1
frigidity,1
skulls,1
rings,1
exhalation,1
scorn,1
discipline,1
extend,1
authorizing,1
dynastic,1
veer,1
disdain,1
heating,1
perfunctorily,1
obscenity,1
troublesome,1
humming,1
shouting,1
union,1
dreg,1
electrocution,1
davs,1
chile,1
gritty,1
contemplated,1
onethousandth,1
dissect,1
professionally,1
calcium,1
unfelt,1
suspense,1
conditioned,1
lushly,1
severity,1
babies,1
electro,1
emphatic,1
exertion,1
fairly,1
powie,1
marches,1
fieldtesting,1
ownership,1
haggard,1
quantitative,1
technicolor,1
opinions,1
outlived,1
sleeps,1
financially,1
spectacles,1
ease,1
insubordination,1
hat,1
casually,1
confection,1
clustered,1
imposed,1
creek,1
insistence,1
ump,1
bottom,1
plucked,1
contributing,1
photographers,1
pondered,1
umm,1
pinched,1
shifting,1
lacked,1
thankful,1
panorama,1
greatness,1
resulted,1
overhead,1
therefrom,1
manufacturers,1
incorporation,1
incinerator,1
smashes,1
martian,1
shooter,1
implications,1
protested,1
leer,1
dotted,1
sidling,1
uttered,1
role,1
intent,1
smelling,1
rolling,1
plantinumiridium,1
ordination,1
banners,1
gown,1
chain,1
jarring,1
millisecond,1
ballet,1
platitudes,1
splutter,1
jerk,1
mourn,1
stays,1
tear,1
solved,1
findings,1
prediction,1
steaks,1
lengthened,1
thrumming,1
phosphates,1
ogled,1
melt,1
diameterand,1
unfeelingly,1
concepts,1
restiveness,1
address,1
witticism,1
brilliant,1
pollyanna,1
studies,1
concealed,1
spurts,1
inexpressive,1
obstinacy,1
logically,1
fake,1
forefront,1
opposed,1
wondering,1
theoretical,1
loving,1
apparent,1
refrain,1
scratches,1
behalf,1
foods,1
biophysicist,1
values,1
believed,1
locks,1
admires,1
undertook,1
preferably,1
provincial,1
outthink,1
revealed,1
brainless,1
equilibriums,1
ordinarily,1
st,1
darkened,1
swollen,1
sa,1
maneuvered,1
limbs,1
derive,1
overhaul,1
stupidity,1
decreases,1
creations,1
decreased,1
troubled,1
modestly,1
establishing,1
giddy,1
joker,1
container,1
mahout,1
chemically,1
seventh,1
recordings,1
intensely,1
routes,1
intuition,1
saving,1
bluish,1
speculatively,1
vote,1
chubby,1
draft,1
stuffed,1
structures,1
cite,1
lingering,1
snatch,1
squiggles,1
bored,1
impractical,1
overtaken,1
folly,1
corruptible,1
opens,1
knob,1
wandering,1
prospect,1
stratosphere,1
allen,1
ironically,1
altered,1
squalor,1
pantingly,1
slurred,1
remarks,1
knee,1
knowingly,1
inserted,1
winters,1
lawl,1
lawn,1
defeating,1
occidental,1
guiltily,1
babbled,1
inconsistent,1
robs,1
coaxing,1
outrage,1
blinds,1
neath,1
dispute,1
clank,1
suitcases,1
prime,1
prima,1
liable,1
dived,1
euclid,1
compounds,1
checkered,1
aberration,1
screen,1
tabooed,1
concentrate,1
spark,1
suppressed,1
spiderweb,1
busting,1
unlimbered,1
allowance,1
anti,1
combines,1
mounting,1
combined,1
motives,1
reflective,1
reflex,1
gist,1
coughing,1
readings,1
rooftops,1
observe,1
psychotherapy,1
queasy,1
hypertrophy,1
intimately,1
seepage,1
graphed,1
brow,1
regularity,1
limping,1
engages,1
scientifically,1
_twiddling,1
mccormack,1
edged,1
defy,1
births,1
domineering,1
summer,1
schools,1
steamer,1
savante,1
overthrow,1
snarl,1
decomposes,1
tremulous,1
sensational,1
integrals,1
frigidaire,1
dimensions,1
cavity,1
hives,1
corrosive,1
biased,1
slender,1
luck,1
nastily,1
perturbed,1
improvise,1
shortcircuit,1
lively,1
cared,1
hangdog,1
futile,1
verbatim,1
longings,1
antiquated,1
buying,1
amplify,1
rage,1
tripe,1
dirty,1
agree,1
misery,1
detailed,1
telepathic,1
fright,1
accents,1
ap,1
ensuing,1
appalling,1
cream,1
collie,1
favoritism,1
graduate,1
introspection,1
puppy,1
disgraceful,1
congress,1
waving,1
sheepishly,1
accounts,1
acids,1
kilogram,1
gingham,1
asteroids,1
welfare,1
directorship,1
causes,1
brokenl,1
tail,1
dressing,1
paying,1
appointment,1
trillions,1
falsifying,1
ingratitude,1
laying,1
dodged,1
insufficiently,1
swirling,1
dusky,1
quicker,1
intelligibility,1
cash,1
bogerts,1
mayoralty,1
clock,1
forestall,1
reeled,1
gouts,1
ignore,1
yellowed,1
wistfulness,1
sender,1
reactionaries,1
welded,1
gosh,1
singlehanded,1
betterpaid,1
wavering,1
helps,1
initiated,1
tester,1
corrected,1
foundations,1
objections,1
patriarch,1
diffidently,1
prompt,1
rustled,1
neglected,1
disliked,1
salts,1
reproachfully,1
disconsolate,1
fruition,1
dismissed,1
cling,1
hugs,1
creature,1
thickened,1
conveniences,1
upty,1
waves,1
davel,1
speeds,1
helplessly,1
resonant,1
pang,1
pane,1
replies,1
termed,1
urbanization,1
colleague,1
skipped,1
sucker,1
sucked,1
betweens,1
loosely,1
directionless,1
upstairs,1
yootiful,1
police,1
clockwork,1
investigated,1
sociological,1
scrabbled,1
darling,1
risen,1
sparked,1
uplands,1
bumped,1
pairs,1
retained,1
expedient,1
cyanide,1
exhibited,1
brutally,1
skeltered,1
murmured,1
tenseness,1
guest,1
jet,1
introduction,1
swipe,1
warmly,1
relationship,1
interviewed,1
immediate,1
appreciation,1
delightedly,1
pallards,1
antarctica,1
blond,1
generalizer,1
silvery,1
internal,1
analogy,1
frail,1
barred,1
barrel,1
attacking,1
wording,1
heaps,1
cruiser,1
pettishly,1
blended,1
evaporation,1
session,1
occupation,1
impact,1
sacrilege,1
adheres,1
masklike,1
preparing,1
adhered,1
frightening,1
distraction,1
deductive,1
sucklings,1
tumult,1
dismounted,1
cra,1
river,1
insane,1
creator,1
sex,1
pensioning,1
baritone,1
vitamins,1
pleadingly,1
rejecting,1
knowing,1
leafing,1
fidgety,1
thou,1
bachelor,1
ingrooved,1
tangibly,1
load,1
electrician,1
hollow,1
monthly,1
acceptance,1
hitting,1
flounced,1
resting,1
engage,1
wheeled,1
hardness,1
slyly,1
budged,1
owed,1
agitation,1
motors,1
decline,1
triple,1
beautifully,1
chase,1
starlight,1
choking,1
hyperatomics,1
2032,1
specimen,1
mortifying,1
snail,1
unlabeled,1
flooded,1
alert,1
viewing,1
focal,1
cyrillic,1
clasped,1
politely,1
rumbling,1
crinkling,1
admission,1
fitting,1
signals,1
eager,1
crying,1
defiantly,1
shove,1
australia,1
towel,1
projects,1
formal,1
pertinent,1
communications,1
turvy,1
crescendo,1
streamers,1
limb,1
b1,1
scandal,1
momentary,1
transactions,1
prosecuted,1
nowhere,1
br,1
nonimaginary,1
deserved,1
exaggerated,1
straightened,1
hatches,1
deserves,1
cajolingly,1
repair,1
awaited,1
locus,1
custom,1
elsewhere,1
atlantic,1
atom,1
peeped,1
mature,1
storing,1
genial,1
aerial,1
nationalist,1
influence,1
graceful,1
gusts,1
caustically,1
preventing,1
coded,1
oblige,1
lucid,1
faintly,1
sides,1
nikolaev,1
expressionless,1
opposing,1
hello,1
code,1
partial,1
incorporate,1
existing,1
detectives,1
contours,1
microscopically,1
carelessly,1
kaput,1
understandl,1
marry,1
fewer,1
freed,1
agrarian,1
mediterranean,1
imply,1
incidentally,1
odd,1
leakage,1
henceforth,1
bird,1
scenery,1
respectively,1
mesopotamia,1
casing,1
uneasy,1
inoperable,1
resulting,1
tools,1
cheered,1
certainlyl,1
duplicate,1
binges,1
midday,1
stolidly,1
dealings,1
carrying,1
labelled,1
rubbish,1
baby,1
gladly,1
challenge,1
insists,1
hydrolysis,1
fulfill,1
coffin,1
slid,1
weaker,1
coolness,1
beckoned,1
slip,1
educational,1
delay,1
hormones,1
puckered,1
contraption,1
tied,1
halted,1
notebook,1
daring,1
tomato,1
counter,1
element,1
counted,1
thigh,1
mute,1
doubtful,1
deducing,1
broiling,1
2015,1
hobby,1
innermost,1
bothering,1
kiss,1
tellurica,1
ruefully,1
concave,1
textbooks,1
vibrations,1
shortage,1
accompanied,1
beneath,1
traces,1
expectantly,1
flanking,1
frequency,1
irritation,1
tenth,1
wander,1
bunched,1
matrix,1
frowns,1
unwieldy,1
tempo,1
injudicious,1
spill,1
chilly,1
scare,1
staggered,1
blown,1
owned,1
soothing,1
straining,1
owner,1
decides,1
opportune,1
ordering,1
travelled,1
stomach,1
devoutly,1
laymen,1
punctured,1
tortures,1
ingenious,1
trusting,1
reassuring,1
necessities,1
documents,1
soak,1
elaborations,1
studying,1
teetered,1
milli,1
calculus,1
courtesy,1
cipher,1
visi,1
ignited,1
brine,1
economist,1
brink,1
decade,1
jaw,1
buttons,1
planted,1
tape,1
jag,1
bourbon,1
preliminaries,1
insight,1
impinging,1
molasses,1
whimpered,1
streamlined,1
starspeckled,1
wire,1
taunting,1
injustice,1
derogatory,1
ignorance,1
strides,1
advisability,1
figured,1
doorway,1
trumps,1
slitted,1
carbonyl,1
chromium,1
motto,1
accursed,1
glowered,1
powered,1
uhoh,1
tyranny,1
runway,1
pretentious,1
grinning,1
agonized,1
bourbons,1
adventures,1
denial,1
fashioning,1
shshsh,1
ruins,1
columbia,1
bale,1
proficiency,1
pleasantly,1
illogical,1
tinge,1
indonesia,1
355,1
flexors,1
hauled,1
generous,1
combine,1
wet,1
villagers,1
harshened,1
whispers,1
whopping,1
whispery,1
peeked,1
surest,1
lowly,1
immortal,1
almonds,1
choosing,1
ballot,1
literally,1
avoid,1
shone,1
stairway,1
blowing,1
cellulose,1
proceeded,1
gained,1
sister,1
concession,1
burma,1
erect,1
cultivated,1
complacency,1
storehouse,1
complacence,1
wretchedly,1
evident,1
deficiency,1
monument,1
penciled,1
searcher,1
lifelessly,1
compete,1
gardens,1
desirable,1
crete,1
relationships,1
votes,1
physiological,1
whack,1
alternating,1
blanket,1
fantastically,1
mania,1
blanked,1
pinch,1
humidity,1
announced,1
monotonous,1
preached,1
phones,1
bubbling,1
chem,1
deliberate,1
gatepost,1
gritted,1
bangkok,1
unbeautiful,1
regimentation,1
secure,1
quintillions,1
negative,1
groveled,1
inchoate,1
pierced,1
blocking,1
1996,1
unfailing,1
ery,1
resents,1
era,1
elbow,1
quivering,1
india,1
heartless,1
indifferent,1
gaped,1
recovery,1
farce,1
agony,1
yaaaah,1
morbid,1
beach,1
fever,1
arcs,1
nipped,1
specialization,1
chilled,1
hasty,1
appreciate,1
greet,1
ambulance,1
dirtiest,1
highlights,1
clanged,1
affected,1
posturings,1
laconically,1
cuties,1
bang,1
penetration,1
bread,1
rocky,1
rocks,1
logs,1
motorized,1
remorse,1
unconvinced,1
forcibly,1
unshown,1
creates,1
droned,1
mouthfilling,1
vibrated,1
2052,1
rejects,1
elevator,1
purposefully,1
crunched,1
caressingly,1
damaging,1
chanted,1
rejected,1
mercy,1
minuh,1
iota,1
seater,1
pessimism,1
stalls,1
genuine,1
convenient,1
transmit,1
insulated,1
circled,1
exercises,1
peevish,1
depressing,1
calculated,1
voting,1
dredged,1
whimper,1
teetering,1
subtle,1
enjoyed,1
uninflected,1
geyser,1
painfully,1
squirmed,1
screening,1
de,1
preferred,1
da,1
haunted,1
runs,1
covering,1
tartly,1
irregularities,1
analytical,1
steak,1
smoldered,1
reread,1
observer,1
gladness,1
observed,1
depends,1
iran,1
techniques,1
unable,1
accord,1
wh,1
enters,1
scribbling,1
ill,1
receiver,1
freshest,1
collecting,1
oblivious,1
inactiotn,1
broadening,1
petty,1
unhappily,1
flexible,1
scarecrow,1
duties,1
innocent,1
relaxing,1
attacked,1
concerning,1
ail,1
launched,1
blackly,1
dumped,1
sting,1
tissue,1
pavements,1
grandiose,1
descent,1
perform,1
imbued,1
jerry,1
supplements,1
plates,1
independent,1
nil,1
springing,1
hang,1
rain,1
liberties,1
blamed,1
hungrily,1
humble,1
ragged,1
goggled,1
repose,1
passive,1
impressioning,1
openings,1
expelled,1
leering,1
mayn,1
progressed,1
boxes,1
designers,1
retreat,1
impolitic,1
sublevel,1
cooled,1
sends,1
porthole,1
bore,1
confusing,1
denies,1
congratulate,1
indoctrination,1
denied,1
beating,1
peek,1
deflation,1
graduated,1
banked,1
speedies,1
croak,1
treble,1
profession,1
balances,1
crags,1
formidable,1
legislation,1
vitality,1
restive,1
comprehending,1
absent,1
ancestral,1
maladjustments,1
promises,1
hotter,1
computing,1
request,1
wretched,1
howling,1
guessed,1
suppositious,1
hoarseness,1
orate,1
polite,1
musty,1
scores,1
ruffled,1
swathed,1
telescopic,1
functionalism,1
concept,1
indicating,1
disturbance,1
supplement,1
creative,1
devoted,1
graph,1
dissatisfied,1
terror,1
idealist,1
jogged,1
uncushioned,1
chirrup,1
brows,1
feeble,1
fragile,1
pteroylglutamic,1
conglomeration,1
temples,1
mcguffy,1
curse,1
assistance,1
pulsating,1
shared,1
oaks,1
alertness,1
genes,1
burnished,1
theorize,1
plotter,1
pictorial,1
plotted,1
glassed,1
unctuous,1
piercingness,1
rainfall,1
dramatizing,1
clue,1
organizations,1
graphic,1
cat,1
incidents,1
petrifying,1
pauses,1
chip,1
fortunes,1
unwavering,1
fuming,1
flank,1
criterion,1
retorted,1
hmph,1
deviated,1
staircase,1
southern,1
produce,1
islands,1
coagulate,1
nomination,1
whenever,1
ordinance,1
nosed,1
crept,1
forfeit,1
glassite,1
consulting,1
aiding,1
birds,1
freckled,1
willow,1
reacting,1
vicinity,1
showered,1
lumbering,1
discuss,1
bursts,1
legalistic,1
goose,1
challenger,1
ex,1
wavelength,1
counteract,1
avoided,1
irony,1
mussable,1
cars,1
sumeria,1
card,1
plodded,1
jamb,1
british,1
tangled,1
promotion,1
entrusted,1
striking,1
variables,1
sheep,1
sheer,1
breed,1
monotonously,1
artless,1
instantaneousnot,1
threads,1
accordance,1
hessians,1
sublime,1
hairline,1
twinkled,1
slam,1
distorted,1
recover,1
offering,1
lumps,1
deus,1
price,1
fore,1
sunset,1
professional,1
filing,1
german,1
colombo,1
busily,1
title,1
stained,1
texture,1
lansing,1
enriched,1
essence,1
onlv,1
dotlets,1
truly,1
revulsion,1
imbecile,1
irritant,1
famine,1
complexion,1
whipped,1
travels,1
briskly,1
queerest,1
hurts,1
analyzed,1
horrifying,1
pertain,1
sulky,1
cranium,1
learning,1
amino,1
cares,1
jerks,1
dictator,1
dangers,1
imaginaries,1
shortages,1
atomizing,1
prehistoric,1
dregs,1
orientation,1
alcoholic,1
helium,1
awhile,1
evervthing,1
sweeper,1
closest,1
squatted,1
arctic,1
foam,1
fruit,1
enchanting,1
severe,1
extensible,1
fidgeted,1
taxi,1
transmitting,1
battleship,1
dancers,1
tirade,1
geographically,1
senseless,1
improvement,1
republic,1
ruler,1
stung,1
repetitions,1
basest,1
earnest,1
symbolism,1
fortune,1
cheerily,1
greeting,1
fully,1
output,1
exposed,1
chronology,1
peremptorily,1
unclasped,1
donnaish,1
recorded,1
credits,1
hectic,1
innocence,1
desiccated,1
central,1
hiatus,1
supersonics,1
youl,1
renovate,1
heated,1
shrinking,1
stuttered,1
log,1
stoppage,1
ordinate,1
bromide,1
grated,1
politeness,1
interdistinguishing,1
delayed,1
toned,1
quantitatively,1
falsetto,1
gibberish,1
sales,1
trickled,1
merest,1
moves,1
yon,1
forcing,1
whistling,1
suited,1
tendencies,1
loyally,1
inevitability,1
strings,1
dreadful,1
austerlitz,1
washroom,1
confidential,1
frankenstein,1
heaved,1
mild,1
crummiest,1
smith,1
streets,1
chuckle,1
conscience,1
dribbling,1
lurch,1
witnesses,1
fractional,1
certificates,1
ferocious,1
recruits,1
stages,1
tracks,1
selective,1
trunk,1
outgrowth,1
untiring,1
requiring,1
slavish,1
analyzing,1
aimed,1
spawned,1
contains,1
fiat,1
impulse,1
mounted,1
pretense,1
fundamentalist,1
publicist,1
firmly,1
prussian,1
utilize,1
foreseen,1
hampered,1
reject,1
copiously,1
dwarfed,1
sneak,1
tries,1
finality,1
luminiferous,1
deterioration,1
remnants,1
fanning,1
solving,1
absence,1
anticipated,1
szechuan,1
imprisoned,1
elder,1
referred,1
restless,1
anarchy,1
steered,1
magnet,1
7,1
issue,1
smock,1
pun,1
wisest,1
keening,1
ash,1
bash,1
terribly,1
american,1
syria,1
blush,1
interviews,1
probability,1
knocking,1
unexpected,1
dominating,1
mist,1
horse,1
argumentatively,1
pinned,1
expand,1
dealing,1
nigeria,1
overexposed,1
bowed,1
selling,1
translation,1
scandinavian,1
urgently,1
alongside,1
sentences,1
gleefully,1
organs,1
karl,1
lid,1
exploded,1
simultaneity,1
chromesteel,1
experiences,1
approved,1
viciously,1
arising,1
broadened,1
unreasonably,1
electrons,1
tubes,1
stunned,1
scorched,1
registers,1
velvety,1
stores,1
flicked,1
reminiscent,1
parameters,1
paranoid,1
paranoia,1
robotcy,1
moments,1
flights,1
surveyed,1
flighty,1
hardened,1
feels,1
basement,1
interminable,1
imitating,1
exhibiting,1
adhering,1
switzerland,1
disapproving,1
throwing,1
plausibly,1
schizophrenia,1
drenching,1
descriptions,1
baldness,1
probable,1
wow,1
stalk,1
pictured,1
frigidly,1
poorer,1
selfconscious,1
fluently,1
secrets,1
jawed,1
vault,1
steely,1
unfolded,1
bench,1
mumble,1
unrestrained,1
catwalk,1
dialogue,1
crack,1
compromised,1
conspirator,1
mumbling,1
rope,1
endanger,1
animated,1
guide,1
incased,1
rulers,1
hoar,1
composition,1
sidewise,1
tufts,1
bellying,1
older,1
unbalance,1
calcutta,1
flaming,1
exploits,1
overflown,1
tasks,1
retirement,1
questioned,1
lacking,1
insert,1
showing,1
wings,1
submission,1
housekeeper,1
softness,1
ingratiating,1
interruptive,1
sketch,1
dizzily,1
towards,1
describing,1
dilapidated,1
spouting,1
claimed,1
pried,1
smothered,1
tracing,1
conscientious,1
sprawled,1
militarily,1
eons,1
scurried,1
governs,1
inorganics,1
reel,1
flickers,1
stumbling,1
commiseration,1
accustomed,1
popularity,1
abruptness,1
occiput,1
metals,1
reopening,1
straitjacket,1
nap,1
electrical,1
smiles,1
crouching,1
earphones,1
independently,1
zooming,1
depth,1
harrumphed,1
compact,1
hovered,1
excluded,1
rattling,1
crowed,1
exits,1
watered,1
flickered,1
verdict,1
enforce,1
triplicate,1
picked,1
ardent,1
evanstron,1
evoked,1
saps,1
catholic,1
radicals,1
veered,1
grained,1
unwillingly,1
wit,1
anomalies,1
singing,1
wiz,1
cloud,1
penalty,1
hudson,1
stage,1
popped,1
formally,1
biblical,1
imprisons,1
missile,1
appointed,1
infinitesimal,1
nonhumanity,1
sought,1
elliptical,1
instinctively,1
farm,1
bloodstream,1
encyclopedia,1
craggy,1
unbreakable,1
competing,1
rebellious,1
outer,1
masses,1
sinecure,1
popularly,1
sword,1
auto,1
gloved,1
masters,1
brainstormed,1
discords,1
ankles,1
aggravates,1
700,1
aggravated,1
secretly,1
shambled,1
brainpower,1
clenching,1
attending,1
keel,1
timed,1
evans,1
possessing,1
eminence,1
fella,1
management,1
adopted,1
attach,1
getcha,1
crackle,1
lists,1
chemicals,1
overwhelming,1
soundless,1
ultimatum,1
airlessness,1
bee,1
tensing,1
torment,1
disengaged,1
q,1
pursued,1
unsmiling,1
dimming,1
intentions,1
glistening,1
awe,1
consequences,1
upset,1
proceedings,1
distinctive,1
indo,1
0700,1
emerging,1
splintering,1
pompously,1
violation,1
farfetched,1
beatific,1
strident,1
employee,1
employed,1
calisthenic,1
wishing,1
leased,1
joint,1
legitimate,1
buyer,1
syllogism,1
processes,1
molybdenum,1
imperious,1
tuned,1
powder,1
irrefutable,1
masking,1
mainly,1
nutritious,1
televisor,1
blinked,1
precious,1
distribution,1
chiefest,1
aslant,1
publicized,1
jersey,1
spewed,1
erased,1
immense,1
uplifted,1
controlled,1
unwearyingly,1
noiselessly,1
televison,1
harder,1
harden,1
encircled,1
kimball,1
ominously,1
tsetse,1
speaker,1
party,1
practitioner,1
absorb,1
appearances,1
roboticity,1
skittered,1
reflection,1
mistaken,1
sources,1
mistakes,1
advertised,1
coordination,1
ovum,1
unmoving,1
vitamin,1
indignation,1
kick,1
ultrawave,1
ducked,1
disappearance,1
unseen,1
prominent,1
lincoln,1
sizes,1
fingerprints,1
surgery,1
rote,1
scuffle,1
library,1
pinpoint,1
grinding,1
demonstrated,1
limitations,1
inaccurate,1
reaching,1
expansion,1
imperfectly,1
shriller,1
shakily,1
dominion,1
recognizes,1
eloquently,1
washington,1
treads,1
dug,1
pointless,1
adrenalin,1
figuratively,1
notices,1
writhed,1
blaming,1
neutral,1
hi,1
metronome,1
signed,1
projecting,1
mechanics,1
persuaded,1
universal,1
crackingly,1
contest,1
anopheles,1
suspiciously,1
chemist,1
star,1
atomized,1
dripped,1
inset,1
tightest,1
whoops,1
knelt,1
fronts,1
calculate,1
swab,1
swam,1
segments,1
sweetest,1
condemns,1
bulkier,1
reforestation,1
blasters,1
hitch,1
vast,1
wrongness,1
indefinitely,1
convenience,1
unrelated,1
mopped,1
anticipation,1
quilt,1
japanese,1
subordinate,1
twiddled,1
complexities,1
hazy,1
haze,1
reverently,1
tips,1
anticlimactic,1
replacements,1
governing,1
boron,1
active,1
piercing,1
superstitious,1
permit,1
suitable,1
fantastic,1
objectively,1
elude,1
landscape,1
canvassed,1
army,1
spaniards,1
pudgy,1
recommend,1
closerange,1
expose,1
frenzy,1
eternally,1
somber,1
headway,1
defer,1
huskily,1
climax,1
honey,1
fizzing,1
cursory,1
advancing,1
twitching,1
replacing,1
ova,1
bushes,1
purchase,1
idiosyncrasy,1
yanking,1
banged,1
chatty,1
overcome,1
combination,1
workout,1
glazed,1
imprisoning,1
glinty,1
nave,1
spanish,1
mystification,1
principles,1
lawyers,1
crucial,1
content,1
detestation,1
revenge,1
shriveled,1
bestow,1
mushrooming,1
mistress,1
aisle,1
professions,1
punctuated,1
prodigal,1
features,1
floors,1
shiver,1
clattering,1
solemnly,1
dramatized,1
bidden,1
cruelly,1
matted,1
spoiled,1
hallucination,1
extracting,1
rattle,1
sounding,1
prattling,1
communicative,1
machinery,1
psychologically,1
mcadams,1
phonograph,1
fascinatedly,1
zealand,1
buts,1
alarm,1
selected,1
withstand,1
retire,1
poison,1
stepping,1
fooled,1
jailer,1
tyke,1
judged,1
folder,1
wearing,1
spicules,1
patted,1
smug,1
earn,1
chronological,1
uncapped,1
bag,1
counters,1
bah,1
unworthy,1
imitate,1
02,1
unseeingly,1
baboon,1
physicist,1
cousin,1
maneuvers,1
resistant,1
uncertainty,1
russia,1
bookcase,1
circumlocutions,1
confronted,1
presumably,1
incessant,1
drilled,1
loaded,1
ether,1
immobile,1
puts,1
futility,1
particulars,1
commission,1
deeper,1
argument,1
tapping,1
personally,1
scotsman,1
ugly,1
melted,1
pessimistic,1
metropolitan,1
shame,1
clinging,1
inscrutable,1
jiggled,1
mouse,1
grown,1
shimmering,1
potentially,1
mixtures,1
filtered,1
colonies,1
capacities,1
militaristic,1
ella,1
delight,1
undaunted,1
butter,1
unconditionally,1
800,1
illuminators,1
unemotionally,1
impending,1
grumbled,1
climactically,1
involuntary,1
quieting,1
natal,1
dreams,1
manual,1
unnecessary,1
arrivals,1
testers,1
revel,1
amiable,1
sprawl,1
daytime,1
arguing,1
bold,1
unorganized,1
burr,1
gallium,1
commit,1
ores,1
lied,1
amounted,1
thinned,1
carving,1
amazingly,1
fraction,1
starve,1
landing,1
surrender,1
protestant,1
bounds,1
unvarying,1
whiskey,1
propaganda,1
revitalize,1
fashioned,1
stirrings,1
marking,1
pouted,1
genially,1
authorities,1
daily,1
mobilized,1
overdue,1
suicide,1
disorders,1
unpleasant,1
analogous,1
pious,1
governments,1
rainbowed,1
dig,1
accidentally,1
keepers,1
noiseless,1
stiffer,1
complusion,1
refusing,1
theories,1
scrubbily,1
suspect,1
transportation,1
wail,1
guardian,1
involuntarily,1
stallion,1
detest,1
exemplified,1
simultaneous,1
quarrel,1
stubbed,1
colloquial,1
withal,1
preva,1
everybody,1
perk,1
france,1
claques,1
rigid,1
swiveled,1
avoiding,1
quoting,1
uruguay,1
predict,1
agent,1
stricken,1
psychiatrist,1
emotionless,1
swore,1
tatters,1
sworn,1
guys,1
scrambling,1
cute,1
biotin,1
seizing,1
stability,1
argued,1
equip,1
adhesive,1
marooned,1
brained,1
mail,1
views,1
enclave,1
sarcastic,1
touching,1
possess,1
disproving,1
elephants,1
abnormal,1
astrophysical,1
fingertips,1
imperative,1
emerged,1
cough,1
unduly,1
moisture,1
inefficient,1
continuous,1
untried,1
eyed,1
butt,1
undoubtedly,1
fluoresced,1
18,1
protected,1
seam,1
piccolo,1
exceeded,1
albedo,1
clung,1
gamboling,1
endangered,1
ultimate,1
bowels,1
supremely,1
radioactive,1
trotted,1
threshold,1
incredulous,1
awareness,1
unimportant,1
distinctly,1
pharaohs,1
conjunction,1
blends,1
aimaden,1
yield,1
ruddy,1
eighteenth,1
relative,1
doings,1
peppermint,1
eliminating,1
rigidly,1
chatters,1
domo,1
ornament,1
boundaries,1
diamonds,1
loped,1
parent,1
parental,1
killing,1
signaled,1
ja,1
motivations,1
philosophically,1
blasts,1
stretcher,1
clambered,1
cancel,1
mortification,1
disciplinary,1
adults,1
considering,1
acidity,1
analogies,1
iolanthe,1
marx,1
sensibly,1
interlarded,1
shopping,1
spills,1
wake,1
predicament,1
griping,1
slumber,1
inadequacies,1
ignition,1
investigating,1
slapping,1
philosophies,1
bathe,1
planar,1
bathrooms,1
rubbing,1
rammed,1
unwritten,1
baths,1
movements,1
naaah,1
triumphantly,1
pan,1
climbing,1
weave,1
roughly,1
consisted,1
sights,1
reputable,1
aspect,1
thudding,1
adulterated,1
politicians,1
meteorite,1
pill,1
besweated,1
mop,1
admitting,1
tensed,1
aiming,1
lightning,1
chamber,1
jiggers,1
thighs,1
passionate,1
niceties,1
imprisonment,1
imaged,1
spasm,1
footing,1
measuring,1
intrude,1
pretended,1
squarely,1
finicky,1
manufacturer,1
conducting,1
enameled,1
intentness,1
violence,1
expressionlessly,1
pockets,1
mixed,1
fertile,1
strip,1
braving,1
unsettled,1
buggy,1
hiccup,1
squawked,1
complicating,1
peeking,1
film,1
lumpily,1
retiring,1
fruitless,1
shelter,1
tackle,1
13,1
clamored,1
remote,1
god,1
husky,1
starting,1
suns,1
forbidden,1
allergy,1
dollar,1
invariably,1
expressions,1
plodding,1
duplicated,1
hooks,1
turnips,1
vinegary,1
premium,1
subterranean,1
benevolent,1
neighborhood,1
affably,1
straighten,1
dial,1
centering,1
abe,1
sweetly,1
skeptic,1
exasperation,1
component,1
squeezed,1
inconsiderable,1
disastrous,1
operating,1
gleams,1
airport,1
emptied,1
armed,1
blankness,1
plastered,1
wobbled,1
splash,1
grisly,1
roosevelt,1
dew,1
compare,1
sphere,1
doctorhood,1
pressing,1
sacred,1
specializations,1
spluttered,1
galactic,1
advice,1
faculty,1
chute,1
hypnotized,1
paw,1
bathed,1
coal,1
ceres,1
rounded,1
robo,1
filters,1
sleepily,1
fumblings,1
23,1
detected,1
messes,1
crawls,1
vitalizing,1
hurting,1
noticing,1
prejudices,1
frigid,1
association,1
groped,1
mystery,1
ashes,1
habits,1
ports,1
engaging,1
extended,1
hive,1
buttressing,1
jingo,1
insurance,1
flower,1
childish,1
projected,1
print,1
ironed,1
henceforward,1
disobedience,1
bully,1
circumstance,1
geared,1
laughable,1
needing,1
diversion,1
reinforced,1
copper,1
utilized,1
heights,1
diameter,1
regulation,1
draped,1
drunkenness,1
gruesome,1
cyclic,1
businesslike,1
contrary,1
treated,1
2029,1
showers,1
flared,1
couch,1
extracted,1
subrobotic,1
boomingly,1
salmon,1
depths,1
organist,1
reflections,1
directness,1
weigh,1
scattered,1
hoppen,1
chimed,1
override,1
notation,1
courage,1
asteroidal,1
huff,1
elapse,1
bedlam,1
remove,1
coughs,1
cynical,1
tended,1
lion,1
cozy,1
repairs,1
intersected,1
superseded,1
smallest,1
myriad,1
mouthful,1
absorbs,1
premise,1
lightness,1
twanging,1
appropriations,1
annual,1
geniuses,1
unsuccessful,1
zeta,1
supple,1
consuming,1
weaving,1
dropping,1
amnesia,1
blurting,1
assorted,1
gas,1
gap,1
prices,1
potentials,1
raw,1
irises,1
sobs,1
imperialist,1
machinely,1
textile,1
emphasize,1
yesterday,1
peachy,1
consulted,1
grunts,1
withdraw,1
entry,1
signalled,1
spend,1
howl,1
preference,1
stencilled,1
echoing,1
profoundly,1
shrewdly,1
superficial,1
alternate,1
cue,1
cud,1
squawk,1
teething,1
thundering,1
hardy,1
disks,1
surging,1
inching,1
abundantly,1
strongest,1
insincere,1
triumphing,1
ornaments,1
mirror,1
pet,1
boasts,1
integration,1
pen,1
eliminate,1
ruminating,1
pea,1
remembered,1
unenthusiastic,1
darnedest,1
hackneyed,1
pumice,1
piled,1
slams,1
hungering,1
naturedly,1
harassed,1
martinet,1
unorthodox,1
normality,1
intermediaries,1
errant,1
frenzied,1
adjusting,1
immigration,1
butlers,1
hoped,1
hopes,1
ns2,1
originals,1
groove,1
possession,1
curt,1
constant,1
inexpertly,1
singly,1
deprive,1
scarlet,1
dimmed,1
priori,1
ungrammatically,1
explaining,1
intensifies,1
overripe,1
desert,1
statesman,1
sore,1
amused,1
2002,1
cooked,1
2005,1
2008,1
decidedly,1
intricate,1
query,1
compose,1
slickness,1
literary,1
atlas,1
presently,1
huddled,1
accuse,1
implausible,1
severely,1
owlishly,1
uncomfortably,1
crop,1
uncomfortable,1
knuckling,1
wiggled,1
synthetically,1
justification,1
apologetic,1
beasts,1
pantomimed,1
imperfections,1
widening,1
30,1
contradiction,1
oval,1
nauseated,1
flabby,1
butler,1
harrowing,1
train,1
enviously,1
opium,1
swooping,1
fooling,1
tease,1
unreal,1
smear,1
closing,1
reserved,1
proportions,1
boned,1
effectively,1
syrupy,1
dramatic,1
magnificently,1
grimaced,1
specifications,1
waters,1
yielded,1
furious,1
meter,1
symbols,1
unofficially,1
bunch,1
industries,1
itemize,1
winning,1
tickled,1
lunatic,1
cutting,1
insisting,1
kindness,1
applicants,1
flair,1
winked,1
slumped,1
sexual,1
announcer,1
defend,1
wholly,1
lecture,1
electronics,1
clarify,1
approaches,1
franz,1
acre,1
backwards,1
yard,1
wagged,1
deprived,1
retain,1
sorrowful,1
plastics,1
uninhabited,1
chased,1
sixteenth,1
unending,1
loved,1
slack,1
splotches,1
humped,1
lover,1
flashes,1
keened,1
unlikely,1
curved,1
continents,1
minimally,1
skillful,1
parks,1
concerns,1
reciting,1
enthusiastic,1
beety,1
absurd,1
recess,1
incapacitate,1
industrialism,1
elimination,1
shutoff,1
gasping,1
grabbed,1
sparks,1
satan,1
quintuple,1
handsome,1
occupant,1
unauthorized,1
stillhead,1
national,1
oxidation,1
boundary,1
thumbnail,1
regretful,1
placidly,1
joke,1
comment,1
abortive,1
beelzebub,1
reborn,1
monstrosity,1
earning,1
mouthpiece,1
gaze,1
blasted,1
anomaly,1
climate,1
angles,1
bull,1
napoleon,1
volunteer,1
spasmodically,1
handwriting,1
lassitude,1
fumbling,1
arabia,1
whirl,1
watchful,1
administration,1
defiant,1
finite,1
injured,1
spitting,1
sisters,1
tighter,1
numbered,1
roughhewn,1
creators,1
metalincased,1
semidrowse,1
voltage,1
seats,1
tough,1
onward,1
lake,1
propositions,1
gulped,1
transmitter,1
elapsed,1
audibly,1
rumpled,1
controlling,1
qualitative,1
porous,1
mastication,1
audible,1
interludes,1
shrug,1
masked,1
slight,1
combative,1
vivacity,1
periodically,1
seriousness,1
socket,1
rendered,1
perspiring,1
functional,1
chronic,1
knuckles,1
1982,1
condense,1
impassively,1
hoodwinking,1
biggest,1
maze,1
counterpotential,1
reminds,1
bug,1
acuity,1
circus,1
shooting,1
pit,1
dressed,1
oak,1
granite,1
resembles,1
variation,1
shrank,1
thumping,1
stirred,1
wryly,1
accidents,1
facilities,1
hating,1
appetite,1
assembled,1
violate,1
basaltic,1
neuronic,1
slippered,1
softened,1
vastly,1
determinedly,1
guiding,1
delightfully,1
enjoy,1
consistent,1
nail,1
expressive,1
lesser,1
specification,1
beaten,1
unreality,1
supplies,1
revolved,1
yanks,1
dielectrode,1
stares,1
2044,1
leaves,1
museums,1
donning,1
abolition,1
glinted,1
straw,1
sobered,1
barbarous,1
coffins,1
prodding,1
robbins,1
excellent,1
muss,1
shoot,1
cheapest,1
mm,1
archaism,1
iridium,1
install,1
ingenuity,1
guarantee,1
ceremony,1
gate,1
widespread,1
charging,1
mouths,1
breathlessness,1
harmfully,1
demanding,1
enter,1
aloud,1
vapor,1
crumbs,1
vita,1
talkative,1
clapped,1
fads,1
exhibits,1
imp,1
iowa,1
confuse,1
hitherto,1
rental,1
swaying,1
victory,1
lasting,1
signing,1
ghosts,1
driving,1
motes,1
newly,1
whereupon,1
jubilant,1
tolerant,1
labored,1
heck,1
hopeless,1
soda,1
researches,1
primary,1
philosophical,1
insulation,1
scissors,1
fiction,1
preheating,1
soviet,1
griefs,1
inarticulate,1
injected,1
nudging,1
nominate,1
bloated,1
immigrants,1
classes,1
snow,1
complexes,1
corruption,1
commanding,1
coil,1
phantasm,1
explosives,1
promotions,1
disobeying,1
reputation,1
poisonous,1
yank,1
bait,1
appealed,1
spite,1
situations,1
announce,1
hostility,1
unhurried,1
frying,1
represented,1
habit,1
skeptically,1
submitted,1
disturbing,1
tensor,1
continually,1
hopefully,1
discovery,1
positron,1
blaster,1
nightmares,1
aquarium,1
sipped,1
drowsy,1
irregular,1
unheeded,1
dissipating,1
dourly,1
bathroom,1
seein,1
beef,1
belongs,1
roped,1
growingly,1
flnger,1
patronizing,1
hapsburgs,1
reddening,1
strangest,1
thousandth,1
harming,1
pampering,1
mildest,1
greeted,1
characters,1
workings,1
paralysed,1
ocean,1
hearty,1
transporting,1
rhythmically,1
furry,1
advances,1
rockbottom,1
burnt,1
melting,1
appearing,1
54,1
zoos,1
whomever,1
rustling,1
spongy,1
chests,1
clash,1
ice,1
icy,1
hunk,1
christmas,1
mosquito,1
cork,1
interjected,1
dinned,1
composure,1
meditatively,1
steadily,1
overheats,1
primitive,1
macduff,1
puzzle,1
libellous,1
laborers,1
finely,1
electorate,1
tableau,1
emigrate,1
rely,1
responsiblity,1
fairyland,1
fought,1
unpretentious,1
synthesis,1
medium,1
attempted,1
lashed,1
muster,1
quicksilver,1
submitting,1
prematurely,1
brightly,1
blatantly,1
radically,1
whee,1
unbalances,1
tin,1
brisk,1
tasteful,1
skunk,1
apologizing,1
vigorously,1
remarked,1
impression,1
remarkably,1
obermann,1
discovering,1
federation,1
unfamiliar,1
looney,1
parked,1
slowed,1
comforting,1
frustratingly,1
bales,1
endangering,1
contracted,1
escorted,1
hairy,1
supplying,1
noticeable,1
descended,1
noticeably,1
navigation,1
purchases,1
isles,1
tinplated,1
riot,1
clicking,1
neurophysiology,1
transliterable,1
unscrewed,1
queerly,1
unruly,1
lighthearted,1
trump,1
expectant,1
counting,1
scar,1
harmed,1
innumerable,1
asphyxiated,1
bleary,1
unutterably,1
unbelievable,1
clattered,1
crashes,1
lickety,1
eighth,1
branches,1
stupidly,1
fangs,1
blocked,1
howzzat,1
redheaded,1
reluctant,1
dwellings,1
underneath,1
refrigerated,1
advent,1
slackening,1
realistic,1
nodding,1
farewell,1
obsession,1
sunrise,1
absentminded,1
attracted,1
maneuver,1
_our_,1
electrified,1
telepathy,1
nightmarish,1
retreating,1
symbolic,1
cybernetics,1
unattainable,1
necessarily,1
molded,1
cooling,1
fortuitous,1
convention,1
unreachable,1
copy,1
oats,1
schooled,1
driveway,1
twisting,1
largely,1
icelandic,1
generalization,1
ant,1
exploratory,1
chuckling,1
thermometer,1
probed,1
boiling,1
pencils,1
readjust,1
uncle,1
uninterested,1
liquidly,1
trot,1
written,1
crime,1
vastest,1
reveal,1
predicted,1
bought,1
declaiming,1
encouraged,1
surfaces,1
fails,1
multiplied,1
synthetics,1
messed,1
inseparable,1
coma,1
grieved,1
successes,1
sodium,1
prompted,1
utterance,1
duty,1
provocation,1
satisfaction,1
pole,1
blasphemers,1
guesses,1
skeletons,1
prosaically,1
yeasts,1
deposited,1
declining,1
hardly,1
robbed,1
spirit,1
slippery,1
tentatively,1
discrepancy,1
decisively,1
reminded,1
coarsely,1
silliest,1
events,1
moronic,1
arose,1
statue,1
lank,1
perennial,1
minimize,1
purposeful,1
recital,1
inability,1
reward,1
hapsburg,1
subether,1
risking,1
lavish,1
polish,1
rosy,1
poised,1
kills,1
virginia,1
confines,1
confined,1
correcting,1
acute,1
snore,1
aqueous,1
sternly,1
snort,1
burdens,1
perspiration,1
deduce,1
oftener,1
shirtless,1
slick,1
supplicated,1
nails,1
cringing,1
beaches,1
sleekness,1
curses,1
england,1
nitric,1
deteriorating,1
relic,1
illuminated,1
slushy,1
soprano,1
tiptoe,1
paces,1
accentuated,1
bleakly,1
cringed,1
britain,1
postulating,1
encompass,1
protruded,1
orient,1
whiskers,1
stocky,1
bounded,1
unbent,1
fasten,1
brass,1
lipstick,1
uglier,1
chinese,1
dish,1
glimpse,1
ragingly,1
catastrophe,1
subjected,1
activities,1
liter,1
soled,1
fat,1
oxides,1
ultraviolet,1
ticket,1
soles,1
sentimental,1
stimulus,1
undone,1
employing,1
rats,1
tea,1
translating,1
crouched,1
chalk,1
ticks,1
anniversary,1
crush,1
faltered,1
guns,1
unquestioned,1
layers,1
prosaic,1
toes,1
supposedly,1
condenser,1
raggedly,1
allows,1
extremes,1
horrified,1
elongated,1
tightness,1
solitude,1
misfunction,1
spectroreflector,1
texts,1
unjarringly,1
proceed,1
aplomb,1
pervaded,1
horses,1
darting,1
shielded,1
policemen,1
ineffectual,1
unfairness,1
excursion,1
hearted,1
arise,1
terrestrial,1
influenced,1
court,1
goal,1
occasionally,1
simplicity,1
biophysics,1
reflect,1
lighting,1
adventure,1
penitentiary,1
dissolving,1
climaxed,1
extrapolation,1
shade,1
turnover,1
pray,1
disagrees,1
bout,1
partitions,1
alter,1
generously,1
franciacci,1
speechless,1
smoothness,1
policeman,1
inherent,1
generation,1
colder,1
yoshida,1
undertake,1
inflated,1
wondered,1
foolproof,1
adhere,1
hill,1
topsy,1
attendant,1
selfpreservation,1
throws,1
unafected,1
unhealthy,1
distasteful,1
construct,1
bland,1
slower,1
financed,1
coasts,1
hangs,1
attendants,1
unsensing,1
optical,1
dank,1
stale,1
restful,1
executioner,1
cleaner,1
uniforms,1
exert,1
longhairs,1
shrewd,1
decadent,1
cleaned,1
heightening,1
cropped,1
entirety,1
puffing,1
unperturbed,1
unremarkable,1
react,1
72,1
measured,1
windows,1
doggie,1
dissolved,1
obediently,1
institutions,1
differentiate,1
fond,1
stoned,1
melody,1
stubble,1
deserts,1
endlessly,1
grotesque,1
halfupstretched,1
technologically,1
betray,1
unsuited,1
hip,1
fastest,1
instinctive,1
fallible,1
nibbled,1
consciously,1
intelligence,1
bark,1
crunching,1
youth,1
nailed,1
parchment,1
wrinkling,1
berserk,1
2021,1
bronzy,1
silicone,1
sluices,1
finds,1
sweet,1
hollowly,1
startling,1
java,1
deprecatory,1
pining,1
brick,1
woke,1
judging,1
rocking,1
conception,1
insistently,1
styx,1
demon,1
interlacing,1
frantic,1
anguish,1
delicious,1
yowled,1
widely,1
peoples,1
weird,1
equalled,1
sneered,1
stating,1
1789,1
inarticulately,1
scrupulous,1
regardless,1
profitable,1
tables,1
advisers,1
drooped,1
plastictopped,1
exclusively,1
exhibition,1
impairs,1
tormented,1
moods,1
commentary,1
sharpened,1
shaped,1
separately,1
hinted,1
emptinessvast,1
tends,1
jumpy,1
lefebre,1
consolation,1
refuses,1
completing,1
ordeal,1
recited,1
complimentary,1
youthful,1
credible,1
unnoticed,1
holster,1
sonny,1
whims,1
featureless,1
column,1
oddities,1
analyze,1
files,1
potassium,1
filed,1
groupings,1
barring,1
gratifying,1
homo,1
individuality,1
warning,1
robopsychologists,1
rainbow,1
backs,1
paralytic,1
income,1
understatement,1
puncture,1
housekeepers,1
suffers,1
departments,1
narrative,1
accidental,1
issued,1
adjustment,1
issues,1
lowpitched,1
squeezing,1
breach,1
engineered,1
spool,1
wishes,1
noose,1
artery,1
incoherent,1
notes,1
friendliness,1
noted,1
concluded,1
flashlights,1
reunion,1
paleness,1
makers,1
blobs,1
outsmart,1
gaily,1
unenviable,1
initials,1
feverishly,1
scales,1
egypt,1
confession,1
apt,1
scaled,1
improbable,1
duck,1
shoves,1
galloped,1
witchery,1
fee,1
lottery,1
iced,1
eagled,1
examination,1
porch,1
inclined,1
precipitations,1
steadfastly,1
distractedly,1
stabilized,1
thwack,1
dusted,1
confidante,1
patrol,1
calculation,1
flaring,1
rapt,1
assumptions,1
condescend,1
clothing,1
fortunate,1
struggled,1
panic,1
tamped,1
maternal,1
attend,1
militarism,1
status,1
improvised,1
irregularity,1
stamped,1
coolly,1
farming,1
devising,1
suiting,1
write,1
ships,1
orthodox,1
discomfiture,1
ambition,1
flea,1
bewilderment,1
measly,1
unshaken,1
product,1
geiger,1
irrational,1
acknowledgment,1
plaguing,1
honorable,1
anyhow,1
stereoscopy,1
hence,1
biting,1
plainly,1
echo,1
enormity,1
kidding,1
accent,1
glister,1
precipitously,1
consoling,1
shallow,1
reflecting,1
intonation,1
astounded,1
bismuth,1
employer,1
dusty,1
laughingstock,1
positronics,1
delineated,1
linked,1
florid,1
visiplates,1
feared,1
combat,1
gait,1
spirits,1
platinumplated,1
bulging,1
chanced,1
pastoral,1
clutching,1
hyperspace,1
surroundings,1
piano,1
vigor,1
coordinating,1
mainstem,1
spur,1
enlisting,1
brainpaths,1
buzzer,1
requirement,1
humiliation,1
turbulent,1
buzzed,1
favor,1
huts,1
embarrassment,1
joe,1
spoil,1
probing,1
sonorous,1
profanity,1
desiccating,1
batavia,1
responds,1
swabbed,1
bewildering,1
hmm,1
restaurant,1
layer,1
ringing,1
draining,1
ave,1
vintage,1
merciful,1
inch,1
crisping,1
slave,1
whale,1
laborious,1
collar,1
gyrations,1
rocked,1
maddening,1
attractive,1
earnestly,1
masquerade,1
presume,1
helpful,1
bedfellows,1
clumsier,1
nonessentials,1
exhaustively,1
shabby,1
scared,1
faithfully,1
growth,1
racking,1
empire,1
employment,1
throughout,1
receivership,1
bosses,1
mined,1
headaches,1
pasty,1
ripped,1
wesley,1
incline,1
squealed,1
linger,1
hookup,1
carries,1
sweat,1
outset,1
cocked,1
strangeness,1
brush,1
exciting,1
vac,1
incipient,1
spiral,1
smoothing,1
tactics,1
distract,1
block,1
meaningless,1
trailing,1
mutual,1
es,1
fundie,1
ranks,1
volumes,1
ideological,1
