said,446
like,251
one,235
captain,234
men,215
earth,195
mr,163
old,154
back,154
come,151
man,139
know,138
mars,131
looked,129
rocket,128
eyes,127
came,123
see,121
would,120
martian,119
time,116
good,115
people,113
go,112
town,106
away,105
spender,100
night,100
door,99
years,96
yes,96
hands,96
house,96
us,95
well,95
dead,94
could,90
stood,90
hand,88
get,88
little,86
fire,83
long,82
sky,81
way,80
air,79
blue,78
got,78
nothing,78
sir,78
upon,77
black,76
last,75
two,75
teece,75
thought,75
face,74
let,73
think,73
right,72
wind,69
never,69
turned,68
around,68
went,68
day,68
going,67
look,67
city,65
boy,65
something,65
put,64
voice,64
dad,63
green,61
white,61
oh,60
saw,59
lay,59
first,59
tom,59
ship,58
new,58
cried,58
want,57
hot,57
sat,57
thing,57
sam,55
looking,55
small,54
say,54
another,53
sound,53
ten,53
gun,52
water,52
thousand,51
three,51
asked,50
things,50
still,50
moment,50
garrett,50
ran,50
cold,49
moved,49
stendahl,49
martians,49
every,49
god,49
sun,49
gone,48
canal,48
light,48
take,47
hathaway,47
empty,47
took,47
woman,47
made,47
great,46
lafarge,46
across,45
felt,45
hear,44
four,43
heard,43
morning,43
walked,42
much,42
silent,42
elma,41
room,41
dark,41
ago,41
wilder,41
thin,41
even,41
son,40
sea,40
rain,40
began,40
home,40
lustig,39
fell,39
quiet,39
wife,39
biggs,39
ever,38
place,38
someone,38
far,38
trees,37
tell,37
name,37
rockets,37
along,36
open,36
tomas,36
land,36
hills,36
mind,36
twenty,36
head,36
cool,36
life,35
clock,35
enough,35
behind,35
many,34
space,34
five,34
running,34
fine,34
alone,33
hinkston,33
sand,33
war,33
almost,33
waiting,33
silver,32
later,32
watched,32
year,32
waited,32
laughed,32
might,32
called,32
mouth,31
remember,31
stopped,31
warm,31
give,31
soft,31
must,31
perhaps,31
stone,30
red,30
stars,30
left,30
among,30
names,30
ancient,30
everything,30
happened,30
glass,29
anything,29
mask,29
dust,29
told,29
silly,29
softly,29
talk,29
quietly,29
late,29
wanted,29
porch,29
yellow,28
planet,28
always,28
towns,28
hello,28
shut,28
tonight,28
dream,28
better,28
mean,28
street,28
coming,28
others,28
without,28
feet,28
six,28
work,27
car,27
held,27
color,27
strange,27
feel,27
music,26
course,26
boat,26
set,26
run,26
hour,26
mom,26
big,26
hair,26
children,26
faces,26
cities,26
women,26
blew,25
quite,25
summer,25
beautiful,25
timothy,25
fingers,24
full,24
found,24
really,24
half,24
miss,24
hundred,24
else,24
pikes,24
father,24
maybe,24
tall,24
voices,24
built,24
gave,24
brought,23
shouted,23
parkhill,23
world,23
river,23
somewhere,23
fifty,23
husband,23
walter,23
silence,23
filled,23
find,23
body,23
phone,23
nodded,23
kill,23
slowly,23
anna,23
york,23
golden,22
listen,22
genevieve,22
leave,22
mrs,22
ahead,22
houses,22
clean,22
damn,22
answer,22
wait,22
walls,22
burned,22
alive,22
metal,22
mother,22
hill,22
afraid,22
words,22
minute,21
past,21
next,21
high,21
listened,21
live,21
food,21
toward,21
started,21
done,21
john,21
heat,21
hut,21
stand,21
wine,20
floor,20
knew,20
whole,20
move,20
grandpa,20
opened,20
michael,20
call,20
seen,20
afternoon,20
died,20
show,20
different,20
road,20
believe,20
minutes,20
shook,20
dropped,20
wide,20
suddenly,20
nights,20
mountains,20
sit,20
second,19
walking,19
rest,19
cry,19
heart,19
window,19
lips,19
bed,19
suppose,19
girl,19
shot,19
whispered,19
deep,19
laughing,19
glanced,19
shadows,19
thirty,19
today,19
lord,18
tired,18
wrong,18
million,18
young,18
canals,18
singing,18
sorry,18
make,18
finally,18
miles,18
stepped,18
money,18
landed,18
everyone,18
forward,18
days,18
figure,18
rose,18
passed,18
ships,18
bright,17
burning,17
pick,17
pillars,17
books,17
drink,17
word,17
speak,17
kept,17
together,17
drove,17
lights,17
dry,17
dog,17
killed,17
living,17
sudden,17
playing,17
iii,17
talking,17
week,17
song,17
closed,17
turn,16
tree,16
doors,16
touched,16
happy,16
pulled,16
sang,16
smiling,16
seemed,16
bent,16
crystal,16
flowers,16
samuel,16
death,16
streets,16
smiled,16
distant,16
drew,16
side,16
chest,16
stop,16
yet,16
pink,16
understand,16
radio,16
lonely,16
table,16
smell,15
breath,15
returned,15
guess,15
aaa,15
whispering,15
blowing,15
low,15
moonlight,15
broke,15
hell,15
talked,15
clear,15
pointed,15
boys,15
named,15
stared,15
valley,15
windows,15
arm,15
daughters,15
insane,15
inside,14
slow,14
paper,14
crying,14
gently,14
forth,14
kitchen,14
thinking,14
family,14
ask,14
help,14
soon,14
lived,14
ready,14
front,14
williamson,14
crew,14
moving,14
matter,14
seven,14
happen,14
may,14
sounds,14
eight,14
keep,14
large,14
watch,14
sunlight,14
getting,14
looks,14
carried,14
book,14
crowd,13
williams,13
robot,13
screamed,13
smoke,13
thick,13
nobody,13
cheroke,13
brown,13
use,13
touch,13
darkness,13
evening,13
picked,13
ttt,13
gray,13
lost,13
stay,13
appeared,13
making,13
anyone,13
hard,13
ylla,13
sleep,13
rang,13
hung,13
papers,13
quick,13
outside,13
brass,13
store,13
belter,13
job,13
screaming,12
hold,12
leaped,12
hidden,12
chair,12
sign,12
ground,12
lawn,12
hours,12
highway,12
sent,12
edward,12
hall,12
caught,12
breakfast,12
comes,12
centuries,12
tried,12
liked,12
times,12
anyway,12
arms,12
bad,12
burn,12
thank,12
question,12
idea,12
please,12
cut,12
trembling,12
reached,12
weapon,12
already,12
autumn,12
moon,12
sweet,12
drifted,12
breathing,12
watching,12
dozen,11
gripp,11
worked,11
played,11
hey,11
smile,11
fresh,11
standing,11
rocks,11
lifted,11
change,11
hurried,11
tomorrow,11
month,11
nine,11
slammed,11
reason,11
flesh,11
pretty,11
within,11
key,11
party,11
friends,11
turning,11
skin,11
wonder,11
bottle,11
none,11
part,11
shape,11
bit,11
entire,11
taking,11
rushed,11
goin,11
ruins,11
xxx,11
usher,11
trip,11
sure,11
replied,11
bodies,11
blow,11
art,11
tables,11
peace,11
leaving,11
flew,11
k,10
travel,10
showed,10
feeling,10
saying,10
raised,10
falling,10
angry,10
damned,10
waved,10
also,10
play,10
funny,10
pale,10
telepathy,10
animals,10
slid,10
atmosphere,10
bang,10
thanks,10
months,10
certainly,10
birds,10
since,10
fool,10
robert,10
grew,10
lie,10
wet,10
civilization,10
seeing,10
shaking,10
need,10
third,10
somehow,10
august,10
doctor,10
film,10
sitting,10
least,10
hallucinations,10
expedition,10
instant,10
joke,10
passing,10
snapped,10
mouths,10
laid,10
free,10
flame,10
steadily,10
brother,10
goes,10
thousands,10
mister,10
wood,10
secret,10
kind,10
bigelow,10
bronze,10
became,10
village,10
masks,10
mike,10
beauty,9
best,9
alice,9
tears,9
tiny,9
tight,9
case,9
whirled,9
loud,9
number,9
straight,9
line,9
robots,9
try,9
gathered,9
animal,9
lot,9
gentle,9
familiar,9
staring,9
hardware,9
rooms,9
flung,9
iron,9
return,9
boxes,9
beating,9
dance,9
america,9
real,9
read,9
early,9
business,9
trying,9
pushed,9
used,9
sounded,9
nose,9
following,9
places,9
clothes,9
leaned,9
dawn,9
entered,9
box,9
silently,9
seas,9
reading,9
killing,9
broken,9
cup,9
2005,9
poured,9
bones,9
waters,9
beat,9
snow,9
finger,9
laughter,9
midnight,9
rising,9
grass,9
wondered,9
lying,9
hit,9
dusty,9
ones,9
walk,9
climbed,8
wash,8
legs,8
rich,8
smelled,8
supper,8
shadow,8
bottom,8
religion,8
love,8
lids,8
truck,8
future,8
sad,8
jumped,8
rush,8
followed,8
science,8
upstairs,8
murmured,8
swiftly,8
proprietor,8
faded,8
odd,8
meant,8
pistol,8
government,8
chance,8
yard,8
oxygen,8
forty,8
footsteps,8
dogs,8
born,8
holding,8
hesitated,8
neat,8
fired,8
soil,8
struck,8
listening,8
start,8
thrown,8
mist,8
forgotten,8
cleaning,8
game,8
nonsense,8
dull,8
cheeks,8
wonderful,8
able,8
vast,8
met,8
mine,8
explain,8
folded,8
melted,8
dreams,8
landing,8
handed,8
mile,8
die,8
crazy,8
neck,8
peered,8
sleeping,8
sharp,8
carefully,8
shouting,8
jerked,8
remembered,8
desert,8
spaulding,8
loved,8
finished,8
leaves,8
changed,8
evil,8
onto,8
report,8
twice,8
catch,8
vanished,8
stove,8
clouds,8
memory,8
fourth,8
psychologist,8
knows,8
exploded,8
electric,8
parlor,8
clever,8
orange,8
chicken,8
wall,8
wild,8
sick,8
record,8
spoke,7
sixteen,7
idly,7
busy,7
rushing,7
working,7
mirrors,7
natural,7
aside,7
moons,7
image,7
certain,7
floated,7
huge,7
arose,7
slipped,7
sometimes,7
hollow,7
cigar,7
surprised,7
send,7
race,7
bird,7
steel,7
hope,7
ohio,7
wire,7
doorway,7
tossed,7
placed,7
safe,7
dr,7
shout,7
spread,7
trouble,7
prove,7
care,7
notice,7
nile,7
whistling,7
ceased,7
stayed,7
terrible,7
american,7
horse,7
shifted,7
telling,7
crosses,7
neither,7
blinked,7
immense,7
tapped,7
kick,7
ear,7
lungs,7
language,7
bone,7
distance,7
chess,7
ears,7
threw,7
near,7
jupiter,7
teeth,7
shoes,7
slept,7
corner,7
middle,7
either,7
dreaming,7
porches,7
marble,7
fish,7
mountain,7
atomic,7
ah,7
shining,7
kicked,7
shoot,7
end,7
fantasy,7
wildly,7
quickly,7
several,7
tin,7
glittered,7
hypnosis,7
given,7
hungry,7
pox,7
check,7
changing,7
seems,7
shoulders,7
faint,7
glad,7
double,7
edge,7
seized,7
instead,7
pipe,7
cooking,6
hurt,6
fit,6
snakes,6
musicians,6
planned,6
humming,6
child,6
spring,6
winter,6
knee,6
trembled,6
screen,6
vacation,6
stiffly,6
noon,6
waving,6
pass,6
inquired,6
imagine,6
gazed,6
knees,6
pressed,6
vanish,6
person,6
couple,6
sight,6
driscoll,6
faintly,6
continued,6
carrying,6
realized,6
perfect,6
david,6
festival,6
stomach,6
dishes,6
bring,6
drank,6
ball,6
clocks,6
quivering,6
order,6
wheel,6
wax,6
welcome,6
beds,6
flames,6
paused,6
forms,6
drop,6
ed,6
blind,6
impossible,6
size,6
checked,6
steffens,6
discovered,6
throw,6
poor,6
horror,6
climates,6
lavinia,6
stunned,6
perfume,6
holes,6
william,6
boots,6
meet,6
bitch,6
probably,6
wish,6
bucks,6
candy,6
library,6
moral,6
guests,6
selsor,6
surprise,6
twisted,6
suggested,6
grown,6
thoughts,6
shoulder,6
form,6
shop,6
covered,6
round,6
eating,6
hummed,6
lunch,6
rock,6
pay,6
lava,6
imagination,6
forget,6
dollar,6
shattered,6
nineteen,6
fluttered,6
2026,6
orders,6
eggs,6
simple,6
purpose,6
sort,6
cellar,6
putting,6
giving,6
flashed,6
tide,6
disease,6
gasping,6
bellows,6
center,6
noise,6
tomb,6
hate,6
toy,6
though,6
faced,6
bees,6
niggers,6
ice,6
dried,6
sense,6
motion,6
hum,6
blunt,6
poe,6
delicate,6
except,6
rubber,6
flower,6
swung,6
numb,6
shade,6
somebody,6
sighed,6
stones,6
slapped,6
brick,6
rim,6
questions,6
marlin,6
ape,6
wrist,6
nearer,6
piece,6
april,6
canopy,6
abandoned,6
fear,6
weather,6
meadows,5
series,5
camp,5
scream,5
pocket,5
fair,5
lots,5
country,5
hated,5
startled,5
halls,5
attic,5
logical,5
films,5
spot,5
grandma,5
ridiculous,5
loudly,5
single,5
mice,5
exhausted,5
tremble,5
condition,5
plant,5
sucked,5
heads,5
stairs,5
plan,5
untouched,5
bell,5
raced,5
alert,5
squinted,5
age,5
garden,5
led,5
fifteen,5
pieces,5
counted,5
blown,5
bother,5
mechanical,5
pause,5
means,5
lucky,5
bucket,5
tick,5
chairs,5
become,5
hissing,5
shone,5
seeds,5
vapors,5
bundles,5
1999,5
elbow,5
boats,5
band,5
exhaled,5
strangers,5
warmth,5
tissue,5
gods,5
true,5
dying,5
uniform,5
towers,5
fixed,5
em,5
message,5
friend,5
brains,5
remained,5
neatly,5
steady,5
nathaniel,5
worry,5
squatted,5
theater,5
sweeping,5
sixty,5
prepare,5
drift,5
colored,5
foot,5
beyond,5
storm,5
trapped,5
horrid,5
shivering,5
similar,5
popped,5
brittle,5
pools,5
sands,5
drunk,5
lightly,5
endless,5
bottoms,5
warmed,5
steaming,5
kissed,5
lives,5
wars,5
roof,5
weeks,5
bony,5
girls,5
seem,5
trigger,5
study,5
shimmering,5
bells,5
regarded,5
yelling,5
happening,5
sweating,5
sake,5
chemical,5
sunday,5
yll,5
stupid,5
insanity,5
seat,5
graveyard,5
lightning,5
audience,5
file,5
important,5
mothers,5
eye,5
blood,5
easily,5
ashes,5
majority,5
build,5
simply,5
century,5
corridor,5
motionless,5
excited,5
cure,5
throat,5
gather,5
laugh,5
carved,5
stores,5
lake,5
tiller,5
stirred,5
enjoy,5
christ,5
luggage,5
breathe,5
tiredly,5
driving,5
sighing,5
awoke,5
ceiling,5
final,5
icicles,5
blinking,5
mud,5
news,5
cracked,5
apart,5
escape,5
ruined,5
port,5
roared,5
glancing,5
swing,5
plastic,5
considered,5
aluminum,5
careful,5
flakes,5
poem,5
nails,5
idiot,5
follow,5
horses,5
avenue,5
stroked,5
story,5
various,5
uuu,5
attention,5
arrived,5
uneasily,5
shaped,5
shed,5
nice,5
apple,5
fed,5
dripping,5
onions,5
material,5
violet,5
swift,5
gets,5
yanked,5
incredible,5
illinois,5
raining,4
spiders,4
kids,4
whirling,4
locked,4
machine,4
auditory,4
bringing,4
fix,4
spider,4
needed,4
season,4
plate,4
rolled,4
accident,4
demanded,4
tune,4
steps,4
creek,4
fog,4
shifting,4
dollars,4
incinerator,4
roll,4
melt,4
wondering,4
accordion,4
mused,4
seventy,4
shiver,4
buried,4
drive,4
laws,4
weapons,4
wants,4
vacant,4
stranger,4
thinks,4
power,4
pull,4
leaping,4
november,4
keeping,4
knocked,4
rustled,4
dress,4
freshly,4
self,4
gold,4
beams,4
delicately,4
church,4
starlight,4
wives,4
chorus,4
mighty,4
hammered,4
atom,4
sides,4
flowing,4
doubt,4
rode,4
produced,4
snake,4
jesus,4
scent,4
bedroom,4
stuff,4
invited,4
figures,4
co,4
desk,4
blazing,4
sister,4
swimming,4
rubble,4
planting,4
nursery,4
saved,4
chili,4
worth,4
bewildered,4
horn,4
machines,4
law,4
mayor,4
coffee,4
thee,4
bread,4
happily,4
toast,4
haunted,4
steam,4
receiver,4
swell,4
purple,4
horizon,4
wailed,4
guessed,4
brothers,4
chin,4
lifting,4
fifth,4
burst,4
asleep,4
senseless,4
cats,4
storage,4
fools,4
torches,4
building,4
skeleton,4
learned,4
loose,4
strong,4
taken,4
hurry,4
surrounded,4
ash,4
knocking,4
lit,4
swallowing,4
heavens,4
whitie,4
darwin,4
chimney,4
close,4
pictures,4
whatever,4
territory,4
pillar,4
fathers,4
everybody,4
faith,4
wished,4
tubes,4
wave,4
jump,4
wharf,4
escaped,4
pulling,4
cause,4
grow,4
minds,4
crystals,4
christen,4
quit,4
smoking,4
glowed,4
immediately,4
ring,4
tongue,4
noticed,4
fists,4
harmonica,4
meat,4
tales,4
bicycle,4
fiery,4
bits,4
wrists,4
regular,4
saturn,4
fields,4
decided,4
pebbles,4
shame,4
save,4
wanting,4
bury,4
frightened,4
leaf,4
billion,4
dim,4
fly,4
pure,4
swayed,4
shake,4
main,4
texas,4
dismantlers,4
carry,4
speaking,4
eyed,4
normal,4
unusual,4
sobbed,4
sprang,4
served,4
images,4
knife,4
seconds,4
insect,4
lands,4
remote,4
fall,4
squeezed,4
fantasies,4
wiped,4
coat,4
existence,4
harp,4
flowed,4
copper,4
supposed,4
dancing,4
serene,4
wailing,4
giant,4
nervous,4
silk,4
vanishing,4
danced,4
raw,4
fun,4
irritably,4
2001,4
tube,4
pope,4
shock,4
sing,4
private,4
tearing,4
forest,4
buildings,4
lines,4
symbols,4
winked,4
slumped,4
announced,4
south,4
negro,4
comfortable,4
curved,4
helped,4
nevertheless,4
happens,4
repeated,4
whisper,4
oak,4
baked,4
school,4
loneliness,4
louder,4
hide,4
settled,4
buns,4
aloud,4
top,4
murder,4
expected,4
hearth,4
ocean,4
greatest,4
melting,4
bats,4
removed,4
setting,4
picture,4
bullet,4
policeman,4
reply,4
cards,4
proud,4
pop,4
direction,4
joking,4
ticked,4
guns,4
court,4
peregrine,4
short,4
shore,4
benjamin,4
forgive,4
sherry,4
dissolved,4
wrote,4
dug,4
higher,4
cheek,4
firing,4
rains,4
issued,4
alien,4
rrr,4
moonlit,4
shoved,4
dusted,4
villas,4
flapped,4
bills,4
july,4
ha,4
fishing,4
rare,4
sweat,4
leisurely,3
glassy,3
bolts,3
blouse,3
explained,3
hoping,3
strike,3
holy,3
tinkled,3
ate,3
shelves,3
alleys,3
bitter,3
frowned,3
task,3
bomb,3
saul,3
nature,3
substance,3
chill,3
tops,3
marched,3
coldness,3
echoes,3
ham,3
easy,3
hat,3
knock,3
dyin,3
sob,3
offer,3
eminent,3
explosions,3
push,3
whoever,3
brilliant,3
everywhere,3
allowed,3
twilight,3
repaired,3
square,3
aboard,3
stuffed,3
crossroads,3
opposite,3
imagined,3
expression,3
west,3
tightened,3
brow,3
edwards,3
dare,3
slender,3
telescope,3
complete,3
october,3
rage,3
dirty,3
cream,3
cooked,3
consider,3
hunting,3
harry,3
avenues,3
learn,3
accept,3
states,3
creature,3
thickened,3
whatis,3
silks,3
murmur,3
stage,3
freud,3
silvery,3
frantically,3
pendulum,3
acted,3
smashing,3
silenced,3
caged,3
leaning,3
continue,3
nowhere,3
spat,3
mcclure,3
un,3
yelled,3
phantom,3
tarn,3
cobalt,3
highways,3
leg,3
duplicate,3
occurred,3
sharply,3
coffin,3
murmuring,3
lock,3
slip,3
oz,3
kiss,3
strode,3
tied,3
steering,3
scarf,3
scene,3
clearly,3
scrolls,3
figured,3
glared,3
patterns,3
pressure,3
coldly,3
smooth,3
excitement,3
problem,3
dwindled,3
celebration,3
glittering,3
angrily,3
charred,3
wore,3
worn,3
cans,3
nuts,3
salon,3
break,3
thoughtfully,3
rippled,3
seated,3
forced,3
quieted,3
nostrils,3
fitted,3
chaney,3
gasped,3
mistake,3
plates,3
humble,3
ginnie,3
float,3
delighted,3
balanced,3
strangely,3
becoming,3
dimly,3
reality,3
polite,3
vampires,3
silverware,3
fragile,3
explosion,3
flourished,3
write,3
nomland,3
honest,3
geraniums,3
glasses,3
sunset,3
stained,3
congratulations,3
leather,3
learning,3
streams,3
fruit,3
speed,3
using,3
lady,3
miracle,3
twelve,3
cartons,3
sniffed,3
pool,3
vines,3
fountain,3
robes,3
fence,3
casual,3
arasumian,3
answered,3
firmly,3
banks,3
gibbs,3
floating,3
reflected,3
station,3
sensual,3
creeks,3
seventeen,3
throwing,3
dank,3
jeff,3
rope,3
belong,3
dime,3
older,3
distances,3
remaining,3
pounding,3
step,3
shine,3
montresor,3
circuits,3
ordered,3
amphitheater,3
cotton,3
ancestors,3
shack,3
scorched,3
flinging,3
stiff,3
tuiereol,3
cloud,3
whisky,3
shrieked,3
crossed,3
darkening,3
outer,3
broom,3
slide,3
completely,3
soundless,3
tire,3
sothat,3
freeze,3
tyrr,3
kicking,3
group,3
pilgrims,3
poet,3
examined,3
pit,3
ordinator,3
hush,3
objected,3
eat,3
star,3
theyare,3
california,3
watering,3
honey,3
foods,3
pianos,3
velvet,3
psychotic,3
hallucination,3
seed,3
tells,3
expeditions,3
phonograph,3
folks,3
architecture,3
sail,3
picking,3
springs,3
lovely,3
tapping,3
bottles,3
kid,3
firemen,3
amazingly,3
bert,3
sticks,3
fashioned,3
milk,3
hooray,3
visit,3
arrive,3
plaza,3
tile,3
mad,3
guys,3
gigantic,3
paid,3
incredulous,3
plump,3
secondary,3
snorted,3
pat,3
speech,3
pan,3
pao,3
docks,3
disappointed,3
outa,3
rapunzel,3
pockets,3
fellow,3
field,3
resembled,3
starting,3
washed,3
forbidden,3
reluctant,3
washing,3
creatures,3
emptied,3
diamond,3
particular,3
numbers,3
stir,3
deserted,3
harm,3
fist,3
lovers,3
members,3
backed,3
paint,3
park,3
boulder,3
tender,3
marilyn,3
point,3
dropping,3
fur,3
violently,3
spent,3
spend,3
letting,3
scowled,3
absolutely,3
curb,3
2002,3
2003,3
pulsing,3
graves,3
helps,3
unbelieving,3
fetch,3
noises,3
bluff,3
lucinda,3
lined,3
willing,3
february,3
dreary,3
statues,3
tumbled,3
admitted,3
proper,3
masked,3
panes,3
guard,3
buy,3
shooting,3
rise,3
faintest,3
emptiness,3
solemn,3
path,3
meats,3
badly,3
sprout,3
oven,3
clapped,3
destroyed,3
iowa,3
filling,3
hearing,3
curtains,3
brushed,3
cottages,3
coin,3
farther,3
swept,3
weak,3
trust,3
beside,3
insisted,3
hearts,3
burnt,3
hunt,3
icy,3
christmas,3
gillings,3
dinner,3
heap,3
longer,3
stacks,3
hammers,3
groups,3
dialed,3
unbelievable,3
eighty,3
crashed,3
branches,3
marguerite,3
wagon,3
corners,3
butterflies,3
iam,3
cooling,3
terrifying,3
wandered,3
cleared,3
genius,3
lighted,3
uncles,3
naked,3
picnic,3
spoons,3
arrival,3
pole,3
skeletons,3
peaceful,3
hardly,3
engine,3
spirit,3
clutter,3
booths,3
accepted,3
intact,3
taste,3
bounded,3
lace,3
grandfather,3
rats,3
tea,3
sticking,3
stick,3
shielded,3
okay,3
bigger,3
expect,3
cookie,3
teach,3
prejudice,3
traveled,3
king,3
slowed,3
moist,3
sandwiches,3
cigarette,3
mineral,3
hip,3
recording,3
blazed,3
rocking,3
plants,3
chestnuts,3
shirt,3
anybody,3
understood,3
ticking,3
holster,3
lemon,3
traveling,3
settling,3
shades,3
iced,3
weeping,3
piano,3
ended,3
knowing,3
closer,3
joe,3
ringing,3
inch,3
english,3
leader,3
owe,3
whether,3
branch,3
kinds,3
june,3
pumps,3
hanging,2
fingernails,2
wooden,2
broiled,2
bacon,2
sailed,2
hostile,2
jasmine,2
atoms,2
china,2
shriek,2
psychological,2
hole,2
organized,2
sickening,2
keeps,2
dreamed,2
curiouser,2
elms,2
returns,2
shower,2
idle,2
metallic,2
shall,2
object,2
letter,2
clicked,2
eyelids,2
hammer,2
score,2
twinkling,2
argue,2
remembering,2
delicatessen,2
boiled,2
possible,2
plucked,2
summoned,2
pinched,2
shaken,2
citizens,2
magazines,2
constantly,2
napkins,2
drummond,2
duel,2
exist,2
intend,2
theaters,2
midst,2
carpenters,2
jerk,2
tear,2
prevent,2
current,2
dusts,2
wherever,2
sprouted,2
bloody,2
marvelous,2
tightly,2
loving,2
scratched,2
marbles,2
oregon,2
originally,2
frogs,2
evidently,2
savor,2
foul,2
suck,2
revealed,2
st,2
drunken,2
tore,2
solitary,2
limbs,2
dwarfs,2
arriving,2
veins,2
fluted,2
sunburnt,2
emotion,2
tombstones,2
amphitheaters,2
simmering,2
rained,2
destroy,2
relaxed,2
pages,2
salt,2
slot,2
robe,2
saliva,2
worried,2
bombs,2
vision,2
panthers,2
twin,2
former,2
wires,2
gestured,2
period,2
divine,2
memories,2
act,2
luck,2
gargoyle,2
parties,2
housewives,2
trips,2
terra,2
sobbing,2
tricks,2
original,2
caused,2
dressing,2
joined,2
scientists,2
mound,2
amontillado,2
corrected,2
civilizations,2
glowing,2
plans,2
waves,2
patio,2
pans,2
passages,2
rapidly,2
hounds,2
ruining,2
lantern,2
research,2
darling,2
drifting,2
castle,2
numbed,2
cheekbones,2
focusing,2
determined,2
marriage,2
odors,2
trowel,2
frail,2
relief,2
odorous,2
understands,2
pleaded,2
failed,2
giants,2
closely,2
belled,2
byron,2
demons,2
monsters,2
load,2
induding,2
devil,2
silences,2
awake,2
slyly,2
beautifully,2
flooded,2
crackled,2
parents,2
goddamn,2
curious,2
cupped,2
temple,2
odor,2
agreement,2
tasting,2
prowling,2
atop,2
burrows,2
oily,2
likewise,2
expressionless,2
shrugged,2
visuals,2
firma,2
sweaty,2
titanic,2
makes,2
slim,2
purposes,2
shuffled,2
delay,2
intelligent,2
yellowish,2
halted,2
graveyards,2
someother,2
standin,2
decay,2
sniffing,2
greedy,2
thrust,2
chilly,2
marrow,2
interests,2
agate,2
homburg,2
mechanism,2
soap,2
persistence,2
ignited,2
painting,2
fact,2
rough,2
jaw,2
planted,2
tape,2
riding,2
shaping,2
rapped,2
frame,2
packed,2
adjusted,2
grinning,2
digging,2
shacks,2
drawing,2
less,2
sickened,2
crack,2
whispers,2
crisp,2
shuddered,2
garage,2
daylight,2
loaded,2
schedule,2
hiding,2
blackness,2
bullets,2
watchman,2
frustration,2
naturally,2
lowered,2
count,2
baptist,2
bearing,2
variety,2
monday,2
psychotics,2
veil,2
ghost,2
lift,2
searched,2
magnetic,2
invaders,2
blanket,2
tickets,2
investigator,2
blasphemy,2
bubbling,2
pluto,2
protection,2
pursuit,2
daughter,2
items,2
anchor,2
theories,2
quiver,2
inhabitants,2
ordinary,2
earlier,2
satisfied,2
jerking,2
embarrassed,2
whining,2
vessels,2
griff,2
comin,2
luncheon,2
hike,2
giraffes,2
strength,2
briskly,2
brief,2
religions,2
enjoyed,2
covering,2
lemonade,2
observed,2
unable,2
climate,2
cirde,2
peacefully,2
gable,2
tons,2
holstered,2
property,2
1975,2
contact,2
musical,2
board,2
afire,2
rustle,2
sparse,2
gentled,2
gingerbread,2
fight,2
snowy,2
theorizing,2
interested,2
interval,2
songs,2
soothed,2
flopping,2
terror,2
seemingly,2
brows,2
turns,2
sidewalk,2
woven,2
upper,2
temples,2
discover,2
appear,2
oaks,2
peeled,2
usually,2
puffed,2
illumination,2
sighted,2
silverine,2
cap,2
cat,2
december,2
occur,2
produce,2
indeed,2
brain,2
founts,2
lies,2
cars,2
jane,2
fruits,2
ithas,2
anger,2
offering,2
equipment,2
forever,2
egg,2
professional,2
fletcher,2
realizing,2
breeches,2
fascinated,2
whipped,2
wheels,2
wheezing,2
ruby,2
embrace,2
heels,2
commanded,2
finish,2
breeze,2
shouts,2
stung,2
gonna,2
sixth,2
intervention,2
youalways,2
describe,2
sheath,2
pointing,2
dreadful,2
minded,2
heaved,2
drawers,2
shuffle,2
revelation,2
shotguns,2
excuse,2
history,2
sneak,2
purring,2
invasion,2
taxpayer,2
moaning,2
jolly,2
dirt,2
expecting,2
maple,2
blossom,2
sigh,2
bowed,2
hesitating,2
withered,2
concentration,2
lid,2
cave,2
useless,2
eaten,2
stalked,2
flicker,2
darted,2
hardened,2
juke,2
x,2
poisoned,2
crackle,2
culture,2
abruptly,2
vault,2
governor,2
pace,2
pack,2
petal,2
winced,2
shiny,2
frost,2
skull,2
accustomed,2
electrical,2
draw,2
structure,2
outing,2
cell,2
nicholas,2
commercial,2
strapped,2
crab,2
vehicle,2
jonathan,2
huxley,2
drops,2
control,2
halloween,2
tatters,2
special,2
entertainment,2
umbrella,2
wines,2
reeled,2
perfectly,2
thrashing,2
yawned,2
beg,2
bet,2
relatives,2
state,2
horrible,2
hurrying,2
kings,2
inhale,2
yay,2
harlequins,2
treat,2
instantly,2
buzz,2
fierce,2
dressed,2
crushed,2
unseen,2
loss,2
glare,2
reaching,2
phantoms,2
pistols,2
mushrooms,2
inner,2
triangular,2
strawberries,2
cells,2
itis,2
beats,2
balcony,2
meteor,2
pardon,2
seriously,2
correct,2
net,2
tapes,2
eyebrows,2
drowned,2
bike,2
frenzy,2
rights,2
amazing,2
banged,2
isee,2
calmly,2
glinting,2
greasy,2
cellars,2
floors,2
concussion,2
somewhat,2
helen,2
spending,2
evaporated,2
modern,2
emphasizing,2
breathed,2
retire,2
stepping,2
wearing,2
compounded,2
patted,2
watermelon,2
bar,2
scrap,2
causeway,2
lazy,2
wears,2
ignorance,2
confronted,2
height,2
tins,2
shattering,2
alley,2
nowi,2
mexico,2
ii,2
euthanasia,2
shoveling,2
evolve,2
infinitely,2
maxfield,2
www,2
dear,2
bolt,2
wept,2
islands,2
lurid,2
ford,2
covers,2
sale,2
awhile,2
aunts,2
ribbons,2
dies,2
unexpected,2
villa,2
rug,2
earthquake,2
suggestion,2
quarrel,2
merely,2
rigid,2
archaeologists,2
soul,2
growing,2
till,2
map,2
staying,2
switch,2
jail,2
seizing,2
tucked,2
rattled,2
catacombs,2
emerged,2
monster,2
mechanisms,2
americans,2
suspended,2
continuous,2
shocked,2
pain,2
track,2
especially,2
trotted,2
shoe,2
curled,2
lauder,2
gem,2
declared,2
limbed,2
vaporous,2
stretched,2
considering,2
workshop,2
shopping,2
offered,2
wake,2
parrish,2
movements,2
bags,2
locusts,2
climbing,2
aspect,2
pile,2
bank,2
grip,2
drums,2
strangled,2
roar,2
mixed,2
gomez,2
lions,2
sophisticates,2
deer,2
grasped,2
fill,2
thisis,2
crimson,2
gang,2
titled,2
portable,2
dial,2
public,2
africa,2
splash,2
roosevelt,2
abandon,2
lingered,2
gravely,2
baths,2
preening,2
bleak,2
dragon,2
pleasure,2
aboutthem,2
clamor,2
obeyed,2
repeating,2
ports,2
acting,2
crouched,2
pleasant,2
beginning,2
directory,2
embraced,2
razor,2
drapes,2
showers,2
moss,2
hillside,2
ruin,2
chimed,2
common,2
archaeologist,2
cinders,2
folding,2
dances,2
meeting,2
gas,2
honking,2
solid,2
mimosas,2
cents,2
yesterday,2
recognized,2
darn,2
maples,2
cogs,2
flue,2
magnificent,2
patient,2
piled,2
lesson,2
directed,2
constant,2
pennants,2
scurrying,2
prepared,2
armed,2
2000,2
literary,2
fatal,2
rhyme,2
huddled,2
dimes,2
rivers,2
chicago,2
access,2
packing,2
sink,2
numbness,2
climb,2
honor,2
speeches,2
trail,2
closing,2
daring,2
watery,2
hugged,2
cutting,2
misting,2
gazing,2
dooryard,2
fourteen,2
cured,2
mortar,2
maidens,2
flashes,2
pausing,2
occasion,2
sparks,2
fumbled,2
beam,2
bead,2
agree,2
otherwise,2
muddy,2
curtain,2
ridden,2
creak,2
thesecond,2
partner,2
spitting,2
position,2
bench,2
slits,2
crossroad,2
smart,2
worlds,2
success,2
crawled,2
chains,2
pepper,2
oiled,2
brooded,2
introduced,2
tome,2
pin,2
phoned,2
ducked,2
feeding,2
phial,2
jack,2
supplies,2
hundreds,2
auction,2
bloomed,2
vacations,2
glinted,2
feelings,2
ebony,2
swings,2
coffins,2
naive,2
tremendously,2
entertained,2
lincoln,2
quartermain,2
gate,2
mess,2
jumping,2
amid,2
jungle,2
london,2
writing,2
explode,2
ghosts,2
sorcerers,2
splashed,2
soda,2
sober,2
fashion,2
handkerchief,2
rat,2
cigars,2
glow,2
chariot,2
contacted,2
chewed,2
spite,2
undressed,2
shots,2
isolation,2
confusion,2
sipped,2
majestic,2
hysterically,2
craft,2
stopping,2
outnumbered,2
scattering,2
bands,2
unsuspecting,2
rustling,2
proudly,2
gosh,2
census,2
froze,2
stuck,2
striding,2
fury,2
tim,2
flushed,2
roving,2
couches,2
levee,2
recall,2
says,2
stands,2
hairy,2
liquors,2
entertain,2
descended,2
sedge,2
lawns,2
flapping,2
innumerable,2
crumbling,2
stranglin,2
liquid,2
hilltop,2
comfort,2
bath,2
belts,2
realistic,2
nodding,2
torch,2
tumultuous,2
theory,2
hull,2
uniformed,2
fetched,2
millions,2
huh,2
froth,2
ideal,2
boiling,2
cortez,2
trot,2
written,2
shimmer,2
tock,2
ssh,2
fainted,2
jokes,2
ways,2
flow,2
reaction,2
efficiency,2
contract,2
satisfaction,2
deposited,2
helicopter,2
nothingness,2
premature,2
shops,2
ironic,2
muffled,2
weed,2
persons,2
eucalyptus,2
desolate,2
blot,2
engulfed,2
flashing,2
colorful,2
towel,2
oddly,2
snatched,2
canteen,2
terrified,2
amber,2
labial,2
politics,2
5,2
pillows,2
separate,2
applause,2
surgical,2
settlement,2
bubbled,2
fat,2
sons,2
rate,2
imported,2
racing,2
toes,2
directions,2
goodby,2
miniature,2
1905,2
flat,2
imitation,2
breaking,2
dissolving,2
susan,2
shady,2
scientist,2
mattress,2
instructions,2
solvent,2
roofs,2
guy,2
bushes,2
fallen,2
feed,2
fancy,2
moat,2
rifle,2
suspicious,2
oaken,2
hexagonal,2
finding,2
added,2
obediently,2
hid,2
banquet,2
consciously,2
bare,2
mechanically,2
nailed,2
libraries,2
sold,2
witch,2
flies,2
suspenders,2
pa,2
woke,2
rip,2
aspens,2
continent,2
shovels,2
customers,2
antiseptic,2
shapes,2
grenades,2
prow,2
recited,2
hatred,2
andthere,2
fast,2
filet,2
upright,2
raising,2
cartwheel,2
dismay,2
leaded,2
windy,2
winds,2
peering,2
spool,2
drinking,2
settlers,2
fold,2
pushing,2
larger,2
shaded,2
shovel,2
stream,2
frog,2
musician,2
panted,2
lumber,2
proof,2
tap,2
thirsty,2
mowing,2
slamming,2
therewere,2
crawling,2
contaminated,2
wilderness,2
pellet,2
clusters,2
crowds,2
crash,2
emerald,2
whereare,2
eased,2
trap,2
shallow,2
astounded,2
noses,2
olfactory,2
lafe,2
swarming,2
pleased,2
local,2
workin,2
view,2
dreariness,2
luminous,2
closet,2
favor,2
ability,2
opening,2
joy,2
grain,2
respect,2
painted,2
member,2
unity,2
elbows,2
warming,2
bending,2
happiness,2
chuckled,2
searching,2
lead,2
spilled,2
urged,2
polished,2
strangeness,2
travelers,2
promise,2
eh,2
stirring,2
goodness,2
incredibly,2
junk,2
hordes,1
ustomorrow,1
crooned,1
electricity,1
sunlit,1
flicking,1
sinking,1
oceans,1
politician,1
wavered,1
pulse,1
crisply,1
sterile,1
snuggled,1
thunder,1
fossil,1
chins,1
powdering,1
dimness,1
divide,1
magically,1
stern,1
scoffed,1
unit,1
picturegraphs,1
therefore,1
expeditionary,1
stumps,1
94,1
circumstances,1
blade,1
plunged,1
locker,1
example,1
wand,1
hoe,1
shrug,1
buzzzzzzzzz,1
twined,1
snuffing,1
winy,1
wink,1
wing,1
sarcastically,1
dreamer,1
lovingly,1
pritchard,1
survivors,1
easier,1
ached,1
colonial,1
interrupt,1
bricks,1
haveheard,1
spotless,1
volcano,1
burial,1
bowls,1
matterwhat,1
laboratory,1
blinded,1
borne,1
threatened,1
cornerstone,1
flurry,1
whirlwind,1
channels,1
instruct,1
service,1
aresomeone,1
stack,1
listed,1
rummaged,1
collapse,1
sulphur,1
crawl,1
pneumonia,1
exclaimed,1
partides,1
acclaim,1
boston,1
scraped,1
soaked,1
eagerly,1
toothed,1
grips,1
thrilled,1
doin,1
shale,1
singer,1
hestood,1
nineteenth,1
insects,1
bonnie,1
lethal,1
caper,1
apace,1
touches,1
shuffling,1
cousins,1
mend,1
whatwill,1
terrors,1
torchlit,1
themclearly,1
relish,1
tomis,1
dipping,1
withhis,1
hasten,1
disaster,1
niche,1
pads,1
fail,1
nocturnal,1
rings,1
pressures,1
claws,1
roller,1
lookin,1
gleaming,1
union,1
afine,1
spit,1
overto,1
flooding,1
elaborate,1
skirts,1
verges,1
eighteen,1
darkie,1
jolting,1
split,1
babies,1
fairly,1
powie,1
confusedly,1
echoed,1
bellow,1
alreadyknow,1
sleepy,1
cupolas,1
jumpers,1
ease,1
emphasis,1
east,1
casually,1
possibly,1
desire,1
malts,1
meringue,1
grotesquely,1
herrunning,1
ballooned,1
witty,1
paintingsstill,1
memorable,1
bowing,1
visitors,1
recollect,1
gonged,1
despair,1
depopulated,1
slightly,1
shoots,1
resulted,1
launching,1
peppermints,1
class,1
nicest,1
panels,1
temperately,1
proved,1
sprouts,1
tooth,1
protested,1
uttered,1
nlle,1
models,1
smelling,1
lunge,1
fastened,1
packets,1
lazarus,1
banners,1
quantity,1
skiing,1
foaming,1
crates,1
recurrence,1
choice,1
servicing,1
stays,1
pranced,1
tricycle,1
kneading,1
settle,1
scaly,1
meadow,1
insignificant,1
trails,1
flakelets,1
4462853,1
coppery,1
unintentionally,1
grandparents,1
understanding,1
dwindling,1
studied,1
carpets,1
tasks,1
eventime,1
logically,1
brewings,1
crammed,1
toppled,1
homesick,1
perished,1
imaginations,1
cranked,1
afford,1
odious,1
minnows,1
pretend,1
believed,1
gunfire,1
stole,1
thanking,1
windless,1
elephant,1
blasting,1
misshapen,1
date,1
spouted,1
temperate,1
stress,1
conscious,1
sh,1
wolves,1
innocuous,1
ungentlemanly,1
yawning,1
torn,1
twitching,1
suspicion,1
decreased,1
decades,1
records,1
runners,1
hickory,1
quarter,1
quartet,1
turtle,1
crushing,1
frames,1
entering,1
salads,1
canvas,1
nowthey,1
contained,1
investigation,1
seventh,1
spooning,1
inwardly,1
besides,1
unnamed,1
remainder,1
dunne,1
locations,1
disguises,1
holsters,1
mignon,1
chubby,1
zeppelins,1
bordman,1
drugstore,1
fooled,1
surged,1
meteors,1
yelping,1
folly,1
distill,1
coats,1
wandering,1
addressing,1
illness,1
tasted,1
argument,1
jewels,1
afound,1
warriors,1
instructed,1
note,1
roadside,1
butterfly,1
handing,1
inserted,1
touchy,1
average,1
crooked,1
bade,1
murmurs,1
surplus,1
unkind,1
congressional,1
psychiatrist,1
assistant,1
freezing,1
clearest,1
assimilate,1
hinges,1
roger,1
worries,1
anyways,1
impressions,1
hastened,1
dexter,1
untapped,1
representatives,1
enjoys,1
jobs,1
hearthrugs,1
gratefully,1
jovial,1
spare,1
spark,1
thickly,1
flipped,1
anti,1
reclined,1
caring,1
sprays,1
comb,1
almighty,1
collided,1
combined,1
reflective,1
hilarity,1
dutching,1
standard,1
structures,1
shanty,1
newspaper,1
situation,1
engaged,1
fame,1
motioned,1
paneled,1
edged,1
sickness,1
killchildren,1
edges,1
wired,1
tracking,1
pacing,1
fateful,1
robins,1
shrines,1
instrument,1
ghostly,1
plumes,1
sprockets,1
skies,1
sums,1
preference,1
tremulous,1
partaking,1
60,1
slammng,1
clam,1
rightnow,1
rigmarole,1
clay,1
clap,1
auditorium,1
racial,1
poll,1
dimensions,1
tote,1
ddt,1
scientific,1
forgetfulness,1
arocket,1
exasperating,1
swarms,1
favorite,1
meal,1
travelis,1
gesturing,1
utterly,1
wads,1
revivified,1
lively,1
accumulated,1
theplanet,1
gleam,1
meals,1
futile,1
sealed,1
hem,1
slopes,1
bristled,1
allan,1
survived,1
buying,1
handsome,1
youunderstand,1
darker,1
detailed,1
telepathic,1
johnny,1
accents,1
forgot,1
plangent,1
youstill,1
walks,1
pedestal,1
beaming,1
aromatic,1
spatial,1
dyed,1
beware,1
weariness,1
tinsel,1
theothers,1
tail,1
chewing,1
daytimes,1
swallows,1
offal,1
laying,1
silvered,1
sane,1
facsimile,1
senselessly,1
sank,1
cash,1
huckleberries,1
forestall,1
imperceptible,1
undecided,1
revealing,1
bulged,1
action,1
via,1
cynics,1
morelike,1
attendance,1
unrecognizable,1
blaze,1
company,1
tested,1
pursuers,1
coyote,1
coruscating,1
centrifugal,1
walling,1
stated,1
neglected,1
deodars,1
radioman,1
dazzle,1
relinquished,1
sympathize,1
ethics,1
acrawl,1
resemble,1
twisting,1
chemistries,1
frontiersmen,1
radios,1
trade,1
brim,1
roots,1
mummer,1
blurring,1
wry,1
trivialities,1
snowball,1
reassured,1
incinerators,1
begged,1
grandmothers,1
ruminated,1
doses,1
terrify,1
missed,1
wintar,1
sociological,1
nervously,1
risen,1
porcelain,1
driven,1
owners,1
w,1
scuffling,1
guest,1
schoenke,1
immediate,1
grace,1
blond,1
nowthat,1
conscription,1
virus,1
oyster,1
cover,1
waning,1
barren,1
dragged,1
blended,1
reels,1
magicians,1
sunny,1
preparing,1
frightening,1
tobe,1
devoured,1
tumult,1
weaved,1
piped,1
approaching,1
manger,1
jade,1
migration,1
spirits,1
muted,1
movie,1
europe,1
ahoo,1
pagan,1
barely,1
phosphorous,1
loam,1
community,1
frosty,1
sees,1
belt,1
acceptance,1
cheeked,1
hitting,1
suburbs,1
flounced,1
firm,1
resting,1
funs,1
likethat,1
wheeled,1
funk,1
presses,1
robin,1
trinkets,1
pound,1
theground,1
arching,1
backing,1
owen,1
ducks,1
triple,1
choking,1
rules,1
wasteland,1
displeased,1
levels,1
smartian,1
picks,1
clasped,1
mercurochrome,1
hydroponic,1
aroma,1
unto,1
presidents,1
australia,1
flannel,1
shimmered,1
sidewise,1
methods,1
sighs,1
didyou,1
mummy,1
prosecuted,1
allendale,1
askme,1
shadings,1
deserved,1
comehimself,1
wrinkles,1
wrinkled,1
chocolates,1
thudded,1
hemingway,1
custom,1
suit,1
inches,1
atlantic,1
peeped,1
spectroscope,1
hieroglyphs,1
continuously,1
hornet,1
skimming,1
graceful,1
andhis,1
occasional,1
sails,1
hustling,1
elements,1
lashing,1
lang,1
valuables,1
lank,1
summit,1
essay,1
code,1
melts,1
scratch,1
weatherman,1
dainty,1
churned,1
turkish,1
concerned,1
andshe,1
tremor,1
panting,1
manipulated,1
wipe,1
magic,1
experiencing,1
marry,1
logistics,1
uel,1
pledge,1
enclosed,1
licenses,1
drugstores,1
morse,1
respectively,1
thati,1
receive,1
scatter,1
defeat,1
thats,1
steamers,1
wedge,1
grinnell,1
dormouse,1
weaker,1
excursions,1
recalling,1
illegal,1
whipping,1
fitfully,1
eleven,1
pencil,1
bobbins,1
charity,1
athlete,1
pour,1
streamed,1
loch,1
beckoned,1
bend,1
rods,1
paws,1
trumpet,1
mumbled,1
contempt,1
catacomb,1
fits,1
cabbage,1
hawk,1
racks,1
reinhabited,1
bumbled,1
okapi,1
erasing,1
warningly,1
clarisse,1
doubtful,1
sirened,1
motorcycle,1
broiling,1
snouts,1
meantime,1
mumps,1
designs,1
windbags,1
bat,1
bedamned,1
cage,1
transparent,1
beneath,1
bump,1
polychrome,1
speculated,1
tenth,1
wander,1
tever,1
venom,1
evacuation,1
loomed,1
surely,1
unpatched,1
length,1
figments,1
relays,1
scare,1
staggered,1
manuscript,1
affliction,1
buoyed,1
vetoed,1
reference,1
los,1
system,1
fouling,1
quarry,1
hadblack,1
beatings,1
rickshaw,1
elite,1
fizzed,1
breathable,1
reacted,1
torrent,1
misunderstand,1
fawkes,1
knowsthat,1
awed,1
reloaded,1
dished,1
scooping,1
accuracy,1
disgustedly,1
petals,1
courtesy,1
fervent,1
05,1
stronger,1
acostume,1
biked,1
believethat,1
asylum,1
jar,1
lockin,1
capsules,1
molasses,1
exchanges,1
drowning,1
smash,1
summon,1
guessing,1
incurable,1
coils,1
cloudless,1
membrane,1
courtyard,1
ramp,1
turgidly,1
etc,1
unfocusing,1
aclick,1
ca,1
snowfall,1
recurring,1
youhave,1
tilita,1
spain,1
toothless,1
coals,1
balance,1
stuffing,1
bronzed,1
insanely,1
excessively,1
edgar,1
conserve,1
balm,1
columbia,1
dusk,1
stumbled,1
cremation,1
jerkily,1
identity,1
pleasantly,1
ofa,1
moments,1
andnearer,1
andaged,1
wonderfulenglish,1
hauled,1
caldrons,1
justsuppose,1
web,1
wee,1
realize,1
combine,1
mannered,1
inperson,1
increased,1
checking,1
biologists,1
fairies,1
stooped,1
cedar,1
pies,1
onion,1
flickering,1
blonde,1
wetter,1
disbelief,1
footprints,1
ruggedo,1
proceeded,1
includes,1
gained,1
iris,1
protects,1
iknow,1
whistled,1
angeles,1
reproducing,1
letters,1
theygave,1
rememberthat,1
mere,1
splintered,1
spots,1
remembernow,1
disengaged,1
quadrilles,1
newtown,1
backself,1
evident,1
society,1
triumphant,1
convince,1
coiffed,1
recognize,1
ordering,1
inc,1
lately,1
details,1
quartz,1
oppression,1
theyoohed,1
tinkling,1
lasted,1
eddies,1
silica,1
gardens,1
theyall,1
psychopathic,1
bludgeon,1
wagons,1
sly,1
triumph,1
clocked,1
lizard,1
irrevocable,1
lookfine,1
sinks,1
watermelons,1
watchers,1
smoky,1
wasmost,1
contrarily,1
holtville,1
archaeological,1
andterrible,1
total,1
coins,1
knoll,1
tryin,1
maybeshe,1
separated,1
tolerated,1
aware,1
1998,1
persuasively,1
blooming,1
fronting,1
sweethearts,1
impassive,1
verify,1
egyptian,1
truthful,1
fever,1
ladder,1
customs,1
bared,1
arch,1
greet,1
office,1
anythingelse,1
interfere,1
tinkle,1
youwere,1
fragment,1
penetration,1
colonies,1
bolted,1
crock,1
relishes,1
glitteringly,1
reasonable,1
pillarscrumbled,1
dumping,1
desolated,1
cameras,1
hooked,1
depots,1
pickaninnies,1
maniac,1
lousy,1
renew,1
unlatched,1
chopped,1
organize,1
crooning,1
electronic,1
centrifuge,1
realive,1
rates,1
theydo,1
grandchildren,1
ted,1
cereal,1
beforethat,1
target,1
portraits,1
enchanted,1
joviality,1
lull,1
quieter,1
luxury,1
swims,1
crinkled,1
snowflake,1
circles,1
maiden,1
circled,1
hesitation,1
manifested,1
ireally,1
reserve,1
iopr,1
chandelier,1
respectfully,1
druxnmond,1
outflinging,1
sewn,1
painfully,1
geologist,1
deepest,1
pursuing,1
trodding,1
meanin,1
uncountable,1
roundabout,1
nasty,1
tartly,1
dupont,1
steal,1
uninhabited,1
caved,1
cellophane,1
tainted,1
props,1
drawn,1
revealment,1
handful,1
received,1
psychologists,1
ill,1
cod,1
cadenced,1
wider,1
oblivious,1
families,1
brightening,1
gracious,1
physician,1
matisses,1
applies,1
thrash,1
ohed,1
beetles,1
brake,1
tugged,1
canvases,1
perform,1
unconcern,1
independent,1
crockery,1
springing,1
hang,1
confiding,1
pistoled,1
taint,1
sullenly,1
youwill,1
quoted,1
upturned,1
eying,1
transformed,1
righteous,1
photographed,1
caps,1
bastards,1
cape,1
eroded,1
impertinently,1
lapsed,1
justthinks,1
taffy,1
honored,1
rubberoid,1
eyeing,1
bore,1
confusing,1
denies,1
congratulate,1
humor,1
asking,1
someway,1
fifes,1
architectural,1
peer,1
earthian,1
post,1
rearrange,1
sizzling,1
soldiering,1
daythis,1
ole,1
derision,1
sagging,1
snows,1
garages,1
allalone,1
flecks,1
ancestral,1
emotional,1
bred,1
metaphysical,1
muscular,1
promised,1
physical,1
sunnyside,1
meanness,1
stake,1
saplings,1
test,1
paces,1
ebon,1
reception,1
horseback,1
battle,1
toothpick,1
layers,1
flask,1
graph,1
flash,1
tush,1
rhythm,1
youthink,1
gum,1
conglomeration,1
brave,1
cost,1
penetrated,1
decelerating,1
peels,1
tarantula,1
appeal,1
satisfy,1
supporting,1
burnished,1
rubbers,1
roaring,1
sending,1
screamin,1
regardless,1
hiking,1
extra,1
uphill,1
marker,1
quenching,1
market,1
territories,1
clue,1
fingered,1
planked,1
trilling,1
decker,1
labeled,1
slumbering,1
niagara,1
dubiously,1
clothing,1
dispositions,1
churchil,1
bonds,1
freezes,1
vamped,1
gaping,1
disgusted,1
drastic,1
vomited,1
whenever,1
candles,1
trumpets,1
nosed,1
tubas,1
tending,1
curls,1
tiara,1
chattering,1
halt,1
fling,1
lumbering,1
introduce,1
1950,1
galloping,1
lineage,1
calipers,1
january,1
honked,1
challenged,1
stooping,1
yeah,1
goose,1
fires,1
hymns,1
amusement,1
hastily,1
unwanted,1
inevitable,1
card,1
milestones,1
xi,1
shears,1
striking,1
blink,1
sheep,1
remotely,1
tragic,1
sublime,1
lunches,1
youshould,1
twinkled,1
slap,1
slam,1
distorted,1
slab,1
snorting,1
evaporate,1
flawlessly,1
failure,1
liverwurst,1
hurled,1
fourhours,1
ordination,1
rambling,1
proportion,1
wasnot,1
shrill,1
bettle,1
cannot,1
rantoo,1
celebrate,1
rippling,1
druggist,1
concert,1
concern,1
glaze,1
rollicking,1
3,1
receded,1
carpeted,1
nearby,1
shamefully,1
jeans,1
dispatch,1
jounced,1
shriekings,1
muttered,1
engulfments,1
exhaustion,1
seeanything,1
suspected,1
sticky,1
countless,1
prehistoric,1
humans,1
orientation,1
sawdust,1
bias,1
drug,1
hens,1
gentlemen,1
figuring,1
figurine,1
mesh,1
charged,1
neon,1
ruler,1
earnest,1
carful,1
rear,1
ruled,1
conversing,1
velocities,1
youdo,1
tryon,1
putter,1
recorded,1
forks,1
cleansed,1
pylons,1
strained,1
uneasy,1
papered,1
exciting,1
comparison,1
journey,1
heavy,1
bathtubs,1
heated,1
elementary,1
log,1
lon,1
jaws,1
assumes,1
pitcher,1
curiously,1
cottage,1
columnar,1
strollers,1
embedded,1
wereused,1
beliefs,1
intents,1
remembrances,1
trickled,1
moves,1
fooli,1
blackloam,1
unwelcome,1
antenna,1
foothills,1
swarmed,1
yow,1
forgiving,1
arethese,1
stringa,1
stockpile,1
doubted,1
strings,1
banishment,1
thoughtful,1
messy,1
religious,1
referring,1
erects,1
coloured,1
heaven,1
ceaseless,1
avalanche,1
startin,1
somberly,1
conscience,1
answers,1
tracks,1
inspired,1
aimed,1
globes,1
dissolvement,1
takes,1
ejected,1
browned,1
producing,1
butthis,1
hhh,1
plottin,1
exhaling,1
desisted,1
contrived,1
daggers,1
telephones,1
elijah,1
remnants,1
wishful,1
actually,1
systems,1
justthought,1
arsenal,1
grandfathers,1
coffeepots,1
imprisoned,1
fully,1
sheathings,1
fulla,1
fairy,1
ifi,1
eveni,1
dig,1
nap,1
todo,1
event,1
engrossing,1
safety,1
ass,1
keening,1
base,1
brightest,1
persists,1
onlyfifty,1
terribly,1
uncertainly,1
knots,1
picnicking,1
takers,1
infinite,1
pinned,1
belongs,1
banana,1
insure,1
selling,1
jordan,1
grocery,1
kindly,1
switchman,1
alongside,1
juice,1
cherokee,1
lip,1
experienced,1
anniversary,1
ravine,1
unreasonable,1
blend,1
phenomenon,1
giggled,1
paranoia,1
flights,1
surveyed,1
meanwhile,1
gloved,1
gloves,1
tolls,1
bigots,1
missing,1
invisible,1
secrets,1
gaunt,1
maidenly,1
experimental,1
mausoleum,1
likes,1
vessel,1
undulating,1
lecturers,1
collected,1
packs,1
recalled,1
dialing,1
loon,1
awhite,1
smacked,1
grant,1
toget,1
crumbled,1
exuse,1
uses,1
nylon,1
chord,1
judgments,1
settlements,1
praying,1
uselessly,1
whispery,1
circling,1
scuttering,1
elves,1
march,1
showing,1
manifest,1
sleds,1
popular,1
parade,1
brakes,1
providence,1
evidences,1
lakes,1
rue,1
nerves,1
plots,1
iwondered,1
afternoons,1
whatare,1
thatnobody,1
placing,1
newel,1
dips,1
properly,1
newer,1
reel,1
stumbling,1
psychosis,1
stragglers,1
hesitantly,1
mindful,1
rockefeller,1
upended,1
amounts,1
dashed,1
politicians,1
smiles,1
visits,1
drag,1
restrained,1
e,1
clenched,1
evenly,1
ammonia,1
cluttered,1
summoning,1
miners,1
squeaked,1
wehave,1
rattling,1
button,1
flickered,1
regain,1
compensated,1
booth,1
climes,1
plays,1
soup,1
rotten,1
experiment,1
melancholy,1
enterprising,1
chant,1
veered,1
clark,1
win,1
clara,1
addressed,1
horticultural,1
handfuls,1
camera,1
bureaucracy,1
beachcomber,1
salad,1
sought,1
digested,1
poetry,1
neurotic,1
circular,1
billows,1
farm,1
peeling,1
thunderstorm,1
rations,1
bakery,1
bathing,1
sightless,1
including,1
pine,1
mentioned,1
goshes,1
helicopters,1
brook,1
imbalance,1
sword,1
skates,1
placid,1
mysterious,1
upward,1
quivered,1
statism,1
globe,1
lolled,1
separating,1
stayin,1
theproper,1
playground,1
rompers,1
undressing,1
attending,1
resumed,1
befriended,1
route,1
mankind,1
horseman,1
bears,1
squinting,1
conflagrations,1
chintz,1
attack,1
wrapped,1
visages,1
paved,1
exactly,1
jauntily,1
overwhelming,1
photograph,1
horrors,1
border,1
screw,1
bastard,1
sprinkler,1
cranes,1
pursued,1
issuing,1
nailheads,1
exhaustedly,1
goddamned,1
sewing,1
mimosa,1
intentions,1
montana,1
connected,1
lectured,1
awe,1
expired,1
upset,1
businessman,1
affair,1
crate,1
parked,1
earned,1
gelatinous,1
dreamers,1
inherited,1
fuel,1
mortality,1
itcouldn,1
doubting,1
sprouting,1
shemust,1
sipping,1
ascended,1
dwellings,1
trucks,1
gust,1
placer,1
motorboat,1
oppressively,1
solicitous,1
multiplying,1
hardwood,1
clumping,1
shrouded,1
autosuggestion,1
reinforcements,1
nightmare,1
intending,1
tosses,1
tent,1
indiscriminate,1
precious,1
limits,1
shingle,1
admit,1
flocking,1
tuesday,1
agreed,1
crystalline,1
erased,1
tread,1
sara,1
cent,1
flinders,1
tthat,1
senses,1
quotation,1
harder,1
natchez,1
harden,1
thedetail,1
surface,1
swinging,1
roman,1
tweedledum,1
parts,1
underground,1
reactionary,1
sagged,1
sooner,1
lungfuls,1
scarcely,1
reflection,1
nebulous,1
awning,1
taller,1
sources,1
magnolias,1
spells,1
barefooted,1
morgue,1
balloons,1
fate,1
fleas,1
necessary,1
starry,1
digest,1
leery,1
thereis,1
broad,1
grinding,1
ladyfingers,1
tides,1
tremored,1
medieval,1
choked,1
staked,1
toomuch,1
greening,1
delicacies,1
stakes,1
communism,1
tourists,1
political,1
teasdale,1
apprehensively,1
hoofs,1
fountains,1
ho,1
sprinkling,1
signed,1
projecting,1
stories,1
display,1
penny,1
horsewhip,1
chronometers,1
functions,1
unimpeachable,1
chemist,1
scrubboards,1
foil,1
atomized,1
rawled,1
chiming,1
powdery,1
knelt,1
whose,1
tamping,1
floatin,1
mournful,1
vase,1
nourished,1
confederate,1
baking,1
clothed,1
deplorable,1
heading,1
force,1
lavender,1
fixin,1
parkhiil,1
asia,1
tthink,1
pancakes,1
revoking,1
101,1
justlike,1
campaign,1
slices,1
sliced,1
ninety,1
survive,1
twirled,1
type,1
churchyard,1
warn,1
adult,1
pivoting,1
setup,1
gasoline,1
foliage,1
root,1
sensually,1
laughs,1
onlylooks,1
advancing,1
elicited,1
braids,1
massive,1
disconsolately,1
minority,1
vicious,1
curiosity,1
longingly,1
fungi,1
assuredly,1
advocators,1
windshield,1
soaking,1
spoken,1
differently,1
persist,1
gents,1
confidently,1
combination,1
fringed,1
soddenly,1
brightness,1
doup,1
seenfor,1
pumpkinhead,1
skins,1
stealing,1
hushed,1
shriveled,1
thatis,1
starts,1
greattwine,1
andin,1
hook,1
featured,1
ditch,1
feathery,1
twister,1
dilated,1
solemnly,1
wieners,1
villages,1
clopped,1
peculiar,1
matted,1
bitterness,1
lingering,1
spoiled,1
declarin,1
rattle,1
sounding,1
horde,1
tactile,1
tunnels,1
starved,1
thisdoes,1
alarm,1
nighttime,1
points,1
principle,1
ending,1
tiles,1
perceive,1
tiled,1
churches,1
flowerpots,1
earn,1
optimistic,1
grilled,1
fascinating,1
testing,1
voyage,1
shaven,1
stiffening,1
cleverer,1
weary,1
weare,1
eyeball,1
erect,1
idon,1
hollowed,1
personally,1
unfingerprinted,1
murders,1
defeated,1
clinging,1
jiggled,1
disappear,1
bottled,1
belly,1
ceilings,1
clung,1
delight,1
vibrated,1
nurtured,1
opportunity,1
stiffened,1
butter,1
neptune,1
drowsily,1
lomond,1
bierce,1
assigned,1
identify,1
dusters,1
mizzled,1
sunflower,1
jeweled,1
interior,1
highly,1
dignity,1
joneses,1
deal,1
deaf,1
separately,1
daytime,1
arguing,1
prairies,1
sift,1
picassos,1
ribs,1
automatically,1
warrens,1
hotly,1
refines,1
fumes,1
scalded,1
flying,1
lowering,1
fireworks,1
feminine,1
penned,1
awakeness,1
radioactive,1
mirade,1
mouthed,1
builds,1
streaming,1
midnights,1
gyro,1
stages,1
sarcophagus,1
unholy,1
password,1
vasty,1
authorities,1
howdifferent,1
restored,1
skis,1
bombed,1
lubrication,1
mild,1
cattlemen,1
anticipation,1
depend,1
bordered,1
amaze,1
reptiles,1
figment,1
whatyou,1
beanstalks,1
alljungle,1
keepers,1
brownish,1
grimace,1
anesthetic,1
wenever,1
phonographs,1
bunchy,1
transportation,1
wail,1
french,1
decipher,1
stem,1
battling,1
shift,1
grinned,1
raccoon,1
insolent,1
upraised,1
hotels,1
ungainly,1
wealth,1
sharper,1
gravitizers,1
swiveled,1
amelia,1
effort,1
thermos,1
wallet,1
sour,1
nearest,1
battered,1
whirls,1
lifeless,1
bendings,1
emotionless,1
swore,1
junkman,1
ofthat,1
loaves,1
gelatin,1
pulsations,1
borrowing,1
provide,1
halos,1
anactual,1
cathedral,1
entrails,1
police,1
interesting,1
straggled,1
policy,1
mail,1
killer,1
drowsing,1
makesome,1
touching,1
patter,1
resignation,1
eyelid,1
unlock,1
sifted,1
greeks,1
brimming,1
charcoaled,1
wrinkleless,1
pumping,1
brooks,1
romans,1
gnashed,1
whims,1
mortared,1
demanding,1
inawind,1
grist,1
derivation,1
carnival,1
contented,1
thine,1
cheese,1
thoughtless,1
lap,1
plains,1
moisture,1
spicules,1
15,1
gotta,1
victorian,1
knives,1
notched,1
gathering,1
dash,1
learnin,1
pebble,1
speakers,1
efficient,1
wetly,1
sorehead,1
roamin,1
collapsed,1
channel,1
bets,1
plumbing,1
tract,1
pair,1
tugging,1
queens,1
dasped,1
synonym,1
fills,1
bangin,1
napkin,1
precise,1
mpositive,1
andfresh,1
threshold,1
storms,1
nickels,1
disconcerting,1
contracts,1
killers,1
gee,1
busiest,1
ruddy,1
finishing,1
itdesolate,1
soundproofed,1
diamonds,1
moaned,1
checks,1
timmy,1
pillared,1
flimpf,1
according,1
concentrate,1
remake,1
eniall,1
breakfasts,1
stretcher,1
logic,1
gripped,1
investigating,1
eventually,1
ethically,1
rammed,1
dynamos,1
ferns,1
wisely,1
arguments,1
exhaust,1
oil,1
hulle,1
companion,1
rimed,1
spading,1
drain,1
bumping,1
sights,1
comeon,1
forgo,1
shingles,1
extensive,1
karnak,1
youguess,1
afflict,1
ascend,1
dole,1
drenched,1
overly,1
claustrophobia,1
linoleum,1
townexclusively,1
thiswas,1
regulations,1
island,1
monstresor,1
expressionlessly,1
practical,1
unnerved,1
references,1
shells,1
jigsaw,1
hysterical,1
mornings,1
judging,1
strikes,1
downstairs,1
romantic,1
leftnow,1
lookagain,1
affection,1
whathe,1
prism,1
coughing,1
obsessed,1
shelter,1
revolve,1
awkwardly,1
jerkingly,1
sardine,1
deluxe,1
lapped,1
duplicates,1
sunk,1
sung,1
coolidge,1
enjoying,1
hideous,1
puffs,1
turnips,1
subterranean,1
difference,1
hadblue,1
judith,1
biological,1
strung,1
recorders,1
ribbon,1
sweetly,1
windstirred,1
unfurled,1
chipped,1
bible,1
tortoise,1
youlove,1
misery,1
onthis,1
clapping,1
concussions,1
emptier,1
establish,1
blankness,1
rubbing,1
brisk,1
controlling,1
strain,1
barroom,1
thereal,1
remain,1
dem,1
specialized,1
stubborn,1
bravely,1
minimum,1
purchased,1
needs,1
drained,1
cocking,1
acts,1
redwood,1
advice,1
questioning,1
qqq,1
statuary,1
coax,1
orchard,1
crowded,1
cirdes,1
bathed,1
responsibility,1
sexless,1
thinkwe,1
rifles,1
dough,1
clumsily,1
remade,1
fissure,1
baal,1
triumphantly,1
hurting,1
noticing,1
struggling,1
youknow,1
mystery,1
huddle,1
deteriorated,1
youlike,1
foxes,1
wiggling,1
extended,1
hive,1
ripple,1
navigator,1
childish,1
print,1
louts,1
faucet,1
blossoming,1
wither,1
pilots,1
tok,1
bumble,1
muscles,1
trolls,1
stirs,1
gotten,1
spirited,1
contrary,1
polishing,1
gibbered,1
mayonnaised,1
idled,1
ages,1
andthem,1
nothin,1
unafraid,1
hekill,1
backseat,1
flared,1
squirting,1
flaming,1
click,1
rafters,1
capillaries,1
lovecraft,1
thomas,1
sparrow,1
scattered,1
unhappy,1
idiots,1
permission,1
express,1
courage,1
breast,1
sill,1
spungold,1
restaurants,1
fledged,1
vine,1
lion,1
degree,1
babbitts,1
complementary,1
scuttle,1
tapered,1
acetylene,1
civilize,1
patiently,1
raise,1
pocketbook,1
create,1
choruses,1
thistles,1
peppery,1
4,1
gay,1
hungers,1
interlocking,1
sobs,1
beforeany,1
encountered,1
withpered,1
italy,1
headless,1
emphasize,1
strips,1
keys,1
husbands,1
dart,1
timid,1
flags,1
withdraw,1
entry,1
prevention,1
echoing,1
featherstone,1
timber,1
blankets,1
kites,1
thedifferent,1
hates,1
bin,1
bid,1
confidentially,1
ambrose,1
follows,1
policewagon,1
friezes,1
valleys,1
often,1
mirror,1
scuttled,1
jewelry,1
pet,1
decision,1
pen,1
windowpanes,1
costumes,1
darnedest,1
beans,1
framed,1
fallin,1
errand,1
pounded,1
adjusting,1
onearth,1
scintillas,1
stripped,1
consulted,1
necks,1
thethird,1
denying,1
buckshot,1
dimmed,1
stendabi,1
lens,1
theonly,1
amused,1
2007,1
2004,1
faultless,1
bulkhead,1
sanctuary,1
groceries,1
compose,1
mower,1
brooms,1
presently,1
startlingly,1
accuse,1
passin,1
surgeon,1
arrange,1
tmean,1
announcing,1
uncomfortable,1
forhim,1
pipes,1
anywhere,1
pleading,1
socertain,1
exercise,1
exchange,1
safer,1
irritating,1
extreme,1
talent,1
ihope,1
crashing,1
limp,1
gusting,1
beanstalk,1
composer,1
beckon,1
lime,1
processions,1
obeisks,1
bethe,1
charcoal,1
thirsts,1
train,1
ashamed,1
f,1
pedaled,1
unreal,1
crickets,1
unpacking,1
proportions,1
syrups,1
native,1
dinners,1
furnace,1
stock,1
philosophy,1
bothered,1
sip,1
trapdoors,1
muhe,1
cuddling,1
bins,1
whimpered,1
horns,1
llall,1
bunch,1
tsk,1
decorum,1
criminal,1
crewcut,1
tickled,1
junction,1
blessed,1
kindness,1
serpentine,1
crackpotscientists,1
speakenglish,1
forwhat,1
morris,1
disregard,1
tubing,1
einstein,1
popping,1
hatters,1
oriental,1
stud,1
lecture,1
redialed,1
apologetically,1
myown,1
sorrowful,1
scalding,1
aboutthis,1
finest,1
sack,1
whoop,1
puppet,1
appleseed,1
jingly,1
ripples,1
jingle,1
nut,1
dabbed,1
completed,1
xylophone,1
shrapnel,1
tenements,1
loves,1
lover,1
tidy,1
unlikely,1
disquieted,1
mid,1
mix,1
concerns,1
gettwo,1
mooring,1
firefly,1
unless,1
prisoner,1
starched,1
firelight,1
graphs,1
absurd,1
rendezvous,1
supported,1
himselfup,1
thicker,1
staff,1
coloring,1
scuttling,1
photographs,1
bear,1
yelps,1
darken,1
striped,1
organ,1
subways,1
eyebrow,1
calling,1
tightening,1
filleted,1
carnivores,1
pattern,1
progress,1
bramble,1
monarchs,1
sorrow,1
firmness,1
sexed,1
asunder,1
equal,1
assure,1
busted,1
vent,1
denim,1
caverns,1
recompense,1
timelook,1
copies,1
blasted,1
luridly,1
phosphorescent,1
exceptone,1
tenderly,1
angles,1
bull,1
appearance,1
plait,1
permeate,1
planets,1
delusion,1
outwears,1
hecould,1
tranquil,1
whirl,1
tumbling,1
blooms,1
garish,1
practice,1
stenciling,1
sisters,1
numbered,1
shoneon,1
arising,1
usual,1
barking,1
domestic,1
interim,1
seats,1
onward,1
add,1
raved,1
citizen,1
raven,1
tests,1
insert,1
kaleidoscopes,1
audible,1
crazily,1
whined,1
novelist,1
neurosis,1
transmitted,1
slight,1
lugosi,1
simpler,1
inconsiderate,1
gladi,1
boards,1
frothed,1
certainty,1
andes,1
totell,1
evoke,1
fleshy,1
whiteweed,1
vegetables,1
biggest,1
rococo,1
ivory,1
bun,1
bum,1
contemptuously,1
dangerous,1
mists,1
flip,1
thorn,1
rabbits,1
deaths,1
circus,1
identities,1
corporation,1
detail,1
glided,1
shrank,1
littered,1
dustered,1
hats,1
martinis,1
patches,1
thinness,1
fromearth,1
pride,1
shambles,1
risk,1
marimba,1
thisreallywas,1
washtubs,1
parted,1
justyou,1
leaders,1
razed,1
direct,1
frosted,1
surrounding,1
beaten,1
interplanetary,1
mantis,1
moonstone,1
forus,1
resurrected,1
straw,1
visible,1
acceded,1
autumnal,1
billowing,1
breaths,1
excellent,1
join,1
grenade,1
inscription,1
ingenuity,1
gadgets,1
overheard,1
returning,1
charging,1
patting,1
unwrinkled,1
sparkled,1
astoundingly,1
withtheir,1
sparkles,1
splendid,1
hypnotic,1
complexity,1
upside,1
vapor,1
interpretation,1
clench,1
mallard,1
forehead,1
howdy,1
prevented,1
swaying,1
potatoes,1
tweedledee,1
detroit,1
tumbleweed,1
celebrating,1
juggling,1
saturday,1
adjust,1
washer,1
ritual,1
shootin,1
dunce,1
grottoes,1
primary,1
rank,1
restrict,1
philosophical,1
lulled,1
numbly,1
ton,1
gowns,1
lathed,1
serve,1
toot,1
abated,1
incredulity,1
gulfs,1
reclining,1
bridge,1
rap,1
scatterings,1
glands,1
plenty,1
thatgingerbread,1
sores,1
swerved,1
yank,1
bait,1
random,1
colors,1
paranoids,1
appealed,1
minnesota,1
vinny,1
gees,1
fluid,1
shutting,1
wedding,1
pouting,1
beads,1
countries,1
anxiously,1
licking,1
liquor,1
fishlike,1
discovery,1
rims,1
rime,1
wear,1
censorship,1
gasretts,1
drowsy,1
protect,1
antelopes,1
monograph,1
vexed,1
buzzing,1
beef,1
confident,1
beer,1
containers,1
pinking,1
search,1
affixed,1
sallow,1
reddening,1
deeps,1
parched,1
dashboard,1
xylophones,1
natives,1
bedelighted,1
complex,1
knicknacks,1
twiddling,1
vvv,1
published,1
darned,1
incredulously,1
neurologists,1
incapable,1
seasonal,1
collars,1
elm,1
cherry,1
advanced,1
humanity,1
glinda,1
rumor,1
atmospheres,1
appearing,1
mansions,1
willows,1
butterfield,1
chests,1
specific,1
exhausts,1
select,1
core,1
damask,1
corn,1
lamps,1
bleated,1
plum,1
coiled,1
primitive,1
fern,1
esctatic,1
drowsed,1
gin,1
metabolism,1
payable,1
sustained,1
admiration,1
portions,1
webs,1
prows,1
bide,1
latch,1
nnn,1
furs,1
pelted,1
suspicions,1
sometime,1
believable,1
eerie,1
tip,1
suppers,1
dappled,1
scratchy,1
younger,1
vigorously,1
spanked,1
serious,1
backward,1
focus,1
functioned,1
row,1
bulging,1
passage,1
spools,1
bluffs,1
thawed,1
cook,1
annihilated,1
drier,1
widened,1
invaded,1
drinks,1
debate,1
bearers,1
tanother,1
baseball,1
twentieth,1
arcadia,1
guilty,1
stomachs,1
cinnamon,1
weird,1
swallowed,1
bulbs,1
bases,1
australian,1
galleries,1
altar,1
thunderous,1
chocolate,1
drown,1
cases,1
rumpelstiltskin,1
andahed,1
studded,1
hullabaloo,1
batty,1
iodine,1
whirred,1
whatthey,1
stroke,1
bacteriologists,1
lickety,1
birthday,1
tipped,1
curing,1
wagging,1
withfeeling,1
drumsticks,1
motions,1
bound,1
conquer,1
gushing,1
blueprints,1
realism,1
populated,1
uninhibited,1
catching,1
begun,1
ofthose,1
oklahoma,1
someplace,1
bicarbonate,1
nowcome,1
flare,1
calories,1
spoors,1
childhood,1
george,1
mintes,1
population,1
r,1
aesthetic,1
courteously,1
armored,1
confessed,1
dryness,1
silhouette,1
ideas,1
inky,1
impulsively,1
clearer,1
clatter,1
beaded,1
shrieking,1
detective,1
hustled,1
misted,1
dirge,1
spaces,1
superb,1
wool,1
ozma,1
fatherly,1
hedge,1
installed,1
reveal,1
versions,1
circle,1
pants,1
poling,1
1920,1
college,1
1926,1
1927,1
definite,1
stompings,1
shivered,1
knapsacks,1
region,1
propagation,1
bunks,1
filtering,1
armchair,1
pot,1
colony,1
cobbled,1
resentment,1
swum,1
fireflies,1
turkey,1
pilot,1
paying,1
stabling,1
shrieky,1
cast,1
gloamin,1
telephone,1
recounted,1
quarreling,1
shifts,1
bows,1
jackstones,1
generated,1
barefoot,1
nest,1
drives,1
producers,1
statue,1
magical,1
withour,1
violent,1
bluebeard,1
halfway,1
shrine,1
rosy,1
dully,1
carpeting,1
tik,1
virginia,1
exquisitely,1
sanity,1
tower,1
reduced,1
collapsible,1
cradded,1
pacific,1
tarot,1
thenyou,1
provided,1
legal,1
almosttouch,1
calmed,1
diced,1
cringing,1
theywant,1
choirs,1
waded,1
tribe,1
instruments,1
syringe,1
buds,1
strict,1
energy,1
illuminated,1
soprano,1
crackling,1
telescopic,1
flats,1
castles,1
russet,1
minneapolis,1
protruded,1
fiddles,1
deserve,1
insurance,1
roses,1
trash,1
preoccupation,1
winking,1
whiskers,1
hawthorne,1
fetid,1
concoctions,1
sociologists,1
fasten,1
spectade,1
suppertime,1
rimmed,1
missouri,1
apparel,1
crumpled,1
chinese,1
whatlanguage,1
ladders,1
throated,1
mining,1
abig,1
wakened,1
program,1
dapped,1
ouch,1
worst,1
awful,1
hemp,1
thiswhole,1
regiments,1
singularly,1
fringing,1
reins,1
quiddy,1
sub,1
rascal,1
musty,1
crush,1
fathoms,1
frightens,1
wham,1
condensed,1
raked,1
1909,1
watchmen,1
hurrah,1
metronomes,1
minor,1
darting,1
waxed,1
stethoscope,1
hissed,1
known,1
waxes,1
v,1
excursion,1
metamorphosis,1
pond,1
airplane,1
rather,1
untied,1
occasionally,1
extinguished,1
tinfoil,1
sandwich,1
reflect,1
lighting,1
tsay,1
september,1
doorknob,1
outraged,1
airing,1
partyis,1
glide,1
pray,1
inward,1
resort,1
orri,1
sucking,1
cupola,1
communities,1
nucleus,1
level,1
weight,1
colder,1
wheredid,1
telltale,1
linens,1
health,1
induced,1
fiber,1
thread,1
tributaries,1
circuit,1
throws,1
whatmore,1
radical,1
sympathy,1
breathless,1
script,1
leading,1
gurgled,1
soundlessly,1
syrup,1
attendants,1
pump,1
optical,1
vial,1
architect,1
doubly,1
stale,1
uniforms,1
cleaned,1
warmly,1
rugs,1
requiescat,1
puffing,1
reckon,1
inconvenience,1
reach,1
thunderclap,1
seasons,1
79,1
institutions,1
grandmas,1
stoned,1
melody,1
deserts,1
b,1
hieroglyph,1
timeless,1
cartoons,1
wheeling,1
precaution,1
somemore,1
bard,1
heaped,1
barn,1
crunching,1
numerous,1
berserk,1
latin,1
confiscated,1
c,1
sweep,1
deposits,1
slots,1
steeples,1
illumined,1
due,1
flight,1
demand,1
1868,1
toppling,1
shove,1
frozen,1
batch,1
enriching,1
tautened,1
awakening,1
rib,1
twofold,1
fading,1
peoples,1
advise,1
literature,1
lower,1
hotdog,1
commotion,1
frommy,1
workers,1
yorktimes,1
finder,1
deadened,1
lynchin,1
spires,1
confront,1
collect,1
sprinklers,1
washboards,1
fragments,1
jumpy,1
zzz,1
refused,1
thewater,1
elixir,1
peevishly,1
handled,1
pallid,1
undereverything,1
wineglass,1
livingis,1
frightful,1
militia,1
youthful,1
resiliency,1
mustached,1
stench,1
lone,1
creaked,1
solidity,1
cloth,1
delta,1
tempered,1
apricot,1
fries,1
peppermint,1
thereare,1
fried,1
warning,1
puttering,1
rainy,1
backs,1
mock,1
mustard,1
missin,1
problems,1
meaning,1
puncture,1
posters,1
wrinkle,1
happier,1
wildness,1
waxing,1
chocolaty,1
scroll,1
philosopher,1
careened,1
rag,1
victrola,1
bounding,1
roaches,1
notes,1
amartian,1
procession,1
acid,1
chose,1
desires,1
desired,1
separation,1
allthis,1
karloff,1
suggests,1
egypt,1
improbable,1
dreamful,1
motor,1
doubtfully,1
apply,1
expanding,1
valise,1
rabbit,1
topic,1
pickles,1
tax,1
tan,1
united,1
toddled,1
typewriter,1
cupboard,1
footpath,1
budge,1
pulsed,1
coolly,1
pulses,1
badges,1
superior,1
reilly,1
jukebox,1
invitations,1
fled,1
articles,1
redwoods,1
unpredictable,1
tray,1
thinkall,1
disregarding,1
lilac,1
whoopee,1
gurgle,1
hollering,1
brilliantly,1
anyhow,1
manicured,1
biting,1
wakening,1
steamy,1
laughingly,1
unknown,1
boil,1
shell,1
academy,1
reversed,1
reflecting,1
mules,1
beamed,1
succeeded,1
flrebrands,1
tommy,1
chattered,1
patients,1
indistinct,1
canalboat,1
bough,1
theopposite,1
fortieth,1
pips,1
mistook,1
chances,1
burners,1
purely,1
justever,1
filthy,1
cache,1
plazas,1
spun,1
chips,1
leviathan,1
expel,1
recoiled,1
heartlessly,1
multifaceted,1
mexicans,1
identification,1
crude,1
frustrated,1
bought,1
huts,1
glimmered,1
spoil,1
ames,1
commands,1
safely,1
viands,1
makin,1
blewhis,1
ladled,1
decent,1
bbb,1
semaphore,1
cavorting,1
present,1
twist,1
unlike,1
supply,1
layer,1
offending,1
rooster,1
whorl,1
mcclellan,1
crisping,1
succulent,1
disagree,1
prickled,1
throngs,1
fighting,1
gutted,1
sensing,1
bandanna,1
riveted,1
cries,1
rocked,1
guts,1
smith,1
dwindle,1
jars,1
raincoats,1
blubberin,1
ahed,1
james,1
tumble,1
mattresses,1
scared,1
promontory,1
ablaze,1
scares,1
mready,1
iciness,1
mines,1
spauldings,1
grandfolks,1
leap,1
campfire,1
shavings,1
slug,1
saddle,1
universe,1
gaspin,1
fawning,1
spiral,1
reallyour,1
catsup,1
mutter,1
distract,1
trailing,1
naming,1
boot,1
roars,1
dormice,1
coffees,1
risked,1
kinda,1
auxiliary,1
rotting,1
jewel,1
dominoes,1
