said,351
dan,246
lil,230
back,151
one,143
debra,131
like,122
time,119
r,115
mansion,108
could,103
got,98
ad,96
would,96
get,94
right,93
going,83
eyes,80
whuffie,74
away,73
hall,73
made,73
good,72
around,71
know,69
way,67
work,66
new,66
world,65
take,64
really,64
took,63
us,62
sure,59
k,58
park,58
nry,57
ir,57
head,57
nw,57
dnrnri,57
c,57
dnm,56
people,56
hand,56
thf,56
dlit,56
nd,56
lnr,56
dnwn,56
backup,55
little,55
even,54
came,53
knew,53
think,53
asked,52
long,52
want,50
day,49
every,49
looked,49
hocs,48
first,48
julius,48
look,47
room,47
make,47
done,47
go,46
come,46
see,45
old,44
went,44
started,43
let,42
ing,42
liberty,42
tim,42
hoc,41
better,41
years,40
face,40
much,40
presidents,40
tell,39
thing,39
without,39
next,37
never,37
guests,37
enough,37
two,37
bitchun,37
thought,37
say,36
left,36
gave,36
1,36
square,35
last,35
another,35
oh,35
something,35
suneep,34
working,33
doc,33
three,33
days,33
felt,32
hard,32
though,32
couple,31
still,31
put,31
well,31
castmember,31
wanted,31
ten,31
rehab,30
saw,30
night,30
ride,30
kim,30
things,29
crowd,29
mind,29
behind,29
taking,29
disney,29
place,29
anything,28
hands,28
gone,27
stood,27
shook,27
life,26
course,26
keep,26
anyone,26
someone,26
moment,26
nodded,26
voice,25
ever,25
call,25
side,25
doctor,25
idea,25
along,24
pulled,24
sat,24
help,24
ready,24
turned,24
talk,24
tom,24
nothing,24
plan,23
whole,23
high,23
society,23
told,23
lot,23
since,23
tried,23
else,23
front,23
plans,23
fine,23
times,23
coming,23
getting,23
best,22
door,22
found,22
year,22
smiled,22
need,22
point,22
thinking,21
pretty,21
making,21
show,21
house,21
might,21
words,21
full,20
set,20
castmembers,20
heard,20
girl,20
happened,20
week,20
second,19
smile,19
rita,19
person,19
magic,19
great,19
death,19
start,19
used,19
home,19
friends,19
wait,19
morning,19
running,19
ran,19
short,19
happy,18
queue,18
thousand,18
offline,18
parents,18
remember,18
friend,18
7,18
control,18
met,18
arms,18
seen,18
yes,18
run,18
meeting,18
big,18
body,18
almost,18
jeanine,18
kind,18
mouth,17
mean,17
together,17
opened,17
space,17
looking,17
real,17
killed,17
finally,17
group,17
eye,17
find,17
everything,17
turn,17
instead,17
inside,16
floor,16
rest,16
past,16
runabout,16
five,16
kept,16
caught,16
taken,16
held,16
probably,16
part,16
bit,16
bed,16
arm,16
moving,16
worked,15
hell,15
stopped,15
net,15
give,15
stop,15
shoulder,15
shit,15
fast,15
shot,15
spent,15
sitting,15
ghosts,15
god,15
water,15
hud,15
kill,15
hit,15
called,15
brought,14
rolled,14
later,14
experience,14
try,14
stage,14
problem,14
nuts,14
half,14
trying,14
moved,14
meant,14
dead,14
main,14
across,14
eight,14
changed,14
kingdom,14
light,14
saying,13
love,13
apparent,13
open,13
watched,13
walked,13
seemed,13
jesus,13
stuff,13
staring,13
coffee,13
months,13
low,13
hundred,13
lose,13
noticed,13
weeks,13
bar,13
man,13
grin,13
already,13
brain,13
son,12
breath,12
pull,12
adventureland,12
fire,12
led,12
air,12
cold,12
business,12
deadheading,12
systems,12
able,12
chest,12
restored,12
living,12
everyone,12
least,12
imagineering,12
sleep,12
hear,12
check,12
generation,12
feel,12
feet,12
woke,12
leaving,12
use,12
closed,12
wall,12
hot,11
wrong,11
needed,11
easy,11
minute,11
leave,11
sense,11
goddamn,11
age,11
process,11
terminal,11
toronto,11
true,11
soon,11
costume,11
stay,11
personal,11
human,11
afternoon,11
corner,11
late,11
carefully,11
cut,11
nose,11
finger,11
quickly,11
mother,11
chapter,11
cool,11
given,11
huh,11
cast,11
pirates,11
hotel,11
looks,11
job,11
feeling,10
slow,10
cochlea,10
hey,10
small,10
slipped,10
guess,10
guest,10
self,10
sometimes,10
barely,10
standing,10
shut,10
lab,10
zed,10
break,10
thanks,10
utilidor,10
flash,10
worry,10
area,10
headed,10
whatever,10
beijing,10
may,10
florida,10
anyway,10
lincoln,10
hi,10
third,10
pete,10
seven,10
jules,10
seat,10
pal,10
profs,10
public,10
gotten,10
century,10
lines,10
red,10
reached,10
helped,10
telepresence,10
must,10
free,10
nervous,10
rides,10
dropped,10
name,10
mood,10
far,10
reach,10
fucking,10
gang,10
walk,10
walt,10
sweat,10
dozen,9
ground,9
single,9
td,9
case,9
hours,9
number,9
interface,9
robots,9
ago,9
realized,9
animatronics,9
less,9
chance,9
haunted,9
speak,9
fight,9
change,9
live,9
ed,9
silent,9
online,9
liked,9
telling,9
meet,9
clothes,9
warm,9
bad,9
trigger,9
died,9
crazy,9
stupid,9
wake,9
island,9
quietly,9
buggy,9
important,9
blood,9
energy,9
fun,9
access,9
loved,9
hair,9
end,9
gate,9
talking,9
elf,9
watching,9
ideas,9
except,9
passed,9
waiting,9
conversation,9
fingers,8
slightly,8
support,8
team,8
angry,8
refreshed,8
expression,8
followed,8
doom,8
keeping,8
straight,8
move,8
truth,8
system,8
hope,8
ghost,8
l,8
holding,8
gun,8
extra,8
em,8
happen,8
comes,8
early,8
recruits,8
glared,8
department,8
university,8
demo,8
party,8
buzz,8
restore,8
crew,8
folks,8
wearing,8
decided,8
near,8
yet,8
deal,8
scaffolding,8
shift,8
maybe,8
sounds,8
seas,8
sound,8
many,8
sleeping,8
different,8
subvocalized,8
deep,8
none,8
hour,8
sphere,8
handheld,8
please,8
often,8
mic,8
grabbed,8
passing,8
finished,8
soft,8
minutes,8
stared,8
watch,8
faces,8
stuck,8
longer,8
clone,8
parking,8
shifts,8
driven,8
respect,8
stand,8
guy,8
fighting,8
guts,8
four,7
hurt,7
pocket,7
blew,7
startled,7
shouted,7
bright,7
vision,7
tube,7
pass,7
smiling,7
always,7
also,7
pals,7
sight,7
word,7
hello,7
grinning,7
become,7
somewhere,7
merch,7
de,7
security,7
care,7
recruit,7
3,7
read,7
month,7
ahead,7
history,7
cowl,7
heavy,7
miss,7
ass,7
terrible,7
station,7
clear,7
close,7
pack,7
seeing,7
lost,7
whose,7
lights,7
matter,7
utilidors,7
sake,7
fly,7
guys,7
nearly,7
waited,7
contemporary,7
black,7
middle,7
bottle,7
starting,7
twenty,7
believe,7
mountain,7
couch,7
build,7
fans,7
forward,7
units,7
beat,7
street,7
top,7
hatch,7
lagoon,7
corners,7
white,7
pre,7
naked,7
worse,7
worst,7
glad,7
refresh,7
wondered,7
dark,7
nice,7
pipe,7
knowing,7
table,7
present,7
spoke,6
glass,6
checked,6
legs,6
tech,6
busy,6
fair,6
chair,6
tear,6
spot,6
future,6
tiki,6
memories,6
joined,6
sang,6
action,6
waved,6
uplink,6
play,6
young,6
designs,6
scene,6
clearly,6
bring,6
rough,6
decade,6
pistol,6
flush,6
elbow,6
fan,6
kitchen,6
climate,6
board,6
beating,6
coral,6
interested,6
whenever,6
tomorrow,6
anger,6
forever,6
finish,6
struck,6
hocracy,6
poor,6
towards,6
clean,6
stalked,6
empty,6
lived,6
older,6
cheerful,6
picked,6
upset,6
based,6
admit,6
shoulders,6
sensed,6
began,6
piece,6
backstage,6
sorry,6
dry,6
calm,6
loud,6
patted,6
softly,6
ears,6
threw,6
belle,6
fell,6
teeth,6
mile,6
skin,6
die,6
confused,6
pain,6
among,6
seconds,6
restraints,6
built,6
understand,6
imagineers,6
letting,6
constant,6
cure,6
putting,6
others,6
tearing,6
despite,6
throat,6
sofa,6
snapped,6
detail,6
monorail,6
settled,6
thesis,6
murder,6
plenty,6
reputation,6
twice,6
players,6
heat,6
serious,6
ballroom,6
state,6
review,6
hardly,6
author,6
deadhead,6
knows,6
swung,6
okay,6
slapped,6
edge,6
immediately,6
problems,6
porch,6
sit,6
gets,6
murdered,6
universe,6
cocked,6
hanging,5
bringing,5
kids,5
successful,5
hold,5
groaned,5
lillian,5
showed,5
lethal,5
theme,5
lots,5
played,5
possible,5
steps,5
sociology,5
raised,5
sign,5
throughput,5
besides,5
wandering,5
formed,5
exit,5
bubble,5
al,5
mass,5
original,5
tm,5
pick,5
tree,5
pressed,5
line,5
sawyer,5
concerned,5
rode,5
tied,5
gently,5
means,5
packed,5
drawing,5
schedule,5
worth,5
approached,5
daughter,5
wore,5
bang,5
neck,5
mistake,5
dumped,5
born,5
post,5
switched,5
entrance,5
chuckled,5
yeah,5
terrific,5
fifty,5
jolt,5
notice,5
centuries,5
using,5
assumed,5
drank,5
storage,5
building,5
family,5
ask,5
toward,5
lit,5
grew,5
damn,5
game,5
success,5
lips,5
silence,5
jump,5
mode,5
special,5
completely,5
management,5
screw,5
waaagh,5
anymore,5
vote,5
turning,5
struggle,5
arrived,5
distance,5
mine,5
ting,5
entered,5
opportunity,5
arguing,5
burn,5
classic,5
answered,5
dim,5
round,5
filled,5
interesting,5
bullshit,5
spiel,5
either,5
considering,5
destroyed,5
graveyard,5
speech,5
stepped,5
4,5
grim,5
pockets,5
hated,5
file,5
students,5
children,5
shareholders,5
town,5
crowded,5
giant,5
laughed,5
decision,5
remembered,5
noon,5
giving,5
turnstiles,5
gear,5
laugh,5
com,5
bench,5
smart,5
hang,5
repeated,5
phone,5
mess,5
jungle,5
filling,5
onto,5
hearing,5
ceiling,5
earth,5
news,5
comical,5
catch,5
n,5
pinged,5
beside,5
hung,5
focus,5
quick,5
says,5
bake,5
wrecking,5
memory,5
wide,5
helmet,5
events,5
buddies,5
polite,5
idiot,5
5,5
directory,5
decisions,5
list,5
rate,5
sun,5
suddenly,5
known,5
rather,5
return,5
brave,5
double,5
cigarette,5
attention,5
prof,5
filed,5
parlor,5
notes,5
someday,5
six,5
material,5
class,5
closer,5
wild,5
snuck,5
press,5
tired,4
ated,4
herf,4
symphony,4
machine,4
hidden,4
service,4
responsible,4
doors,4
score,4
planned,4
dents,4
dave,4
smell,4
jerk,4
sigh,4
bitc,4
worried,4
prototype,4
act,4
project,4
exhausted,4
tight,4
a3,4
mask,4
pitching,4
company,4
learn,4
knocked,4
missed,4
research,4
castle,4
major,4
recruiting,4
heads,4
stairs,4
movin,4
load,4
surprised,4
cronies,4
atom,4
medical,4
send,4
makes,4
bent,4
lock,4
meantime,4
cage,4
sion,4
length,4
fact,4
bedroom,4
riding,4
drink,4
dust,4
rooms,4
hissing,4
forgiven,4
count,4
smooth,4
gazoo,4
suppose,4
total,4
kinematics,4
beach,4
green,4
production,4
network,4
forty,4
forth,4
castmem,4
kissimmee,4
forced,4
subtle,4
miserable,4
drawn,4
tone,4
seizure,4
shout,4
spread,4
war,4
uniform,4
shared,4
prove,4
chin,4
non,4
nod,4
costuming,4
ex,4
cart,4
diagnostic,4
flowers,4
essence,4
speed,4
spectacular,4
loose,4
strong,4
inspired,4
site,4
excuse,4
beyond,4
reason,4
tive,4
kindly,4
forgotten,4
cave,4
cemetery,4
computer,4
injection,4
dull,4
sounded,4
following,4
singing,4
pulling,4
wonderful,4
cruise,4
armor,4
route,4
thrashing,4
shield,4
grad,4
written,4
horrible,4
kicking,4
slowly,4
destruction,4
backups,4
eat,4
stories,4
offstage,4
fists,4
million,4
drew,4
encounter,4
rejuve,4
surprise,4
features,4
2,4
breathed,4
retire,4
subject,4
picking,4
neat,4
iy,4
im,4
consciousness,4
assassination,4
feelings,4
somehow,4
bers,4
generally,4
talked,4
visit,4
sour,4
switch,4
pointed,4
maid,4
slept,4
normal,4
track,4
order,4
bedside,4
gen,4
transdermal,4
stretched,4
offered,4
totally,4
animatronic,4
money,4
passionate,4
road,4
general,4
girlfriend,4
u,4
forget,4
barked,4
nineteen,4
needs,4
response,4
pleasure,4
playing,4
walls,4
repeating,4
pathetic,4
disneyland,4
members,4
supposed,4
treated,4
secret,4
excited,4
knock,4
costumes,4
prepared,4
apologetic,4
huds,4
hugged,4
ly,4
slumped,4
visited,4
apparently,4
normally,4
eyebrow,4
fixed,4
progress,4
instant,4
shuttle,4
seats,4
crawled,4
campus,4
limited,4
hate,4
key,4
brushed,4
classes,4
nut,4
capacity,4
faced,4
elfin,4
cracked,4
advanced,4
core,4
presence,4
crews,4
younger,4
neighbors,4
groups,4
proud,4
figure,4
crashed,4
drained,4
swing,4
hun,4
copy,4
favor,4
outside,4
quiet,4
vest,4
relief,4
_,4
infirmary,4
design,4
version,4
parts,4
sighed,4
dump,4
flight,4
precision,4
shirt,4
questions,4
unlimited,4
sequence,4
seized,4
sort,4
sim,4
covered,4
rigs,4
chances,4
agreed,4
piano,4
view,4
painted,4
heavily,4
rocked,4
presi,4
execute,4
scared,4
beard,4
squeeze,4
record,4
rotting,4
sinking,3
remem,3
hole,3
locked,3
damage,3
timers,3
fix,3
smirk,3
clarity,3
tion,3
boarded,3
expedience,3
adventurer,3
pith,3
jerked,3
ease,3
possibly,3
bottom,3
individuals,3
losing,3
sob,3
offer,3
roll,3
palms,3
rolling,3
per,3
choice,3
attic,3
address,3
alone,3
scratched,3
visual,3
canopic,3
conscious,3
thumb,3
instantly,3
matched,3
revert,3
bursting,3
inhaled,3
quite,3
training,3
saving,3
uncle,3
aside,3
note,3
wanting,3
walking,3
tears,3
sites,3
screen,3
residence,3
technology,3
power,3
favorite,3
clones,3
rush,3
rage,3
au,3
aw,3
returned,3
sand,3
clock,3
sent,3
dress,3
snotty,3
patio,3
wry,3
plotting,3
nervously,3
conditioning,3
moderately,3
cover,3
failed,3
enemy,3
cry,3
sec,3
sea,3
drunk,3
faraday,3
awake,3
chase,3
funny,3
sims,3
listening,3
curious,3
dating,3
suit,3
fresh,3
tequila,3
sweaty,3
opinion,3
panicked,3
doubt,3
thin,3
slip,3
perfect,3
realize,3
scary,3
scare,3
staggered,3
blown,3
reference,3
courtesy,3
familiar,3
lucky,3
invited,3
labor,3
poured,3
kiss,3
moments,3
crack,3
checking,3
chairs,3
literally,3
shone,3
passion,3
sped,3
woman,3
earlier,3
lay,3
cameras,3
shoulderbag,3
meshes,3
leota,3
civvies,3
manner,3
genuine,3
squirmed,3
personality,3
con,3
bastards,3
bore,3
asking,3
reality,3
convincing,3
concept,3
dance,3
zone,3
sidewalk,3
scarcity,3
satisfy,3
franklin,3
usually,3
club,3
car,3
heart,3
discussion,3
staircase,3
bitchunry,3
window,3
discuss,3
fired,3
es,3
er,3
drove,3
offering,3
sunset,3
fifth,3
appreciatively,3
keyed,3
husband,3
burst,3
asleep,3
voicemail,3
reluctantly,3
nearby,3
learning,3
embrace,3
theater,3
touch,3
recorded,3
squirt,3
log,3
lop,3
shower,3
bucket,3
podium,3
managed,3
carpet,3
heaved,3
fence,3
streets,3
mounted,3
ning,3
stayed,3
anytime,3
dream,3
actually,3
evening,3
foot,3
trailed,3
fully,3
surrounded,3
houses,3
shifted,3
storm,3
alongside,3
juice,3
lie,3
tubes,3
trees,3
missing,3
league,3
maintenance,3
gestalt,3
lives,3
rope,3
spheres,3
stashed,3
percent,3
wings,3
popular,3
experienced,3
step,3
smells,3
collapsed,3
friendly,3
button,3
boots,3
manage,3
fuck,3
crossed,3
ankles,3
measure,3
wrapped,3
perfectly,3
prone,3
ben,3
bastard,3
sipping,3
hollow,3
wish,3
spotted,3
controlled,3
harder,3
strange,3
underground,3
necessary,3
sized,3
glare,3
choked,3
recognized,3
disap,3
cricket,3
display,3
steeplechase,3
fingertips,3
jamming,3
jaunting,3
swam,3
baking,3
ignoring,3
lungs,3
answer,3
dirtside,3
president,3
leaned,3
rebooted,3
calmly,3
realtime,3
starts,3
girls,3
bouncing,3
seem,3
buggies,3
regular,3
folded,3
heavyset,3
lazy,3
tiny,3
ugly,3
shame,3
id,3
grown,3
kid,3
changes,3
character,3
involuntary,3
hotly,3
fort,3
fashioned,3
suicide,3
box,3
raccoon,3
soul,3
growing,3
cute,3
shoes,3
pitch,3
thank,3
within,3
rock,3
language,3
worrying,3
cheese,3
carry,3
fiery,3
speaking,3
broadcast,3
eyed,3
shocked,3
gee,3
snorted,3
whispered,3
killing,3
according,3
spare,3
stacked,3
bags,3
pay,3
gloom,3
facing,3
audience,3
broken,3
roar,3
generated,3
fill,3
obsessed,3
awkwardly,3
slunk,3
fall,3
zero,3
movement,3
squeezed,3
wiped,3
sharp,3
polynesian,3
25,3
20,3
seeking,3
toked,3
mental,3
bered,3
acting,3
copper,3
muscles,3
b,3
8,3
capital,3
burned,3
historical,3
pissed,3
danced,3
weaving,3
gap,3
fur,3
solid,3
replaced,3
yesterday,3
spend,3
cup,3
deliberately,3
inching,3
scrim,3
pet,3
piled,3
hoped,3
explaining,3
brigade,3
entire,3
prototypes,3
remark,3
private,3
gateway,3
hammered,3
buildings,3
sidelong,3
burning,3
lecture,3
electronics,3
embarrassed,3
chased,3
parks,3
knowledge,3
fumbled,3
beam,3
timing,3
joke,3
gaze,3
fucked,3
center,3
resolved,3
ozone,3
authority,3
corpse,3
biggest,3
dangerous,3
dressed,3
missionary,3
school,3
cause,3
blue,3
property,3
leaves,3
visible,3
shoot,3
executed,3
forehead,3
difference,3
writing,3
shadows,3
driving,3
washed,3
rang,3
fiction,3
final,3
thoroughly,3
habit,3
approach,3
confusion,3
fault,3
trust,3
bathroom,3
expected,3
complex,3
social,3
dozing,3
orlando,3
50,3
un,3
brightly,3
sometime,3
til,3
papers,3
row,3
charge,3
clouds,3
goes,3
ferry,3
platform,3
busts,3
torch,3
motion,3
engineer,3
plastic,3
terrifying,3
hug,3
reverie,3
hum,3
cards,3
urge,3
ways,3
period,3
jammed,3
careful,3
reminded,3
trip,3
ranch,3
bodies,3
tip,3
lets,3
competition,3
caribbean,3
faster,3
taste,3
stumbled,3
chinese,3
awful,3
sticking,3
faint,3
stick,3
hissed,3
weight,3
radical,3
story,3
lobby,3
moat,3
relieved,3
convinced,3
albeit,3
nights,3
added,3
windows,3
lying,3
grace,3
counterpoint,3
various,3
betrayed,3
reasons,3
sweet,3
village,3
political,3
dug,3
frozen,3
9,3
bounced,3
epcot,3
meds,3
zombie,3
rangy,3
drifted,3
question,3
today,3
alien,3
disposal,3
breathing,3
drinking,3
smaller,3
pushing,3
app,3
usa,3
anywhere,3
proof,3
tag,3
sir,3
traders,3
permanent,3
crowds,3
crash,3
tram,3
planning,3
pleased,3
sauntered,3
pants,3
narrowed,3
member,3
inch,3
hammering,3
jars,3
knob,3
smoothly,3
slug,3
promise,3
brush,3
cinderella,3
upwards,3
whether,3
sick,3
hordes,2
lord,2
shaving,2
elegant,2
increasing,2
hero,2
china,2
shriek,2
explained,2
replace,2
music,2
strike,2
counseling,2
absolute,2
drying,2
beauty,2
keeps,2
aping,2
wing,2
feedback,2
fit,2
ached,2
silver,2
queues,2
queued,2
blushed,2
series,2
turnip,2
message,2
millions,2
ri,2
squashed,2
seizures,2
peril,2
endure,2
groaning,2
recommended,2
causing,2
object,2
episode,2
camp,2
meetings,2
participate,2
rich,2
plate,2
reversal,2
patch,2
preserve,2
men,2
pity,2
argue,2
split,2
toasted,2
fairly,2
zoya,2
tune,2
askance,2
boyhood,2
sleepy,2
tomorrowland,2
rushing,2
hap,2
desire,2
remind,2
chorus,2
creative,2
raises,2
spring,2
jiminy,2
exist,2
protested,2
fantasyland,2
beamed,2
recre,2
push,2
resources,2
macho,2
exact,2
loads,2
lengthened,2
current,2
dusty,2
marvelous,2
wicked,2
behalf,2
stole,2
data,2
natural,2
darkened,2
attraction,2
decades,2
drilling,2
twilight,2
shhh,2
maintaining,2
bovine,2
investigation,2
formula,2
presets,2
punk,2
emotion,2
city,2
custodianship,2
damned,2
argument,2
paged,2
knee,2
drive,2
commissary,2
aggressive,2
aimlessly,2
beatles,2
freezing,2
arrival,2
jumped,2
concentrate,2
uncastmemberly,2
caring,2
unconsciousness,2
concede,2
wants,2
ening,2
tightened,2
former,2
edges,2
pacing,2
summer,2
gestures,2
diving,2
thinks,2
image,2
accumulated,2
meals,2
complete,2
agree,2
certain,2
snagged,2
consider,2
laughing,2
tail,2
floated,2
existing,2
reeled,2
whirled,2
hash,2
6,2
corrected,2
objections,2
beautiful,2
preshow,2
suggestions,2
glowing,2
musicians,2
soundtrack,2
nighter,2
installed,2
ity,2
ally,2
relationship,2
defect,2
knees,2
kneed,2
incident,2
troppo,2
hitting,2
sobriety,2
owed,2
hoping,2
recent,2
signals,2
crying,2
emergency,2
shitty,2
formal,2
spine,2
continue,2
stylish,2
bounce,2
pale,2
broadband,2
wrinkled,2
spending,2
exposed,2
troweling,2
cig,2
preemptive,2
uh,2
smidge,2
revision,2
sides,2
land,2
holes,2
dawning,2
incorporate,2
continued,2
stodgy,2
dynamics,2
leg,2
fifteen,2
titanic,2
exciting,2
propose,2
humorless,2
occurred,2
carrying,2
baby,2
drill,2
slid,2
streamed,2
painstakingly,2
bend,2
destroying,2
supervised,2
wallpaper,2
efficiently,2
produced,2
chosen,2
sabotaging,2
legendary,2
expectantly,2
mediated,2
surely,2
stomach,2
stars,2
depressing,2
bother,2
tonight,2
tyrannical,2
mechanical,2
pause,2
jaw,2
h,2
undergrad,2
ire,2
rapped,2
figured,2
figures,2
pounced,2
cy,2
waste,2
sheepish,2
surprisingly,2
glares,2
ball,2
fielded,2
clocks,2
generous,2
haul,2
shuddered,2
footage,2
software,2
roads,2
construction,2
placed,2
irritation,2
illusion,2
coiled,2
rule,2
saved,2
blanket,2
speck,2
chem,2
established,2
simultaneously,2
balance,2
study,2
doleful,2
riverboat,2
spooks,2
secure,2
backwards,2
provide,2
meaningful,2
appreciate,2
realizing,2
consent,2
adolescence,2
safe,2
derful,2
band,2
shameful,2
bread,2
reasonable,2
lifted,2
logs,2
dumping,2
standard,2
flick,2
thick,2
totter,2
crinkled,2
deeply,2
lemonade,2
arcane,2
cooperation,2
caves,2
cow,2
dozens,2
wakey,2
pungent,2
tissue,2
rail,2
evil,2
fuse,2
contact,2
musical,2
repose,2
mid,2
cape,2
purple,2
reflexively,2
ple,2
profession,2
physical,2
dying,2
welcome,2
certainly,2
hurry,2
blast,2
turns,2
p,2
revolution,2
gorge,2
impatiently,2
sincerely,2
missionaries,2
throbbed,2
cap,2
paused,2
refine,2
clothing,2
dive,2
nerve,2
soc,2
tending,2
fline,2
adrenaline,2
drop,2
bursts,2
en,2
styles,2
blind,2
flying,2
ring,2
size,2
mostly,2
remained,2
cavemen,2
professional,2
discovered,2
cannon,2
whipped,2
recedes,2
receded,2
cared,2
jointed,2
heels,2
develop,2
tradition,2
dancers,2
mirrored,2
gonna,2
earnest,2
politely,2
wordlessly,2
greeting,2
miracle,2
duration,2
flinched,2
pitched,2
happening,2
tones,2
whistling,2
moonlight,2
thoughtful,2
decide,2
sedation,2
apologized,2
tracks,2
whine,2
shuffle,2
takes,2
broke,2
thumped,2
transcend,2
stinging,2
firmly,2
tries,2
contrived,2
bugs,2
committee,2
quantum,2
event,2
safety,2
sisters,2
diorama,2
threatening,2
snapping,2
hips,2
hovered,2
darted,2
circle,2
king,2
feels,2
strug,2
piss,2
zipped,2
invisible,2
abruptly,2
pace,2
uniforms,2
collected,2
loop,2
bot,2
tics,2
shat,2
shak,2
hallway,2
wedged,2
quarters,2
peeked,2
showing,2
enthusiastically,2
vibrant,2
urgent,2
trendy,2
delivered,2
tered,2
sweating,2
lakes,2
jazzy,2
ache,2
faith,2
sprawled,2
accustomed,2
adults,2
nonchemical,2
nag,2
fears,2
restrained,2
sedative,2
orbit,2
clenched,2
infinite,2
wave,2
rattling,2
plays,2
rotten,2
playa,2
focused,2
newness,2
convert,2
win,2
strapped,2
cheeks,2
popped,2
vibe,2
frontiers,2
alibis,2
swimming,2
mentioned,2
entertainment,2
obsessive,2
shred,2
precisely,2
revealed,2
grow,2
neurotransmitter,2
exactly,2
fuzzy,2
bet,2
goddamned,2
gesture,2
indoor,2
partners,2
credited,2
pouches,2
endless,2
tunes,2
preach,2
accused,2
convince,2
flicks,2
sabotage,2
transhuman,2
hits,2
minds,2
thanked,2
treat,2
senses,2
tapped,2
thronged,2
ferrymates,2
onds,2
logged,2
loss,2
library,2
broad,2
grinding,2
tongue,2
hu,2
ear,2
kissed,2
star,2
seriously,2
onstage,2
solution,2
heading,2
force,2
wreck,2
credit,2
floorboards,2
servos,2
eyebrows,2
fantastic,2
drowned,2
tabulated,2
type,2
wars,2
movies,2
honey,2
attempt,2
maintain,2
operations,2
afforded,2
stealing,2
punctuated,2
grade,2
drawled,2
silly,2
wrists,2
urgency,2
explain,2
patter,2
quirked,2
bag,2
fascinating,2
testing,2
scrap,2
scuba,2
portant,2
appeared,2
morosely,2
basis,2
basic,2
lovely,2
personally,2
ii,2
ic,2
belly,2
smoked,2
facts,2
infinitely,2
save,2
fluidity,2
tinkered,2
dignity,2
patience,2
dense,2
super,2
ribs,2
jealousy,2
starve,2
fore,2
utes,2
toss,2
floating,2
handed,2
digital,2
restores,2
daily,2
shop,2
souls,2
unpleasant,2
dis,2
shave,2
involuntarily,2
boy,2
grinned,2
thrashed,2
massage,2
sharper,2
reviews,2
claim,2
till,2
designer,2
mad,2
block,2
sooner,2
signage,2
interference,2
emerged,2
california,2
underwear,2
suppressants,2
exotic,2
lap,2
knives,2
stubby,2
voices,2
answering,2
pair,2
tugging,2
especially,2
gracefully,2
waggled,2
office,2
raising,2
silently,2
ence,2
relative,2
limber,2
outsized,2
dwellers,2
capable,2
rubbing,2
movements,2
deference,2
sprang,2
deniability,2
disappointed,2
ingly,2
snoring,2
critical,2
mixed,2
giggly,2
distracted,2
downstairs,2
deed,2
film,2
field,2
itched,2
dollar,2
slung,2
limned,2
enjoying,2
returning,2
subterranean,2
promising,2
mule,2
operating,2
misery,2
suffused,2
der,2
hardcopy,2
deserted,2
responsibility,2
rounded,2
habits,2
oil,2
crouched,2
terminals,2
mme,2
smoothed,2
doctors,2
youth,2
trudged,2
ation,2
particularly,2
scattered,2
gospel,2
pneumatic,2
restaurant,2
dreamlike,2
simple,2
raise,2
cruelty,2
bile,2
booga,2
collarbones,2
leaking,2
shape,2
snag,2
cue,2
hyperlinks,2
bio,2
peo,2
crony,2
piles,2
drama,2
lesson,2
homemade,2
bored,2
invite,2
pounded,2
planet,2
flow,2
dragging,2
unshielded,2
utterly,2
lent,2
evidence,2
random,2
shock,2
crow,2
uncomfortable,2
extreme,2
names,2
disgust,2
trail,2
train,2
closing,2
continuity,2
bones,2
waters,2
collection,2
lined,2
bunch,2
mention,2
blazing,2
slipping,2
junkie,2
stud,2
apologetically,2
monkey,2
messag,2
shrapnel,2
shampoo,2
flashed,2
lover,2
comfortable,2
patting,2
min,2
gravity,2
bemused,2
hazel,2
afresh,2
outlive,2
gurney,2
areas,2
pattern,2
hammock,2
junkies,2
ah,2
appearance,2
disoriented,2
muscle,2
clinic,2
add,2
raven,2
works,2
heel,2
proper,2
happens,2
periodically,2
bloodstream,2
smarts,2
esteem,2
underpass,2
rushed,2
buy,2
bus,2
extended,2
spacewalk,2
deaths,2
whisper,2
48,2
detractors,2
littered,2
hating,2
crises,2
pride,2
rise,2
throughs,2
shining,2
kicked,2
hundreds,2
path,2
jogging,2
prints,2
noting,2
entertained,2
mr,2
salvage,2
stageside,2
poker,2
jumping,2
aloud,2
clapped,2
dioramas,2
stinking,2
choir,2
victory,2
newly,2
attractions,2
coding,2
rant,2
dysfunction,2
toy,2
tool,2
western,2
fashion,2
lunchtime,2
snow,2
queen,2
zipping,2
borrowed,2
shutting,2
wedding,2
unmediated,2
shots,2
noodled,2
mug,2
discovery,2
listlessly,2
sipped,2
beer,2
pecked,2
debarked,2
tions,2
exterior,2
wound,2
sched,2
twiddling,2
ocean,2
savings,2
hearts,2
apart,2
ice,2
newcomer,2
choke,2
dinner,2
ensure,2
steadily,2
coitus,2
rehabs,2
attempted,2
cobbled,2
wealthy,2
nn,2
vanished,2
nods,2
flushed,2
displaying,2
melon,2
streetmosphere,2
level,2
brother,2
comforting,2
reply,2
hairs,2
thirty,2
descended,2
weird,2
swallowed,2
vivid,2
anthro,2
roared,2
beers,2
cases,2
laughter,2
stroke,2
meager,2
fourth,2
irrational,2
muggy,2
cheyenne,2
conversations,2
bound,2
underneath,2
term,2
nodding,2
plant,2
gaps,2
dence,2
hula,2
theory,2
sloshed,2
awfully,2
trillion,2
released,2
unfortunately,2
wandered,2
considered,2
cuddled,2
lighted,2
aluminum,2
endorphin,2
bought,2
corridors,2
reaction,2
missions,2
efficiency,2
duty,2
pov,2
armchair,2
pot,2
satisfaction,2
stroking,2
squatters,2
direction,2
surreptitiously,2
punched,2
reminder,2
changing,2
reward,2
halfway,2
palled,2
rose,2
seems,2
pallet,2
moon,2
discussed,2
waded,2
inadvertent,2
deteriorating,2
mischief,2
rouse,2
creeping,2
rubbed,2
erecting,2
whiskers,2
booked,2
applause,2
calls,2
wife,2
odds,2
ments,2
follow,2
synthetic,2
grab,2
pened,2
ticked,2
lisa,2
bopped,2
ter,2
bully,2
sum,2
brief,2
sus,2
sup,2
guns,2
toes,2
horrified,2
options,2
backed,2
semester,2
minor,2
flat,2
oboe,2
v,2
absently,2
brown,2
joints,2
goal,2
sandwich,2
adventure,2
numb,2
developed,2
communities,2
debacle,2
expect,2
thrown,2
feed,2
churning,2
fancy,2
sympathy,2
finding,2
70,2
assistance,2
mimed,2
babble,2
adulthood,2
activity,2
art,2
nailed,2
ings,2
sold,2
blazed,2
became,2
startling,2
due,2
affectionate,2
fights,2
temperament,2
probationary,2
identical,2
rid,2
higher,2
knack,2
lower,2
sneered,2
tables,2
extracted,2
avatars,2
understood,2
gradually,2
intense,2
shutters,2
peace,2
helping,2
joining,2
resistance,2
squeezing,2
friendliness,2
sensation,2
eeling,2
suggests,2
shoved,2
apt,2
stream,2
throne,2
clever,2
rare,2
unnaturally,2
straps,2
bye,2
topcoat,2
ous,2
comrade,2
organic,2
museum,2
boil,2
shelf,2
simulate,2
mules,2
asshole,2
alarmed,2
bulging,2
purely,2
thousands,2
spun,2
cuba,2
buzzed,2
closet,2
monstrous,2
joy,2
embarrassment,2
symphonies,2
sufficient,2
improved,2
reverse,2
elbows,2
pretenders,2
rapid,2
loser,2
conclusion,2
deadheaded,2
lead,2
lean,2
leap,2
murderer,2
carried,2
extension,2
wilderness,2
intention,2
jungleboat,2
temp,2
gabbling,2
fung,2
yellow,1
trawling,1
conjure,1
swivel,1
shielding,1
rawhide,1
prize,1
wooden,1
voyeur,1
wednesday,1
implanting,1
99999,1
bacon,1
deadheads,1
tether,1
scraped,1
pubis,1
dangled,1
reporter,1
herd,1
calculate,1
natured,1
naturel,1
military,1
unit,1
mote,1
impartiality,1
holy,1
relax,1
notic,1
99,1
reversible,1
famed,1
sweeter,1
example,1
pooped,1
hob,1
travel,1
revisit,1
hor,1
neering,1
typed,1
bridling,1
dinosaurs,1
types,1
calves,1
choking,1
effective,1
cigarettes,1
squint,1
vari,1
directional,1
rankings,1
survivors,1
fin,1
easier,1
effects,1
schools,1
slats,1
clothed,1
addicted,1
whim,1
snaked,1
borne,1
rf,1
stamping,1
canaveral,1
threatened,1
tinkled,1
ate,1
sickeningly,1
ups,1
disturbed,1
speeds,1
earthy,1
subtlety,1
playfully,1
channels,1
spinning,1
basketball,1
master,1
bitter,1
listen,1
collapse,1
lunges,1
frowned,1
blindspot,1
lunged,1
iteration,1
nations,1
regulator,1
ticced,1
fevered,1
exploring,1
boston,1
spectrum,1
concordia,1
corny,1
benighted,1
sterile,1
wholesome,1
metallic,1
responsibly,1
committing,1
thrilled,1
screwing,1
looming,1
letter,1
organization,1
chirpy,1
departing,1
padded,1
gauge,1
tempted,1
clicked,1
ment,1
rice,1
ceil,1
altogether,1
droning,1
spilling,1
distracting,1
ner,1
lurched,1
release,1
respond,1
mandatory,1
cles,1
bled,1
hammer,1
herfgun,1
conceptual,1
pirate,1
nature,1
smelled,1
souvenir,1
twinkling,1
posit,1
patented,1
swordfights,1
refinement,1
demanded,1
esis,1
pidity,1
helds,1
gopher,1
mated,1
humming,1
trivialities,1
shouting,1
union,1
chucked,1
privilege,1
ished,1
spit,1
strewn,1
child,1
chill,1
professionally,1
remembering,1
a23,1
a25,1
a29,1
spected,1
conditioned,1
player,1
trusted,1
honk,1
european,1
exertion,1
torpedoes,1
marched,1
tuna,1
stupendous,1
opinions,1
distribute,1
homogeneity,1
disguise,1
xlxth,1
previous,1
headedness,1
hat,1
hav,1
istan,1
casually,1
survival,1
posed,1
birth,1
poses,1
articulated,1
deviance,1
complexi,1
creep,1
enemies,1
rehearse,1
witty,1
scarier,1
summoned,1
pondered,1
pinched,1
barrelhouse,1
shifting,1
defensive,1
bowing,1
cheeriest,1
catchy,1
statements,1
thankful,1
sou,1
fabric,1
constantly,1
absolutely,1
hothead,1
halls,1
reinventing,1
paneled,1
complications,1
torturing,1
smashed,1
passenger,1
disgrace,1
gibbering,1
accounting,1
dealer,1
eventual,1
smelling,1
cautioning,1
equalizer,1
whoever,1
puttered,1
retrofit,1
ver,1
ourad,1
methodically,1
balled,1
vee,1
oversight,1
flensing,1
solved,1
subway,1
steaky,1
insignificant,1
imprinting,1
shirts,1
incrementally,1
cleanliness,1
coppery,1
lazily,1
falling,1
567_,1
funeral,1
virtues,1
contemplate,1
yards,1
studied,1
studies,1
bloody,1
fake,1
instan,1
undergone,1
introducing,1
afford,1
cently,1
approving,1
parabolic,1
deserved,1
pretend,1
printing,1
believed,1
detached,1
sheeting,1
admired,1
gerly,1
mirrors,1
allowed,1
monitoring,1
winter,1
foul,1
laundry,1
petrochem,1
progressions,1
improving,1
surfing,1
forebears,1
swollen,1
wolves,1
se,1
maneuvered,1
sybarites,1
sacrosanct,1
tore,1
jig,1
limbs,1
overhaul,1
torn,1
stupidity,1
tors,1
decreased,1
7bl,1
apron,1
smarter,1
arriving,1
joked,1
hickory,1
greatcoats,1
jellyfish,1
retrieve,1
crushing,1
sponsor,1
rounding,1
boundless,1
sibilant,1
uptempo,1
possibility,1
complicated,1
scarred,1
seventy,1
reevaluating,1
backside,1
collapsing,1
modest,1
recov,1
disguises,1
massive,1
routes,1
spieling,1
spoken,1
ond,1
centration,1
submit,1
twenties,1
bits,1
lingering,1
tuneful,1
rival,1
savant,1
counselor,1
companionable,1
dutifully,1
sao,1
tasted,1
polemic,1
sag,1
jewels,1
sad,1
buried,1
handshaking,1
butterfly,1
handing,1
printer,1
maneuvering,1
opposite,1
buffer,1
remarks,1
pages,1
montage,1
phin,1
average,1
spill,1
backdrop,1
salt,1
addled,1
grepping,1
marshalled,1
opportunist,1
merit,1
scarce,1
imagined,1
slot,1
hockey,1
neath,1
directed,1
lucidity,1
artist,1
hinges,1
worrier,1
impressions,1
percentiles,1
screed,1
montreal,1
awards,1
trembling,1
jaunty,1
loudly,1
mand,1
workplace,1
expended,1
allowance,1
anti,1
buoyancy,1
stretch,1
west,1
recaptured,1
vacation,1
almighty,1
combined,1
stripped,1
reflex,1
lanes,1
gist,1
layperson,1
newspaper,1
situation,1
ive,1
croaked,1
4dl,1
reviled,1
ambient,1
spooked,1
shuts,1
reanimate,1
breakdown,1
edged,1
mothballed,1
coursework,1
enclaves,1
fateful,1
snarled,1
afterwards,1
grounded,1
2j_,1
color,1
cordwood,1
ghostly,1
starving,1
aspects,1
lowing,1
vilifying,1
traffic,1
dare,1
duti,1
stranger,1
wordless,1
souvenirs,1
discarded,1
64,1
inter,1
auditorium,1
gaggle,1
a67,1
a63,1
lobster,1
tve,1
boxers,1
belched,1
cavity,1
nook,1
dimples,1
tubs,1
restoring,1
malfunctioning,1
ducking,1
slatted,1
stone,1
package,1
ach,1
meal,1
accom,1
imagi,1
improvise,1
freaked,1
parties,1
incanted,1
bubbly,1
tropical,1
legacy,1
ourteardown,1
sealed,1
tireless,1
mics,1
plucky,1
october,1
rescuing,1
thumpy,1
jamaican,1
dirty,1
mopping,1
touchstone,1
darker,1
detailed,1
ac,1
ab,1
af,1
accents,1
watches,1
ap,1
av,1
tremble,1
cream,1
bisected,1
beaming,1
sanguine,1
introspection,1
unparalleled,1
slant,1
waving,1
a2,1
a5,1
a6,1
tricky,1
dogleg,1
tricks,1
cpr,1
gingham,1
caused,1
instincts,1
weariness,1
dogged,1
improperly,1
hunting,1
chewing,1
dressing,1
simulta,1
discrepant,1
plaining,1
cunningly,1
ro,1
accompanying,1
shenanigans,1
cutlasses,1
laying,1
silvered,1
workloads,1
humongous,1
627_,1
carriages,1
proval,1
rehearsed,1
hormonal,1
revealing,1
smartest,1
ganda,1
b2l,1
buzzing,1
legend,1
bulges,1
skepticism,1
sweetness,1
via,1
strolling,1
vio,1
archived,1
pears,1
initiated,1
sizing,1
science,1
male,1
campsite,1
autumn,1
fiercely,1
scar,1
information,1
hickey,1
dismissed,1
ploughs,1
freshly,1
hugs,1
aplenty,1
intended,1
countryside,1
refuse,1
resemble,1
hauling,1
adorned,1
passages,1
attitude,1
paper,1
pane,1
cheerfulness,1
a3v,1
bummed,1
rapidly,1
symptoms,1
sauce,1
tentatively,1
sucker,1
idols,1
sucked,1
reassured,1
coping,1
instruct,1
eloquence,1
courses,1
shocking,1
energetically,1
uncallused,1
lantern,1
status,1
upstairs,1
topside,1
cicadas,1
investigated,1
blues,1
mattered,1
misses,1
clique,1
reproach,1
prefab,1
offsite,1
imagineer,1
thereafter,1
murmured,1
ethereal,1
housewares,1
heady,1
erupted,1
hyperventilating,1
cheekbones,1
consult,1
evicting,1
clattering,1
critically,1
swiveling,1
vocal,1
a47,1
determined,1
a43,1
a41,1
brainwashing,1
a49,1
exuberant,1
sell,1
commotion,1
trowel,1
recognizing,1
internal,1
expunged,1
swiftly,1
plau,1
bustled,1
seize,1
barrel,1
dragged,1
golf,1
defended,1
cruised,1
worrylines,1
session,1
freight,1
indicator,1
adventurers,1
preparing,1
reporters,1
catheterized,1
distraction,1
sleeve,1
gengineered,1
pearance,1
river,1
approaching,1
bulky,1
delicately,1
overwhelm,1
startup,1
sex,1
spirits,1
muted,1
movie,1
currently,1
recommenders,1
nope,1
europe,1
childlike,1
premises,1
redesigning,1
influential,1
connection,1
poverty,1
sassination,1
acted,1
smashing,1
coincidence,1
dimensional,1
agents,1
publishing,1
mulate,1
acceptance,1
irritating,1
flounced,1
veneer,1
firm,1
resting,1
wheeled,1
tweaked,1
handling,1
coveralls,1
slyly,1
cagey,1
leaning,1
kissing,1
backing,1
triple,1
raiders,1
welts,1
virtually,1
decon,1
commune,1
alert,1
leapt,1
leaps,1
rabid,1
necessity,1
stack,1
picks,1
strobe,1
sixtieth,1
rosters,1
plagues,1
soaked,1
salvo,1
simu,1
crinkling,1
defenders,1
conclusions,1
relevance,1
sojourning,1
shove,1
pulsion,1
blackjack,1
projects,1
sorting,1
consensus,1
communications,1
shimmered,1
timepieces,1
privately,1
clipping,1
senate,1
b4,1
palm,1
methodi,1
wresting,1
temple,1
performed,1
odor,1
lubri,1
cheered,1
nowhere,1
obscured,1
zip,1
straightened,1
helpfulness,1
forearms,1
garbage,1
prideful,1
appropriate,1
primarily,1
arcade,1
soci,1
rhetorical,1
considerably,1
tally,1
link,1
harangue,1
intestines,1
gizmos,1
uv,1
maturity,1
mature,1
flocked,1
gusts,1
spritely,1
phantom,1
thugs,1
codes,1
effervescent,1
fixing,1
scrape,1
definitely,1
ferent,1
intrascapular,1
elements,1
energetic,1
faintly,1
ferries,1
overtop,1
knotted,1
results,1
soften,1
broader,1
shrugged,1
centers,1
collabora,1
trampling,1
windowsill,1
rejoined,1
primly,1
indicating,1
pens,1
pestering,1
garden,1
japrap,1
wipe,1
evi,1
experiencing,1
marry,1
damning,1
trite,1
967_,1
burrowed,1
odd,1
apparatus,1
punch,1
les,1
consideration,1
respon,1
receive,1
involved,1
survey,1
defeat,1
stantly,1
tools,1
whipping,1
bush,1
figurative,1
eleven,1
nonpolitical,1
balls,1
retreated,1
challenge,1
coffin,1
slim,1
pieces,1
shuffled,1
delay,1
shuffles,1
animal,1
comedy,1
luster,1
overridden,1
aspiring,1
pigs,1
ties,1
bowsprits,1
counter,1
reminders,1
robot,1
element,1
allow,1
sandpapered,1
disinfectant,1
doubtful,1
crabby,1
broiling,1
degrees,1
decaf,1
cusp,1
bat,1
ship,1
dock,1
bothering,1
accompanied,1
beneath,1
glasses,1
books,1
tenth,1
witness,1
fantasyl,1
unmuffled,1
occluding,1
tempo,1
inhaling,1
steering,1
shortest,1
faceguard,1
chilly,1
pudding,1
chills,1
pines,1
owned,1
straining,1
ihe,1
deceptive,1
spaceship,1
painful,1
rockwell,1
megafans,1
bargain,1
colleagues,1
buttocks,1
appealing,1
devotion,1
false,1
trusting,1
poisons,1
gentle,1
insectile,1
nonsensically,1
ganged,1
mechanism,1
disturbers,1
bumbled,1
manor,1
disgustedly,1
device,1
segment,1
painting,1
magnanimously,1
bikes,1
disillusion,1
jar,1
planted,1
exchanged,1
handle,1
muttering,1
molasses,1
wring,1
streamlined,1
ohio,1
intervening,1
guessing,1
btw,1
versation,1
shooed,1
slanted,1
coils,1
interacting,1
insulting,1
wiry,1
ends,1
faceless,1
hogging,1
grasp,1
reappears,1
drum,1
ety,1
innocently,1
newbies,1
adjusted,1
indica,1
crafted,1
outsider,1
powered,1
427_,1
moues,1
feather,1
togeth,1
monally,1
sourly,1
bathtub,1
fielding,1
sity,1
cohort,1
highlighter,1
romance,1
cope,1
glaring,1
balm,1
emotionally,1
robotic,1
piracy,1
command,1
audio,1
hauled,1
wed,1
clipped,1
fluctuating,1
crux,1
whispers,1
lightless,1
desk,1
pier,1
greenhouses,1
crisp,1
subvo,1
criss,1
stagger,1
shuttling,1
choosing,1
recognition,1
avoid,1
bunking,1
blowing,1
pressure,1
coldly,1
gained,1
sister,1
lifestyle,1
whistled,1
blackness,1
grayed,1
letters,1
cades,1
screamer,1
commitment,1
erect,1
afoot,1
negotiable,1
housing,1
spots,1
grata,1
places,1
chained,1
official,1
excitement,1
frequency,1
monument,1
floridian,1
bearing,1
cally,1
ins,1
compared,1
deadly,1
lately,1
details,1
ponytail,1
sunshine,1
unspeakably,1
milliennia,1
soporific,1
compete,1
coopera,1
suicidal,1
huffs,1
oldest,1
relationships,1
votes,1
sputtered,1
flushing,1
ously,1
pinch,1
quaking,1
reinvent,1
dwindled,1
impressionistic,1
preacher,1
festive,1
gle,1
smoke,1
stressed,1
aka,1
envious,1
angrily,1
highly,1
bro,1
sparkling,1
hindsight,1
compulsively,1
glance,1
a27,1
craving,1
sweated,1
zeroes,1
tolerated,1
sushi,1
dismantled,1
starburst,1
aware,1
zeroed,1
groupmind,1
bunnies,1
bartender,1
ers,1
ery,1
worn,1
era,1
ern,1
pollute,1
lations,1
gaped,1
carriers,1
kissimee,1
toehold,1
disappear,1
interview,1
pizza,1
videophones,1
lax,1
dumbo,1
greet,1
plotted,1
ambulance,1
satisfied,1
sive,1
ticket,1
sheaf,1
vitriol,1
harmony,1
versus,1
eventually,1
woken,1
jerking,1
laconically,1
superheated,1
soothing,1
bank,1
routines,1
alternately,1
rocks,1
recognizably,1
logo,1
flock,1
recognizable,1
singularly,1
hooked,1
strangers,1
maniac,1
tijuana,1
lapu,1
implicated,1
thoughtfully,1
injec,1
elevator,1
picious,1
wasted,1
scenes,1
seated,1
iron,1
minus,1
communing,1
portraits,1
shoals,1
constellations,1
sconce,1
cadge,1
strength,1
luxury,1
forces,1
circles,1
anatomy,1
extending,1
scripts,1
exercises,1
assessed,1
grave,1
fitted,1
flagstone,1
infrared,1
chandelier,1
wrung,1
sewn,1
resemblance,1
painfully,1
recharger,1
pursuing,1
pulpit,1
logomarked,1
dj,1
preferred,1
protectively,1
nasty,1
headlong,1
rebirth,1
runs,1
unshakeable,1
stead,1
rung,1
steam,1
scrubbed,1
secretary,1
9dl,1
discussions,1
techniques,1
obsoleted,1
draws,1
propa,1
overgrown,1
props,1
whiffed,1
cop,1
cor,1
keycard,1
cot,1
ill,1
paralyzing,1
gasped,1
cog,1
requests,1
groans,1
col,1
royal,1
oblivious,1
petty,1
trickery,1
engines,1
drafting,1
flexible,1
6dl,1
duties,1
repelled,1
beloved,1
beastly,1
surreptitious,1
applied,1
publicly,1
aii,1
launched,1
cylinder,1
cons,1
wishers,1
cone,1
moping,1
plated,1
accumulating,1
plates,1
raid,1
exuded,1
swell,1
earlobes,1
reccy,1
greedily,1
mil,1
hopping,1
autohypnotic,1
isometric,1
photo,1
clamped,1
adding,1
chided,1
shoul,1
passive,1
wright,1
boxes,1
barge,1
designers,1
jaunter,1
cooled,1
hassle,1
congratulate,1
leered,1
peek,1
posi,1
graduated,1
trophy,1
banked,1
hostilities,1
pineapples,1
wasting,1
delighted,1
balancer,1
rendering,1
renovating,1
wal,1
quirky,1
ately,1
ceded,1
mysterious,1
braver,1
maximum,1
emotional,1
hotter,1
stupendously,1
rific,1
assassinations,1
promised,1
mole,1
topped,1
test,1
scored,1
brothers,1
update,1
musty,1
ciology,1
troupe,1
penning,1
interval,1
beds,1
paced,1
basically,1
baited,1
frontierland,1
disturbance,1
grateful,1
battle,1
reyou,1
layers,1
soothed,1
rhythm,1
jogged,1
feebly,1
protective,1
octor,1
emergencies,1
vegas,1
trouble,1
kitted,1
presented,1
gum,1
gut,1
cost,1
participat,1
cargo,1
appear,1
canopicjars,1
supporting,1
gener,1
inspiring,1
rubbery,1
sending,1
flames,1
meanor,1
consciousnesses,1
trial,1
pillow,1
homecoming,1
confrontation,1
retired,1
hematomae,1
marked,1
market,1
debarking,1
jam,1
wonderfully,1
intently,1
commissioned,1
clut,1
flourished,1
cau,1
cat,1
hardest,1
cam,1
cal,1
lubricant,1
trans,1
cad,1
expanding,1
chic,1
occur,1
productive,1
fuming,1
cadre,1
write,1
lobe,1
economy,1
armies,1
product,1
manent,1
escalate,1
averted,1
produce,1
commit,1
heroes,1
flourish,1
lifting,1
accelerated,1
pishtoshed,1
freckles,1
displayed,1
ended,1
freckled,1
curly,1
selves,1
curls,1
forms,1
chattering,1
norad,1
fling,1
lumbering,1
slacks,1
courtship,1
concerts,1
replan,1
directing,1
hurried,1
challenges,1
fires,1
replay,1
wavelength,1
ev,1
monitors,1
furthermore,1
navigating,1
undead,1
cars,1
lecterns,1
offhandedly,1
card,1
waxy,1
milestones,1
honest,1
suffice,1
impossibly,1
striking,1
lapus,1
blink,1
directly,1
sheep,1
sheer,1
sheet,1
tragic,1
vacated,1
gobs,1
impinge,1
fruity,1
slap,1
slam,1
posited,1
breakfast,1
equipment,1
bitching,1
begin,1
fuxor,1
expertly,1
successive,1
steady,1
mesmerized,1
dispersed,1
washcloth,1
octagonal,1
sible,1
gratified,1
molars,1
crackling,1
staid,1
congratulations,1
truly,1
cannot,1
airtyped,1
ambling,1
physically,1
staged,1
flatly,1
municated,1
custodians,1
lays,1
blame,1
yammering,1
madness,1
jeans,1
proved,1
muttered,1
cares,1
wheezing,1
exhaustion,1
rube,1
gait,1
betcha,1
trick,1
editorial,1
freely,1
scum,1
coolest,1
unintel,1
orientation,1
eral,1
commanded,1
sheening,1
proto,1
pester,1
stilt,1
inquiry,1
newsbots,1
ringside,1
complained,1
traps,1
breeze,1
micropore,1
staging,1
sinuous,1
frown,1
specimen,1
reac,1
lady,1
threaten,1
rear,1
hocra,1
collective,1
benefit,1
twelve,1
apartments,1
curity,1
willie,1
hustle,1
asap,1
throb,1
sixth,1
credits,1
innocence,1
sixty,1
stelliferous,1
bazaar,1
throw,1
sro,1
chop,1
journey,1
wolf,1
underway,1
carribean,1
assassin,1
jetted,1
brrrr,1
barrels,1
outlook,1
shrinking,1
stare,1
immaculate,1
drains,1
pitcher,1
curiously,1
coinci,1
omelet,1
cottage,1
irreversible,1
toned,1
immedi,1
hiro,1
beliefs,1
remembrances,1
momentarily,1
sniffed,1
trickled,1
moves,1
nancy,1
evenings,1
fools,1
forcing,1
flattened,1
peak,1
suited,1
redun,1
detonating,1
fugueing,1
rials,1
unladen,1
voicing,1
horror,1
mph,1
rogue,1
spreadsheeting,1
kiosks,1
smock,1
monorails,1
unheard,1
as3,1
casual,1
chuckle,1
conscience,1
nano,1
cued,1
learned,1
answers,1
anticipation,1
creepy,1
sunburned,1
trained,1
toys,1
thatched,1
teach,1
bicycles,1
authorization,1
grimly,1
pretense,1
respected,1
wafts,1
thematically,1
offended,1
nine,1
brary,1
species,1
oratory,1
reject,1
recording,1
copiously,1
fx,1
fa,1
finality,1
fi,1
74l,1
undergrads,1
deterioration,1
affirmations,1
reservoir,1
urine,1
environmentally,1
tremen,1
teeming,1
finer,1
groping,1
food,1
din,1
anticipated,1
moaning,1
cer,1
transcribe,1
as7,1
as5,1
as9,1
unimaginable,1
bland,1
lipsynch,1
outrun,1
timeline,1
labs,1
recy,1
dire,1
pur,1
revolutionary,1
dishwasher,1
launch,1
curtsey,1
terribly,1
american,1
blush,1
interviews,1
knots,1
knocking,1
portunities,1
scrolled,1
uled,1
effortless,1
warts,1
airlock,1
bzzz,1
scheme,1
banana,1
blindly,1
inventing,1
ste,1
sta,1
ouster,1
stu,1
utopia,1
battering,1
spacelegs,1
mickey,1
chipmunk,1
urgently,1
concentration,1
unfocussed,1
vulnerable,1
adrift,1
flaming,1
laterally,1
nancing,1
animatron,1
unstuck,1
experiences,1
eaten,1
accreting,1
mobile,1
performances,1
popularity,1
latest,1
axes,1
cowgirl,1
hefted,1
sheepskin,1
completion,1
northern,1
paranoid,1
flesh,1
necking,1
custodian,1
custodial,1
hypermediated,1
pretending,1
competing,1
boils,1
interminable,1
catches,1
gloved,1
perfume,1
rejig,1
gloves,1
hobbled,1
shinnied,1
irredeemably,1
crackle,1
plausible,1
culture,1
pish,1
wow,1
pictured,1
lookalike,1
secrets,1
phonies,1
bots,1
poltroon,1
woodsmoke,1
likes,1
lecturers,1
damp,1
collectible,1
compromises,1
partly,1
packs,1
liven,1
compromised,1
dialing,1
intriguing,1
pilgrim,1
mumbling,1
brilliant,1
animated,1
loosened,1
madly,1
grand,1
cumming,1
temporary,1
dime,1
banter,1
cleaning,1
flirty,1
gsu,1
docked,1
synopsis,1
gagged,1
grins,1
lobsters,1
powering,1
migratory,1
teenage,1
winced,1
afro,1
itchun,1
informal,1
meritocracy,1
lection,1
transformation,1
useless,1
fabulously,1
gamy,1
outright,1
signal,1
provoking,1
parade,1
describing,1
pounding,1
beneficently,1
eating,1
processing,1
stonewall,1
exes,1
placing,1
consultation,1
manufacture,1
specialty,1
properly,1
reed,1
reef,1
noisome,1
skull,1
stumbling,1
foresight,1
behavior,1
cotton,1
manhattan,1
arithmetic,1
wished,1
smiles,1
draw,1
averting,1
rested,1
structure,1
whoring,1
e,1
resolving,1
depth,1
grunt,1
barbecue,1
stunned,1
speakerphone,1
suits,1
suite,1
murderous,1
shiver,1
strous,1
slopped,1
nausea,1
snide,1
stiff,1
compassionate,1
booze,1
hive,1
punishing,1
6ay_,1
plumped,1
waking,1
graying,1
download,1
zv,1
poke,1
unhuman,1
volatile,1
pristine,1
stance,1
shmuck,1
conveyances,1
z9,1
z3,1
rosary,1
justice,1
chang,1
wig,1
wid,1
collaborating,1
wit,1
cloud,1
crap,1
camera,1
contentment,1
hiding,1
indefensible,1
levelheaded,1
resize,1
announcing,1
drops,1
halloween,1
sought,1
bowl,1
meanwhile,1
located,1
furiously,1
fatigue,1
engineering,1
introduced,1
crazed,1
agenda,1
divided,1
including,1
thence,1
masses,1
imbalance,1
frontal,1
handi,1
masters,1
laconic,1
somewhen,1
shaking,1
prevailing,1
seniors,1
showering,1
globe,1
staying,1
disattention,1
hypo,1
wondrous,1
veradero,1
obsess,1
chitchat,1
withering,1
ect,1
conservatives,1
ridge,1
resumed,1
hostile,1
determining,1
timer,1
clamour,1
swapped,1
disembodied,1
extrude,1
date,1
disapproval,1
quality,1
bears,1
tinkering,1
wrapper,1
merrier,1
tourists,1
lists,1
waist,1
submitted,1
ber,1
behaviors,1
lightly,1
tabu,1
goldberg,1
sundown,1
ably,1
instance,1
grounding,1
exhaustedly,1
lectures,1
tainty,1
vengeance,1
longhand,1
gallery,1
apparati,1
stereo,1
2334,1
radiating,1
scrambled,1
lowered,1
indi,1
harrumphed,1
earned,1
sulfur,1
mortality,1
467_,1
crumbling,1
mgm,1
joint,1
assistants,1
scrolling,1
ascended,1
gray,1
processes,1
tobacco,1
tuned,1
solicitous,1
multiplying,1
burying,1
halving,1
cuts,1
humans,1
peared,1
desperate,1
creating,1
stats,1
tend,1
outsiders,1
tent,1
ken,1
ked,1
extolling,1
merry,1
durkheim,1
leveraged,1
career,1
attached,1
strains,1
preparedness,1
kings,1
tracted,1
erased,1
yaw,1
cent,1
pranking,1
kicky,1
kicks,1
queuing,1
riposte,1
surface,1
examined,1
swinging,1
capture,1
neously,1
tabbed,1
fanatics,1
appearances,1
effect,1
chiavellian,1
frequently,1
skittered,1
transaction,1
modeled,1
backtraced,1
displacing,1
riff,1
glowed,1
accurate,1
distant,1
patsy,1
skill,1
sputtering,1
vids,1
kick,1
crushed,1
livid,1
turbulence,1
prominent,1
page,1
warmed,1
chocolate,1
liking,1
peter,1
267_,1
steaming,1
objected,1
boggled,1
moderated,1
inflammation,1
fanny,1
journal,1
pulpy,1
instinct,1
freedom,1
sinister,1
madame,1
equally,1
artists,1
weepy,1
additional,1
72l,1
pa,1
revised,1
fountains,1
hj,1
gain,1
hm,1
glutes,1
overflow,1
signed,1
cello,1
leathery,1
mechanics,1
reservations,1
crankiness,1
sibility,1
4j,1
grunted,1
shortcutted,1
extras,1
recalled,1
disruptive,1
unimaginative,1
saturating,1
trembled,1
minuscule,1
manently,1
swag,1
buddy,1
swap,1
rescue,1
updates,1
confederate,1
disneys,1
vast,1
skills,1
gracey,1
worriers,1
spidering,1
likely,1
implemented,1
nem,1
neg,1
asia,1
haze,1
chend,1
upward,1
med,1
niche,1
screams,1
mem,1
gagging,1
active,1
dred,1
sidewalls,1
oozed,1
permit,1
crazies,1
campaign,1
mobility,1
busses,1
counts,1
army,1
ratty,1
pudgy,1
wriggled,1
survive,1
calf,1
expose,1
disruption,1
adult,1
roof,1
bungalow,1
endor,1
programming,1
laughs,1
amazing,1
flustered,1
replacing,1
egos,1
ambivalent,1
purchase,1
767_,1
goodbye,1
plied,1
exhorted,1
deck,1
ghastly,1
keyboard,1
captions,1
deathly,1
toolbelt,1
downy,1
ghouls,1
fixation,1
downs,1
nightclubs,1
tableaux,1
weenie,1
liveheaded,1
skydome,1
superficiality,1
bone,1
luck,1
dous,1
24l,1
mystification,1
taught,1
glinting,1
collector,1
velvet,1
tales,1
crucial,1
content,1
logging,1
messages,1
ish,1
penury,1
thereon,1
comforted,1
hook,1
masterfully,1
twisted,1
boating,1
breezeway,1
a33,1
cerned,1
solemnly,1
a35,1
a39,1
stoic,1
somewhat,1
ference,1
peculiar,1
polyannic,1
fabulous,1
sfeet,1
sills,1
cheek,1
rattle,1
ergonomics,1
tells,1
horde,1
alibi,1
subvocally,1
meekly,1
caricatured,1
dol,1
dom,1
alarm,1
nighttime,1
dog,1
deckfull,1
points,1
principle,1
aquatic,1
visitor,1
ending,1
attempts,1
chord,1
sneaking,1
precedence,1
metrically,1
blur,1
smug,1
earn,1
fields,1
thrusts,1
briefed,1
internships,1
bak,1
coats,1
shaved,1
artificial,1
wetsuit,1
reassigned,1
pebbled,1
ignorance,1
cousin,1
suggested,1
maneuvers,1
beeline,1
cowed,1
presumably,1
guaranteed,1
foray,1
puts,1
sac,1
chub,1
deeper,1
chum,1
tweakage,1
hollowed,1
regretted,1
exception,1
sly,1
tang,1
economies,1
melted,1
tant,1
chilling,1
encamped,1
defeated,1
iv,1
cant,1
inscrutable,1
faked,1
jiggled,1
ie,1
sever,1
bottles,1
shimmering,1
vegetable,1
sidelines,1
bells,1
evolve,1
casualness,1
speakers,1
delight,1
overaggressive,1
thoughts,1
emissary,1
rome,1
diameter,1
clunk,1
impending,1
candidate,1
legion,1
unreeling,1
background,1
destroy,1
dreams,1
airhead,1
unnecessary,1
notorious,1
cowardice,1
dean,1
deaf,1
tracked,1
protagonist,1
milksops,1
unreason,1
missive,1
backatcha,1
luau,1
lathered,1
flourishes,1
islands,1
automatically,1
mixture,1
22l,1
lief,1
knuck,1
scalded,1
phantasmic,1
weathered,1
initial,1
asses,1
hometowns,1
fireworks,1
bery,1
failure,1
pavilion,1
streaming,1
whisked,1
horrifying,1
propaganda,1
delete,1
tosh,1
groundkeeper,1
agreeing,1
a15,1
a17,1
a13,1
savage,1
a19,1
hollered,1
outskirts,1
apology,1
shallowly,1
derstand,1
customary,1
clared,1
themed,1
themes,1
milk,1
transder,1
father,1
marsupial,1
daintily,1
gasbags,1
subvocal,1
biceps,1
banished,1
tumn,1
dif,1
item,1
moistening,1
div,1
quintupling,1
refusing,1
measurably,1
intelligences,1
suspect,1
vandalized,1
rug,1
tailcoat,1
hummed,1
implanted,1
foraged,1
bruises,1
bow,1
tromp,1
diagnosed,1
suggestion,1
boo,1
bruised,1
genuinely,1
breathtaking,1
soliciting,1
flexibility,1
ailing,1
hotels,1
everybody,1
autosolder,1
wealth,1
perp,1
armchairs,1
vous,1
acceptable,1
curriculum,1
swiveled,1
effort,1
walled,1
volunteering,1
sotted,1
excitedly,1
ule,1
funhouse,1
lobbying,1
sample,1
pink,1
burgeoning,1
ping,1
chemical,1
pure,1
swore,1
tile,1
mas,1
maw,1
strokes,1
max,1
fed,1
swaybacked,1
mag,1
aisles,1
mak,1
mal,1
piloted,1
omen,1
basked,1
rarified,1
tall,1
terrace,1
tucked,1
views,1
beil,1
rattled,1
killer,1
lunch,1
touching,1
hypercreative,1
settings,1
vogue,1
unlock,1
jackson,1
stitch,1
miles,1
pock,1
pumping,1
spies,1
spied,1
mesh,1
kernel,1
thoughtless,1
accurately,1
sailing,1
19,1
scraping,1
gotta,1
booted,1
20s,1
handhelds,1
dash,1
occupied,1
clung,1
squat,1
recreated,1
efficient,1
upgrading,1
endangered,1
interior,1
switching,1
200,1
skinned,1
norman,1
theatre,1
paid,1
bursitis,1
roused,1
beta,1
ering,1
napkin,1
reassurance,1
precise,1
specifically,1
92l,1
plume,1
treasure,1
disconcerting,1
admixture,1
ger,1
spraying,1
unconsciously,1
keyboards,1
nostril,1
communicated,1
sear,1
wonder,1
satisfying,1
radi,1
rads,1
digest,1
radiated,1
cautiously,1
reading,1
moaned,1
oversized,1
glances,1
tup,1
ju,1
tub,1
trolling,1
tug,1
badmouthing,1
disappointment,1
traded,1
terse,1
ized,1
clambered,1
unassuming,1
custody,1
unsilvered,1
mark,1
sonya,1
wobbly,1
marx,1
mary,1
dramatic,1
cawed,1
ridor,1
disconnected,1
sobbed,1
ongoing,1
cock,1
sudden,1
pas,1
harsh,1
shesarcased,1
arguments,1
clammy,1
pan,1
pulsive,1
flumgub,1
patrician,1
consen,1
climbing,1
weave,1
appropri,1
solve,1
amazed,1
oustering,1
outdoor,1
pissing,1
reputable,1
gated,1
flavor,1
dipped,1
grating,1
earthside,1
grip,1
docks,1
grandstanding,1
mon,1
mom,1
railroad,1
mod,1
thighs,1
served,1
jiggery,1
undifferentiated,1
alternated,1
cancel,1
lackeys,1
ascent,1
accomplice,1
confirm,1
overly,1
claustrophobic,1
knife,1
measuring,1
embankment,1
cliques,1
drums,1
preoccupied,1
fringe,1
mixer,1
mixes,1
airline,1
contrariwise,1
honks,1
spreading,1
skilled,1
madder,1
elbowing,1
lions,1
unsettled,1
motherly,1
strikes,1
squawked,1
arranged,1
drills,1
jabbing,1
dawdling,1
leaked,1
examine,1
bleached,1
lifetime,1
selfish,1
discs,1
retiring,1
fruitless,1
lapel,1
verted,1
decorated,1
unload,1
readership,1
incrementing,1
liar,1
founder,1
sunk,1
prodding,1
troducing,1
premium,1
righted,1
peaks,1
puffy,1
winning,1
bottleneck,1
squirted,1
splitter,1
damper,1
disused,1
neighborhood,1
knifed,1
perspective,1
dial,1
opted,1
sweetly,1
stool,1
exasperation,1
stoop,1
ranged,1
component,1
affectionately,1
sunning,1
search,1
stretching,1
sofas,1
chipper,1
ab5,1
ab9,1
narrow,1
transit,1
africa,1
gristle,1
empties,1
establish,1
canoe,1
a53,1
a55,1
impressionable,1
a57,1
a59,1
wolfed,1
pawing,1
chortled,1
staggering,1
pulpits,1
ticed,1
grisly,1
particular,1
des,1
sucks,1
guards,1
remain,1
escorted,1
den,1
deb,1
marble,1
ribcage,1
purchases,1
hamburger,1
rejuvenated,1
gravely,1
minimum,1
logomarks,1
reliving,1
freckle,1
awkward,1
cocking,1
acts,1
advice,1
accorded,1
intoned,1
bloom,1
reappeared,1
coat,1
stains,1
industrial,1
sleepily,1
suffer,1
24,1
22,1
calluses,1
callused,1
goon,1
primary,1
compound,1
groped,1
easily,1
huddle,1
fantasy,1
rigueur,1
token,1
boisterous,1
harm,1
acquisitive,1
flower,1
childish,1
projected,1
motherfucker,1
pleasant,1
benefits,1
computers,1
predate,1
conducted,1
breathers,1
campground,1
cups,1
statement,1
counterrevo,1
fold,1
contrary,1
gibbered,1
swerve,1
ages,1
aged,1
orders,1
dancing,1
audiotrack,1
majority,1
serene,1
underpinnings,1
eggs,1
unceremoniously,1
serviced,1
perkier,1
charm,1
significant,1
services,1
drifts,1
seething,1
storyline,1
dodging,1
midflight,1
hugging,1
minimizing,1
headlines,1
valet,1
merges,1
ruin,1
distributed,1
unhappy,1
chimed,1
fiend,1
gills,1
doubled,1
spiked,1
locating,1
tended,1
lion,1
individual,1
fellow,1
repairs,1
expert,1
visiting,1
omnimover,1
weekly,1
masterful,1
vanishing,1
flatchested,1
lightness,1
defunct,1
generator,1
geniuses,1
vehicles,1
dances,1
upgrades,1
rab,1
throughout,1
suppressing,1
patiently,1
instrument,1
creativity,1
screened,1
dropping,1
ensured,1
hopefuls,1
assorted,1
nukey,1
honorary,1
resisted,1
chatter,1
honking,1
raw,1
sobs,1
anonym,1
violently,1
stubbornly,1
facade,1
saline,1
corridor,1
dismiss,1
strips,1
itch,1
sym,1
aggregate,1
petulance,1
task,1
morrow,1
swiss,1
revising,1
chemistry,1
howl,1
fundamentalists,1
thorough,1
apple,1
marrying,1
alternate,1
source,1
bravery,1
snap,1
cul,1
hates,1
squawk,1
confession,1
matters,1
scrip,1
humorous,1
prototyping,1
insincere,1
mirror,1
scuttled,1
pronounced,1
scale,1
contacts,1
balmy,1
verbally,1
pee,1
evaporating,1
subconscious,1
costumed,1
impor,1
adjusting,1
boys,1
remastered,1
schmooz,1
scarlet,1
consulted,1
castmemberspeak,1
organizational,1
composing,1
excuses,1
functionality,1
scurrying,1
charming,1
strolled,1
admiring,1
failures,1
restraining,1
groceries,1
compose,1
contacted,1
intensive,1
evolvedness,1
bottomed,1
moue,1
perversely,1
assas,1
shambling,1
unsatisfied,1
spacehand,1
bleeding,1
crop,1
44l,1
bloodshot,1
depression,1
ticketing,1
unwound,1
availability,1
clipboard,1
pleading,1
exercise,1
exchange,1
sins,1
baring,1
packing,1
sink,1
imperfections,1
respiration,1
numbness,1
biographies,1
30,1
36,1
sinations,1
implement,1
honor,1
courting,1
telepres,1
truism,1
crashing,1
limp,1
nauseated,1
asteroid,1
butler,1
ashamed,1
tattered,1
harvest,1
derbag,1
f,1
tunnel,1
pedaled,1
obvious,1
praise,1
narratives,1
violence,1
reserved,1
9sy_,1
reconstructed,1
reserves,1
languorously,1
tam,1
native,1
varied,1
noises,1
holds,1
rehabbed,1
responsibilities,1
attachment,1
shitheadery,1
94a,1
profile,1
lutionaries,1
bothered,1
leisure,1
prolouge,1
chief,1
institutional,1
revived,1
staticky,1
la,1
li,1
whites,1
blatant,1
a99,1
a95,1
a97,1
a93,1
descendants,1
spell,1
thrill,1
cider,1
greenhousey,1
vestigial,1
programmed,1
burdened,1
programmer,1
sexual,1
popping,1
defend,1
trickier,1
mate,1
reo,1
rem,1
fondly,1
coed,1
retrieved,1
clarify,1
interaction,1
allies,1
needling,1
deprived,1
yarn,1
cures,1
presid,1
barriers,1
unrolling,1
reaches,1
ancient,1
sadly,1
rippled,1
messing,1
liquor,1
cabin,1
completed,1
flump,1
coughed,1
pointers,1
humped,1
boyish,1
loves,1
doctorate,1
survives,1
regenerated,1
tidy,1
dictate,1
newfangled,1
mis,1
procure,1
sally,1
starched,1
gather,1
32l,1
iconoclasts,1
rendezvous,1
occasion,1
inexorably,1
preternaturally,1
staff,1
lolling,1
concurred,1
betsy,1
buying,1
bejeanine,1
proceedings,1
bear,1
accrue,1
drawl,1
organ,1
teams,1
trudging,1
farthest,1
racked,1
timezones,1
intensity,1
enhanced,1
greece,1
flightiest,1
derisively,1
routine,1
boundary,1
nudged,1
sorrow,1
emitted,1
deliver,1
willing,1
empathy,1
attributed,1
whooshed,1
busted,1
otherwise,1
teasing,1
pouring,1
swimmer,1
tremendous,1
muddy,1
copies,1
newscast,1
copied,1
angled,1
finisher,1
jagging,1
essentially,1
orange,1
clusters,1
concoc,1
arisen,1
value,1
manually,1
partner,1
tumbled,1
slammed,1
invitations,1
shamed,1
recourse,1
nevertheless,1
weapon,1
sets,1
position,1
usual,1
coaster,1
proximity,1
stored,1
surpass,1
tough,1
repetitious,1
nasties,1
lake,1
citizen,1
crops,1
tests,1
molding,1
thoughtlessly,1
inviting,1
interrupt,1
admitted,1
infiltrated,1
stilted,1
hurricane,1
assuming,1
regain,1
pepper,1
noise,1
slight,1
certainty,1
rendered,1
hunry,1
obliterated,1
billions,1
guard,1
revolve,1
glib,1
chatting,1
brand,1
nametag,1
bun,1
bul,1
strident,1
bud,1
glory,1
glori,1
uplinks,1
pin,1
pic,1
pif,1
povs,1
pit,1
40,1
ducked,1
conundra,1
puzzlement,1
traumatic,1
bladder,1
thumping,1
wind,1
goin,1
wryly,1
accidents,1
baked,1
reboot,1
assembled,1
paris,1
rehabbing,1
coronas,1
341,1
louder,1
mainspring,1
procession,1
fireplace,1
harried,1
guiding,1
enjoy,1
picketed,1
consistent,1
direct,1
nail,1
estimated,1
hypermedi,1
christ,1
slidewalkto,1
mischievous,1
beater,1
supplies,1
woozy,1
socialize,1
represented,1
precis,1
castmembery,1
midway,1
stray,1
strap,1
spookery,1
viscera,1
punching,1
swings,1
assed,1
hospital,1
mediate,1
descrip,1
preview,1
annotations,1
breathe,1
cycles,1
robbing,1
md,1
join,1
swiped,1
tremendously,1
prearranged,1
preserving,1
cribbed,1
guarantee,1
ceremony,1
bunk,1
writers,1
accusations,1
charging,1
description,1
acknowledged,1
decreasing,1
clench,1
carnal,1
strangle,1
crumby,1
cll,1
entranced,1
compelling,1
undoctorly,1
keycarded,1
hydrotropic,1
inventors,1
cranny,1
celebrating,1
juggling,1
revisions,1
pounce,1
large,1
motel,1
laid,1
heavenly,1
hemorrhaging,1
gimcracks,1
fathomable,1
rain,1
jangling,1
priorities,1
shootin,1
researcher,1
abbreviated,1
philosophical,1
awoke,1
sober,1
5b7_,1
researched,1
lulled,1
tor,1
toi,1
ton,1
toe,1
consented,1
urban,1
centered,1
serve,1
stinkof,1
abandoning,1
scenario,1
roles,1
cowls,1
bridge,1
telecontrollers,1
screwy,1
ible,1
1969,1
elegance,1
geosynch,1
dermal,1
abe,1
metal,1
orderly,1
pineapple,1
bait,1
marveled,1
colors,1
radio,1
surety,1
overloose,1
spite,1
delays,1
epitaphs,1
waltz,1
reconstruct,1
spokesperson,1
isolation,1
automatic,1
swept,1
nup,1
resist,1
rarity,1
scattering,1
pliments,1
blaster,1
boss,1
toothbrush,1
wear,1
dedication,1
strobes,1
chandeliers,1
strobed,1
expense,1
grumblings,1
snored,1
comprehension,1
snores,1
conference,1
rebounded,1
tchotchkes,1
speeches,1
xxi,1
pokery,1
stopping,1
erratically,1
procedure,1
decanted,1
suggest,1
inventory,1
langhorn,1
whitened,1
several,1
bifocals,1
367_,1
greeted,1
shortly,1
uploading,1
lcd,1
proposed,1
bugged,1
thumbs,1
scaffolds,1
teenaged,1
pharmacy,1
humanity,1
casting,1
tactic,1
judge,1
gift,1
54,1
hunk,1
whomever,1
stringing,1
rustling,1
successfully,1
proudly,1
chests,1
adver,1
roamed,1
escape,1
peacemaker,1
smarmy,1
embodied,1
toids,1
companions,1
totals,1
allocate,1
cord,1
disappeared,1
shuck,1
twitch,1
civil,1
transdermals,1
rounds,1
rely,1
interlopers,1
puffiness,1
seeker,1
gin,1
rela,1
tigue,1
wireless,1
pricked,1
tacky,1
removed,1
portions,1
prematurely,1
starchy,1
panicky,1
impropriety,1
forearm,1
3sy_,1
simulations,1
furi,1
na,1
vanishes,1
nf,1
tin,1
setting,1
tie,1
evergreen,1
nuance,1
sql,1
inklings,1
bullet,1
inane,1
n4,1
glittered,1
overwrought,1
ostentatiously,1
sloppy,1
camaraderie,1
standards,1
lincolness,1
obsolete,1
invaded,1
dried,1
yippee,1
port,1
substitute,1
irritated,1
spectral,1
distaste,1
deluded,1
labcoat,1
hairy,1
corpuses,1
entertain,1
mockups,1
dissipated,1
unidentified,1
pecially,1
52l,1
guilty,1
emerge,1
unbidden,1
crisis,1
bulbs,1
confounded,1
sports,1
stacking,1
contrite,1
pres,1
teased,1
offing,1
flapping,1
shafts,1
local,1
flagship,1
streak,1
requirements,1
robinson,1
plus,1
granddaughter,1
eighty,1
birthday,1
trickling,1
shucksery,1
curing,1
liquid,1
mezzanine,1
glancing,1
taneous,1
comfort,1
midnight,1
blocked,1
dreading,1
lonely,1
condescendingly,1
warranted,1
qualified,1
venirs,1
opera,1
debating,1
unproductive,1
hysteria,1
bellycrawl,1
attended,1
booby,1
hobble,1
limps,1
explorers,1
yup,1
peppering,1
turf,1
saucers,1
childhood,1
walkthrough,1
accu,1
array,1
rented,1
striding,1
cooling,1
gives,1
gestalts,1
population,1
sert,1
require,1
marines,1
cowpoke,1
depilate,1
armored,1
pro,1
ani,1
pastime,1
emphasis,1
improvisations,1
tornado,1
boiling,1
stormed,1
freshman,1
lius,1
shooter,1
beaded,1
arguably,1
pored,1
hustled,1
hack,1
wood,1
believing,1
deign,1
hooting,1
expectation,1
trade,1
neither,1
jokes,1
violated,1
psychopaths,1
closures,1
fails,1
voluntary,1
guitar,1
sacked,1
thrilling,1
byes,1
stupidest,1
cafes,1
weath,1
untethered,1
interloper,1
tookfifteen,1
provocation,1
robotics,1
hunched,1
pop,1
sampling,1
polo,1
tious,1
pod,1
poli,1
spotlights,1
followup,1
spirit,1
paying,1
shops,1
snaking,1
couples,1
ironic,1
unrolled,1
confidant,1
distilled,1
persona,1
applaud,1
barges,1
muffled,1
delicate,1
unqualified,1
longing,1
magical,1
model,1
actions,1
violent,1
kiln,1
guides,1
sampled,1
scrapbook,1
disrupt,1
ross,1
kills,1
furniture,1
towel,1
oddly,1
tower,1
burdens,1
fanac,1
perspiration,1
slice,1
hipster,1
kilter,1
2600,1
itching,1
terrified,1
purse,1
affording,1
rearranging,1
whence,1
op,1
instruments,1
garner,1
spinal,1
accounts,1
relocation,1
dispersion,1
vested,1
staunchest,1
garnered,1
applying,1
temperaments,1
ovoid,1
grass,1
toilet,1
flensed,1
headwaters,1
trash,1
briefly,1
collaborative,1
lovers,1
included,1
thematic,1
suppertime,1
curve,1
viduals,1
songs,1
pubescent,1
quizzical,1
lack,1
executing,1
surgical,1
als,1
apartment,1
insensate,1
lining,1
opportunities,1
program,1
dairy,1
tethered,1
song,1
fac,1
bubbles,1
darling,1
abandoned,1
sentimental,1
blankly,1
dication,1
synthe,1
functioning,1
nonlinear,1
sur,1
wham,1
bossing,1
tags,1
6il,1
relaxation,1
nent,1
skidded,1
miniature,1
schtick,1
believ,1
solitude,1
screens,1
vertebrae,1
obscurely,1
piggyback,1
darting,1
grabbing,1
operators,1
discovering,1
flag,1
stethoscope,1
libbing,1
tling,1
kickass,1
embarrassing,1
court,1
desperation,1
breaking,1
untied,1
occasionally,1
influences,1
goat,1
simplicity,1
abdicate,1
absentmindedly,1
lighting,1
trucks,1
departure,1
stash,1
shore,1
gauged,1
paunchy,1
disagreed,1
style,1
mattress,1
belligerent,1
eclectic,1
hunted,1
instructions,1
mastered,1
stroked,1
friendship,1
constructing,1
malfunction,1
bolstering,1
colder,1
beneficent,1
telltale,1
foolproof,1
hilt,1
undipped,1
health,1
friday,1
forgive,1
cookie,1
lungful,1
attendant,1
thread,1
fallen,1
otakus,1
3dl,1
breathless,1
leading,1
interact,1
grime,1
prescient,1
recovered,1
option,1
exploded,1
rawboned,1
60,1
luckily,1
rifle,1
dant,1
dans,1
slowed,1
outrageous,1
risks,1
stale,1
gladhanding,1
risky,1
technician,1
cleaner,1
motivation,1
wheelbarrows,1
outstanding,1
suspicious,1
cleaned,1
moist,1
pianist,1
puffing,1
storefronts,1
enduring,1
measured,1
traditional,1
stones,1
stoned,1
rebooting,1
betray,1
hip,1
fastest,1
stubbled,1
timeless,1
investigate,1
dizziness,1
engraved,1
relentless,1
bars,1
intelligence,1
bare,1
bark,1
crunching,1
spirited,1
glistening,1
a45,1
667_,1
solo,1
recently,1
overmediated,1
confiscated,1
succeed,1
condo,1
sauntering,1
flies,1
marveling,1
enhancements,1
apprehensively,1
2365,1
cept,1
advocating,1
noticeable,1
batch,1
evaluated,1
roaded,1
credence,1
misfiring,1
rim,1
plished,1
rig,1
rib,1
currents,1
lengths,1
delicious,1
paths,1
restraint,1
negotiate,1
cement,1
switchbacks,1
patriotic,1
depending,1
inspirational,1
magnifier,1
ergonomic,1
offish,1
illusions,1
jostle,1
doorways,1
rotate,1
shaped,1
ignore,1
nipple,1
necropolis,1
litter,1
wonderland,1
saucer,1
pros,1
proj,1
ticking,1
peephole,1
prob,1
jumpy,1
pinging,1
refused,1
aloft,1
consolation,1
projector,1
gananoque,1
cautious,1
seeped,1
firing,1
dialog,1
youthful,1
undoing,1
5dl,1
impressed,1
rows,1
ligibly,1
baggy,1
conceivable,1
files,1
mountains,1
audacious,1
repeatedly,1
platforms,1
barring,1
stalking,1
fried,1
warning,1
nosers,1
bicep,1
cramped,1
2dl,1
dictating,1
vaulting,1
meaning,1
posters,1
wrinkle,1
relaunch,1
happier,1
narrative,1
dismal,1
contributions,1
languages,1
humored,1
dramatically,1
engineered,1
bounding,1
posture,1
steinway,1
fretted,1
dealt,1
melodies,1
politicking,1
traveling,1
sciatica,1
makers,1
folk,1
compat,1
hourly,1
showcase,1
attire,1
refilled,1
degree,1
freshening,1
explore,1
settling,1
shades,1
armpit,1
treehouse,1
reds,1
slinging,1
spy,1
duck,1
apply,1
lottery,1
germ,1
gery,1
steadfastly,1
penis,1
women,1
topic,1
fraternize,1
panted,1
duster,1
strategically,1
accrued,1
tal,1
recklessly,1
perma,1
tak,1
united,1
stewardship,1
slamming,1
struggled,1
panic,1
sin,1
tension,1
attend,1
masks,1
discomfort,1
wrist,1
gargoyles,1
sculptures,1
interrupted,1
budge,1
mcgill,1
deprecating,1
interpreted,1
argumentative,1
redhead,1
gles,1
violating,1
richness,1
oranges,1
bleary,1
articles,1
decommissioned,1
fiddle,1
pitying,1
88,1
remove,1
80,1
cocktail,1
sentiment,1
frontier,1
cerebral,1
chaos,1
autopilot,1
yore,1
repairing,1
manicured,1
tipped,1
obscurity,1
listless,1
microcircuitry,1
probation,1
kidding,1
accent,1
capac,1
4ay_,1
ticklish,1
seminars,1
slides,1
reflecting,1
july,1
wanly,1
boring,1
screeching,1
cogitated,1
tender,1
faux,1
pallor,1
afraid,1
supplanted,1
ahold,1
alienating,1
patchy,1
twittering,1
cracking,1
ploring,1
dent,1
diagnostics,1
swarming,1
spindly,1
fear,1
mugs,1
clutching,1
storyboarded,1
operational,1
2bl,1
approv,1
dope,1
penetrate,1
married,1
cleavage,1
shedding,1
ebb,1
despoiler,1
module,1
junks,1
invulnerable,1
7dl,1
genius,1
ular,1
frustrated,1
oldsters,1
jos,1
ability,1
pumped,1
takeover,1
commands,1
chrissakes,1
unclear,1
shoving,1
bbl,1
literal,1
howdoyou,1
bewildering,1
penny,1
jaded,1
readied,1
irate,1
hovering,1
cutter,1
dumbly,1
motif,1
ringing,1
tenured,1
halt,1
brandished,1
education,1
merciful,1
inci,1
privileged,1
grandeur,1
convocation,1
outcast,1
recriminations,1
collar,1
warming,1
dible,1
enamored,1
banded,1
banging,1
theses,1
camphor,1
undertaken,1
routinely,1
cried,1
gyrations,1
identically,1
cloaks,1
cries,1
happiness,1
sky,1
tawny,1
usage,1
knot,1
chutzpah,1
helpful,1
stovepipe,1
demeanor,1
growth,1
markers,1
honked,1
leav,1
noose,1
leader,1
scrutable,1
skele,1
locate,1
hitchhiking,1
paste,1
recrimi,1
urgen,1
urged,1
monthly,1
swear,1
perky,1
urges,1
polished,1
weather,1
significantly,1
platoon,1
vac,1
smoothing,1
powdered,1
uncontrollable,1
nassau,1
catching,1
ruling,1
cake,1
farewell,1
stirring,1
overhauled,1
et,1
champion,1
incredible,1
repute,1
gling,1
incredibly,1
pantomime,1
lance,1
junk,1
kinds,1
spiels,1
squeak,1
squeal,1
grandiosity,1
sleeves,1
irony,1
